{
  "type": "FeatureCollection",
  "features": [
    {
      "type": "Feature",
      "geometry": {
        "type": "LineString",
        "coordinates": [
          [
            15.105014361,
            65.814875757
          ],
          [
            15.106067002,
            65.814763982
          ],
          [
            15.106617254,
            65.814631967
          ],
          [
            15.108258252,
            65.814594613
          ],
          [
            15.109175803,
            65.814625699
          ],
          [
            15.110481819,
            65.814846886
          ],
          [
            15.112037545,
            65.814728387
          ],
          [
            15.113087496,
            65.814715206
          ],
          [
            15.11402957,
            65.814647719
          ],
          [
            15.115274607,
            65.814698186
          ],
          [
            15.116931223,
            65.814893993
          ],
          [
            15.117712097,
            65.81513069
          ],
          [
            15.118208508,
            65.815375074
          ],
          [
            15.118546607,
            65.815816055
          ],
          [
            15.119906173,
            65.8164948
          ],
          [
            15.119999969,
            65.81707818
          ],
          [
            15.119833523,
            65.817579675
          ],
          [
            15.119344093,
            65.817891382
          ],
          [
            15.117847097,
            65.818261341
          ],
          [
            15.117449414,
            65.818412019
          ],
          [
            15.115454683,
            65.819398549
          ],
          [
            15.114785163,
            65.81989777
          ],
          [
            15.114152124,
            65.82066621
          ],
          [
            15.112664552,
            65.820677418
          ],
          [
            15.110241518,
            65.821312165
          ],
          [
            15.109065684,
            65.821925651
          ],
          [
            15.108158075,
            65.822325105
          ],
          [
            15.107302904,
            65.823209097
          ],
          [
            15.106324039,
            65.826227049
          ],
          [
            15.105244071,
            65.827325249
          ],
          [
            15.103602345,
            65.828160778
          ],
          [
            15.103266872,
            65.828428297
          ],
          [
            15.103015217,
            65.828830729
          ],
          [
            15.102966636,
            65.829808084
          ],
          [
            15.104254021,
            65.832343137
          ],
          [
            15.10239914,
            65.834558841
          ],
          [
            15.095658056,
            65.835937158
          ],
          [
            15.096050055,
            65.842696221
          ],
          [
            15.097327161,
            65.845852124
          ],
          [
            15.097271255,
            65.84788039
          ],
          [
            15.097397156,
            65.848315013
          ],
          [
            15.097080828,
            65.848875115
          ],
          [
            15.097210375,
            65.850130825
          ],
          [
            15.096945068,
            65.852441357
          ],
          [
            15.095478051,
            65.856892956
          ],
          [
            15.095525473,
            65.85760872
          ],
          [
            15.095814877,
            65.858241432
          ],
          [
            15.096466454,
            65.858441759
          ],
          [
            15.096547869,
            65.85866635
          ],
          [
            15.096249875,
            65.860649609
          ],
          [
            15.096113368,
            65.860915453
          ],
          [
            15.095692993,
            65.861065971
          ],
          [
            15.096093823,
            65.861178076
          ],
          [
            15.096146767,
            65.861292288
          ],
          [
            15.096469871,
            65.861491093
          ],
          [
            15.098298411,
            65.8619121
          ],
          [
            15.103025812,
            65.862875552
          ],
          [
            15.117538901,
            65.869031064
          ],
          [
            15.122487021,
            65.869854564
          ],
          [
            15.130757624,
            65.871919266
          ],
          [
            15.142344802,
            65.876107079
          ],
          [
            15.146835541,
            65.878803472
          ],
          [
            15.148547159,
            65.881650086
          ],
          [
            15.153379428,
            65.884030667
          ],
          [
            15.155230262,
            65.884808897
          ],
          [
            15.157483726,
            65.885029646
          ],
          [
            15.160147751,
            65.885593217
          ],
          [
            15.173819267,
            65.886136898
          ],
          [
            15.180978404,
            65.885355019
          ],
          [
            15.187744405,
            65.884408981
          ],
          [
            15.2068592,
            65.88115886
          ],
          [
            15.209644525,
            65.880764109
          ],
          [
            15.211834947,
            65.880367004
          ],
          [
            15.233293725,
            65.878420609
          ],
          [
            15.237462543,
            65.878192757
          ],
          [
            15.254561468,
            65.87598381
          ],
          [
            15.263299488,
            65.875284895
          ],
          [
            15.269644719,
            65.875226101
          ],
          [
            15.276596333,
            65.874601293
          ],
          [
            15.279573118,
            65.874449301
          ],
          [
            15.287054875,
            65.874415903
          ],
          [
            15.28978735,
            65.873680753
          ],
          [
            15.295299939,
            65.871995227
          ],
          [
            15.302329008,
            65.870045443
          ],
          [
            15.307499329,
            65.868977174
          ],
          [
            15.309386608,
            65.868830837
          ],
          [
            15.31287799,
            65.868447501
          ],
          [
            15.318448682,
            65.868178332
          ],
          [
            15.326702175,
            65.867200093
          ],
          [
            15.33061884,
            65.868783425
          ],
          [
            15.343418839,
            65.874800088
          ],
          [
            15.344252172,
            65.875183421
          ],
          [
            15.345852172,
            65.875800087
          ],
          [
            15.348952171,
            65.87683342
          ],
          [
            15.353802172,
            65.878183418
          ],
          [
            15.361035502,
            65.880383417
          ],
          [
            15.387202164,
            65.889016744
          ],
          [
            15.392152163,
            65.890866742
          ],
          [
            15.39406883,
            65.892000075
          ],
          [
            15.395502163,
            65.892150075
          ],
          [
            15.39556883,
            65.892416741
          ],
          [
            15.39556883,
            65.892383407
          ],
          [
            15.396985495,
            65.892166741
          ],
          [
            15.396649462,
            65.89262747
          ],
          [
            15.402983227,
            65.895857378
          ],
          [
            15.408619102,
            65.896675363
          ],
          [
            15.415464962,
            65.89870115
          ],
          [
            15.423784163,
            65.900830717
          ],
          [
            15.435581539,
            65.900357602
          ],
          [
            15.443678592,
            65.900979398
          ],
          [
            15.452437665,
            65.902753322
          ],
          [
            15.452736309,
            65.902858088
          ],
          [
            15.453842142,
            65.903544414
          ],
          [
            15.456593003,
            65.906285839
          ],
          [
            15.459077919,
            65.9081149
          ],
          [
            15.460746496,
            65.908460556
          ],
          [
            15.462892006,
            65.908676885
          ],
          [
            15.46339837,
            65.909738963
          ],
          [
            15.464301502,
            65.91098909
          ],
          [
            15.466736032,
            65.911566051
          ],
          [
            15.468856428,
            65.913649414
          ],
          [
            15.470937559,
            65.913344933
          ],
          [
            15.472174457,
            65.914683019
          ],
          [
            15.475021286,
            65.914716943
          ],
          [
            15.477082783,
            65.91518165
          ],
          [
            15.479058746,
            65.91579434
          ],
          [
            15.479589052,
            65.917960778
          ],
          [
            15.484853795,
            65.920820972
          ],
          [
            15.488458225,
            65.922651887
          ],
          [
            15.492345007,
            65.924255365
          ],
          [
            15.492046403,
            65.925850243
          ],
          [
            15.494527426,
            65.92836249
          ],
          [
            15.496463109,
            65.929847928
          ],
          [
            15.500885269,
            65.933503603
          ],
          [
            15.500591168,
            65.934756614
          ],
          [
            15.499190611,
            65.935152693
          ],
          [
            15.498061634,
            65.936176103
          ],
          [
            15.498884101,
            65.937431344
          ],
          [
            15.499419259,
            65.939369787
          ],
          [
            15.497152602,
            65.942100362
          ],
          [
            15.496301102,
            65.943238278
          ],
          [
            15.496843071,
            65.944606927
          ],
          [
            15.494300549,
            65.946995014
          ],
          [
            15.492885972,
            65.948473658
          ],
          [
            15.494525717,
            65.951440029
          ],
          [
            15.4956071,
            65.954405255
          ],
          [
            15.497237902,
            65.958169317
          ],
          [
            15.495528224,
            65.960900981
          ],
          [
            15.493264818,
            65.963175649
          ],
          [
            15.488467901,
            65.966869607
          ],
          [
            15.485076631,
            65.969825598
          ],
          [
            15.486705436,
            65.973703723
          ],
          [
            15.489746957,
            65.976445113
          ],
          [
            15.494174807,
            65.980214922
          ],
          [
            15.495539816,
            65.982952785
          ],
          [
            15.494394667,
            65.985115757
          ],
          [
            15.495473294,
            65.98842285
          ],
          [
            15.495741138,
            65.988677247
          ],
          [
            15.496252182,
            65.988816689
          ],
          [
            15.496552183,
            65.988633356
          ],
          [
            15.498718848,
            65.988366689
          ],
          [
            15.500852182,
            65.988483355
          ],
          [
            15.502918847,
            65.988750022
          ],
          [
            15.504968846,
            65.988450021
          ],
          [
            15.506968845,
            65.988100021
          ],
          [
            15.509002178,
            65.987850022
          ],
          [
            15.51143551,
            65.987850021
          ],
          [
            15.513635508,
            65.98795002
          ],
          [
            15.51586884,
            65.987900021
          ],
          [
            15.517835505,
            65.987566687
          ],
          [
            15.519968837,
            65.987133354
          ],
          [
            15.522168837,
            65.986816686
          ],
          [
            15.524518835,
            65.98665002
          ],
          [
            15.526602169,
            65.986933353
          ],
          [
            15.528635502,
            65.987283353
          ],
          [
            15.531035501,
            65.987366685
          ],
          [
            15.533252166,
            65.987183352
          ],
          [
            15.535268831,
            65.986800019
          ],
          [
            15.539885496,
            65.986816685
          ],
          [
            15.542052162,
            65.986533352
          ],
          [
            15.544102161,
            65.986983351
          ],
          [
            15.545868827,
            65.987483351
          ],
          [
            15.548168827,
            65.987433351
          ],
          [
            15.550502157,
            65.987516683
          ],
          [
            15.552702157,
            65.98743335
          ],
          [
            15.554552156,
            65.986866684
          ],
          [
            15.55901882,
            65.986666683
          ],
          [
            15.561168819,
            65.986250017
          ],
          [
            15.562985486,
            65.985750016
          ],
          [
            15.565368816,
            65.98418335
          ],
          [
            15.566668816,
            65.983466683
          ],
          [
            15.568368815,
            65.982866684
          ],
          [
            15.570535479,
            65.982566684
          ],
          [
            15.575152143,
            65.982466683
          ],
          [
            15.577302144,
            65.982233349
          ],
          [
            15.584668804,
            65.979966683
          ],
          [
            15.586868803,
            65.979700017
          ],
          [
            15.588485469,
            65.978016683
          ],
          [
            15.590252134,
            65.977466683
          ],
          [
            15.5935188,
            65.976216684
          ],
          [
            15.59540213,
            65.975766684
          ],
          [
            15.597735462,
            65.975633351
          ],
          [
            15.599902128,
            65.975566684
          ],
          [
            15.602118795,
            65.97533335
          ],
          [
            15.603968793,
            65.97483335
          ],
          [
            15.605735459,
            65.974250017
          ],
          [
            15.607702124,
            65.97373335
          ],
          [
            15.609752123,
            65.97328335
          ],
          [
            15.611852122,
            65.97333335
          ],
          [
            15.613552122,
            65.974116682
          ],
          [
            15.617435453,
            65.975133349
          ],
          [
            15.618985453,
            65.975750014
          ],
          [
            15.625852119,
            65.977000014
          ],
          [
            15.62758545,
            65.97751668
          ],
          [
            15.629668784,
            65.977766679
          ],
          [
            15.634118781,
            65.977933345
          ],
          [
            15.638352114,
            65.977266679
          ],
          [
            15.640602111,
            65.976983345
          ],
          [
            15.642968777,
            65.976916678
          ],
          [
            15.645085443,
            65.976783345
          ],
          [
            15.647152108,
            65.976483345
          ],
          [
            15.649402108,
            65.976600012
          ],
          [
            15.651502106,
            65.976250011
          ],
          [
            15.653118772,
            65.975633345
          ],
          [
            15.654835437,
            65.975083344
          ],
          [
            15.656552102,
            65.974450012
          ],
          [
            15.658118769,
            65.973783345
          ],
          [
            15.659568767,
            65.973066678
          ],
          [
            15.661568767,
            65.972716679
          ],
          [
            15.6639021,
            65.972516679
          ],
          [
            15.666302098,
            65.972566678
          ],
          [
            15.670868763,
            65.972800011
          ],
          [
            15.672668762,
            65.973300011
          ],
          [
            15.674735427,
            65.97360001
          ],
          [
            15.676802095,
            65.97400001
          ],
          [
            15.679935427,
            65.975300009
          ],
          [
            15.684368758,
            65.975983341
          ],
          [
            15.686568757,
            65.976233341
          ],
          [
            15.688668756,
            65.976600007
          ],
          [
            15.690935422,
            65.976750007
          ],
          [
            15.695452086,
            65.976566673
          ],
          [
            15.697818753,
            65.976566673
          ],
          [
            15.700085418,
            65.976683339
          ],
          [
            15.702202084,
            65.977050006
          ],
          [
            15.704435416,
            65.977333339
          ],
          [
            15.706602083,
            65.977316672
          ],
          [
            15.708718748,
            65.977100005
          ],
          [
            15.711052081,
            65.977216672
          ],
          [
            15.713385414,
            65.977200004
          ],
          [
            15.715535411,
            65.976966671
          ],
          [
            15.720002077,
            65.977283337
          ],
          [
            15.722352076,
            65.97711667
          ],
          [
            15.724568741,
            65.97711667
          ],
          [
            15.726702073,
            65.977333337
          ],
          [
            15.729002073,
            65.977150003
          ],
          [
            15.733268738,
            65.976583336
          ],
          [
            15.735235402,
            65.976033336
          ],
          [
            15.737268735,
            65.975550003
          ],
          [
            15.739368734,
            65.975333336
          ],
          [
            15.7416854,
            65.975466669
          ],
          [
            15.743935398,
            65.975433336
          ],
          [
            15.745835398,
            65.974966669
          ],
          [
            15.748102062,
            65.974683336
          ],
          [
            15.750168728,
            65.974683335
          ],
          [
            15.751952061,
            65.974516668
          ],
          [
            15.758068724,
            65.973550002
          ],
          [
            15.759968723,
            65.973116668
          ],
          [
            15.762135389,
            65.973150002
          ],
          [
            15.764368722,
            65.973033335
          ],
          [
            15.768618718,
            65.972350001
          ],
          [
            15.774985383,
            65.971433334
          ],
          [
            15.776952047,
            65.971000001
          ],
          [
            15.779052046,
            65.970833334
          ],
          [
            15.781068711,
            65.970466667
          ],
          [
            15.78331871,
            65.970216667
          ],
          [
            15.785185376,
            65.969750001
          ],
          [
            15.787135377,
            65.969333334
          ],
          [
            15.790368706,
            65.968033334
          ],
          [
            15.792485372,
            65.968033334
          ],
          [
            15.794402731,
            65.967848702
          ],
          [
            15.79646869,
            65.967268643
          ],
          [
            15.797118702,
            65.966666668
          ],
          [
            15.797068703,
            65.966066667
          ],
          [
            15.796652034,
            65.964766668
          ],
          [
            15.796868702,
            65.964150002
          ],
          [
            15.796635367,
            65.963416669
          ],
          [
            15.796218701,
            65.962700003
          ],
          [
            15.796652034,
            65.962100003
          ],
          [
            15.798102034,
            65.961633337
          ],
          [
            15.800268698,
            65.96066667
          ],
          [
            15.801768696,
            65.96011667
          ],
          [
            15.803668696,
            65.959850003
          ],
          [
            15.808118695,
            65.95891667
          ],
          [
            15.811985358,
            65.958583336
          ],
          [
            15.813885358,
            65.958550003
          ],
          [
            15.81576869,
            65.958633336
          ],
          [
            15.817202023,
            65.958616669
          ],
          [
            15.820218688,
            65.958683336
          ],
          [
            15.822468686,
            65.958550002
          ],
          [
            15.823885354,
            65.958250002
          ],
          [
            15.825352019,
            65.957866669
          ],
          [
            15.832435348,
            65.956416668
          ],
          [
            15.834202015,
            65.956233335
          ],
          [
            15.846835341,
            65.956016667
          ],
          [
            15.85416867,
            65.955550001
          ],
          [
            15.861702002,
            65.955349999
          ],
          [
            15.877201995,
            65.956033331
          ],
          [
            15.884697132,
            65.954743177
          ],
          [
            15.892225263,
            65.950939339
          ],
          [
            15.893796435,
            65.950560116
          ],
          [
            15.89556865,
            65.950049999
          ],
          [
            15.901168646,
            65.9462
          ],
          [
            15.904901977,
            65.944916667
          ],
          [
            15.90623531,
            65.9443
          ],
          [
            15.907968641,
            65.943083334
          ],
          [
            15.909585307,
            65.942550001
          ],
          [
            15.911968637,
            65.940383335
          ],
          [
            15.914185303,
            65.938683335
          ],
          [
            15.9155853,
            65.936700003
          ],
          [
            15.915668634,
            65.935950003
          ],
          [
            15.9155853,
            65.935333336
          ],
          [
            15.9164853,
            65.93451667
          ],
          [
            15.918001966,
            65.93391667
          ],
          [
            15.919035296,
            65.933100004
          ],
          [
            15.920485297,
            65.932250004
          ],
          [
            15.930051956,
            65.929233338
          ],
          [
            15.93661862,
            65.926700005
          ],
          [
            15.93771862,
            65.926450005
          ],
          [
            15.940801949,
            65.926050005
          ],
          [
            15.948485281,
            65.926333338
          ],
          [
            15.949701946,
            65.924266671
          ],
          [
            15.950651944,
            65.923833338
          ],
          [
            15.951985278,
            65.923333339
          ],
          [
            15.953951942,
            65.922850005
          ],
          [
            15.958568608,
            65.923400004
          ],
          [
            15.96145194,
            65.924016671
          ],
          [
            15.961385273,
            65.924016671
          ],
          [
            15.963068606,
            65.924100004
          ],
          [
            15.964185273,
            65.92396667
          ],
          [
            15.966835272,
            65.923333337
          ],
          [
            15.967618603,
            65.923066671
          ],
          [
            15.968551938,
            65.92306667
          ],
          [
            15.973851934,
            65.923750003
          ],
          [
            15.974751934,
            65.923750003
          ],
          [
            15.982168597,
            65.923250002
          ],
          [
            15.988501929,
            65.923100002
          ],
          [
            15.995168592,
            65.922783335
          ],
          [
            15.999351922,
            65.922050001
          ],
          [
            16.000351922,
            65.921783335
          ],
          [
            16.003551919,
            65.920383335
          ],
          [
            16.004435253,
            65.920083335
          ],
          [
            16.006635252,
            65.920000002
          ],
          [
            16.010651917,
            65.920033334
          ],
          [
            16.01223525,
            65.920133334
          ],
          [
            16.014201915,
            65.920366667
          ],
          [
            16.016235248,
            65.920733333
          ],
          [
            16.02231858,
            65.922316666
          ],
          [
            16.024351911,
            65.922766666
          ],
          [
            16.031401909,
            65.924466664
          ],
          [
            16.033368576,
            65.924616664
          ],
          [
            16.035251908,
            65.924716664
          ],
          [
            16.036801909,
            65.924649997
          ],
          [
            16.044701904,
            65.923149769
          ],
          [
            16.04776857,
            65.92398333
          ],
          [
            16.057751899,
            65.926183328
          ],
          [
            16.065268564,
            65.92716666
          ],
          [
            16.069985229,
            65.927833326
          ],
          [
            16.072785227,
            65.928483325
          ],
          [
            16.074385227,
            65.928999992
          ],
          [
            16.077535225,
            65.930199991
          ],
          [
            16.080718559,
            65.931633324
          ],
          [
            16.084018558,
            65.933416656
          ],
          [
            16.085735224,
            65.933533322
          ],
          [
            16.086218557,
            65.933666655
          ],
          [
            16.088801891,
            65.934616655
          ],
          [
            16.090718557,
            65.936366654
          ],
          [
            16.094278361,
            65.94138822
          ],
          [
            16.09464583,
            65.94159635
          ],
          [
            16.094278361,
            65.94138822
          ],
          [
            16.09464583,
            65.94159635
          ],
          [
            16.095185225,
            65.942683318
          ],
          [
            16.098551891,
            65.943183317
          ],
          [
            16.100185222,
            65.94376665
          ],
          [
            16.104585222,
            65.943799983
          ],
          [
            16.106801888,
            65.944249982
          ],
          [
            16.108535221,
            65.944816648
          ],
          [
            16.109451887,
            65.945649981
          ],
          [
            16.112001887,
            65.947016647
          ],
          [
            16.11413522,
            65.947166647
          ],
          [
            16.116218552,
            65.946949981
          ],
          [
            16.119818549,
            65.946033313
          ],
          [
            16.121218548,
            65.945366648
          ],
          [
            16.122935214,
            65.944883314
          ],
          [
            16.126018546,
            65.943683314
          ],
          [
            16.127701878,
            65.943099981
          ],
          [
            16.12848521,
            65.942216649
          ],
          [
            16.130318542,
            65.941899981
          ],
          [
            16.131918542,
            65.941349982
          ],
          [
            16.133785208,
            65.941199982
          ],
          [
            16.13571854,
            65.941533314
          ],
          [
            16.137285207,
            65.941699981
          ],
          [
            16.139418538,
            65.941699981
          ],
          [
            16.141668538,
            65.941616648
          ],
          [
            16.143468536,
            65.941083314
          ],
          [
            16.145418535,
            65.940649981
          ],
          [
            16.147635201,
            65.940633314
          ],
          [
            16.149618532,
            65.940366648
          ],
          [
            16.151335199,
            65.940883313
          ],
          [
            16.152868532,
            65.94064998
          ],
          [
            16.155118532,
            65.940783313
          ],
          [
            16.157301864,
            65.941116646
          ],
          [
            16.15976853,
            65.941383313
          ],
          [
            16.162068528,
            65.941483312
          ],
          [
            16.164318528,
            65.941699979
          ],
          [
            16.173118524,
            65.942266645
          ],
          [
            16.175518523,
            65.942233311
          ],
          [
            16.177801855,
            65.942266644
          ],
          [
            16.181401854,
            65.943249976
          ],
          [
            16.185601853,
            65.943349976
          ],
          [
            16.187135185,
            65.943716643
          ],
          [
            16.189318518,
            65.944066642
          ],
          [
            16.193285184,
            65.945049974
          ],
          [
            16.195035183,
            65.945349975
          ],
          [
            16.196235182,
            65.945966641
          ],
          [
            16.196818515,
            65.946799974
          ],
          [
            16.197768514,
            65.94761664
          ],
          [
            16.198385182,
            65.948499973
          ],
          [
            16.198835182,
            65.949383306
          ],
          [
            16.199918517,
            65.950266639
          ],
          [
            16.201268515,
            65.950999972
          ],
          [
            16.202568515,
            65.951849972
          ],
          [
            16.190351858,
            65.961116635
          ],
          [
            16.19040186,
            65.961499968
          ],
          [
            16.18980186,
            65.962316634
          ],
          [
            16.18975186,
            65.963016634
          ],
          [
            16.189451859,
            65.963666634
          ],
          [
            16.189768528,
            65.964449967
          ],
          [
            16.190751859,
            65.965233299
          ],
          [
            16.191318527,
            65.9661333
          ],
          [
            16.190718529,
            65.967049965
          ],
          [
            16.188985196,
            65.967499965
          ],
          [
            16.187001863,
            65.967233299
          ],
          [
            16.18491853,
            65.967349966
          ],
          [
            16.183351866,
            65.967849965
          ],
          [
            16.181818533,
            65.968433299
          ],
          [
            16.179801868,
            65.968783299
          ],
          [
            16.177668534,
            65.968866632
          ],
          [
            16.175485202,
            65.969149966
          ],
          [
            16.171451871,
            65.969983299
          ],
          [
            16.169651872,
            65.970499966
          ],
          [
            16.167901874,
            65.971083299
          ],
          [
            16.163468542,
            65.971766632
          ],
          [
            16.159301879,
            65.973866632
          ],
          [
            16.158768547,
            65.974749965
          ],
          [
            16.157518547,
            65.975499964
          ],
          [
            16.157235215,
            65.976399964
          ],
          [
            16.159801881,
            65.977949963
          ],
          [
            16.159885214,
            65.978866629
          ],
          [
            16.158801882,
            65.979699963
          ],
          [
            16.159151882,
            65.980499962
          ],
          [
            16.158451883,
            65.981199962
          ],
          [
            16.156135218,
            65.982733295
          ],
          [
            16.154651885,
            65.983433295
          ],
          [
            16.152868554,
            65.983999961
          ],
          [
            16.149901888,
            65.985383294
          ],
          [
            16.147435224,
            65.986916627
          ],
          [
            16.146835225,
            65.98779996
          ],
          [
            16.145318559,
            65.988416626
          ],
          [
            16.14346856,
            65.988866626
          ],
          [
            16.141451895,
            65.989266626
          ],
          [
            16.138851896,
            65.990766626
          ],
          [
            16.137351898,
            65.991466626
          ],
          [
            16.134318567,
            65.992783293
          ],
          [
            16.132451901,
            65.993299958
          ],
          [
            16.131651902,
            65.994116625
          ],
          [
            16.129385237,
            65.995599958
          ],
          [
            16.128385238,
            65.996433291
          ],
          [
            16.127351904,
            65.997149957
          ],
          [
            16.126851905,
            65.99803329
          ],
          [
            16.125951906,
            65.998816624
          ],
          [
            16.125268575,
            66.00068329
          ],
          [
            16.124485242,
            66.001466622
          ],
          [
            16.123968575,
            66.002333289
          ],
          [
            16.12465191,
            66.003216621
          ],
          [
            16.124635244,
            66.005133288
          ],
          [
            16.121885245,
            66.006616621
          ],
          [
            16.121668579,
            66.007433287
          ],
          [
            16.121651914,
            66.00826662
          ],
          [
            16.119335249,
            66.009899953
          ],
          [
            16.118451917,
            66.010716619
          ],
          [
            16.11908525,
            66.011516619
          ],
          [
            16.120585249,
            66.012216618
          ],
          [
            16.122285248,
            66.012849951
          ],
          [
            16.126451915,
            66.015133283
          ],
          [
            16.127701914,
            66.015899949
          ],
          [
            16.129785247,
            66.017516615
          ],
          [
            16.129618582,
            66.018433281
          ],
          [
            16.126985251,
            66.022033279
          ],
          [
            16.126185252,
            66.022933279
          ],
          [
            16.120551924,
            66.027116611
          ],
          [
            16.118418592,
            66.028816611
          ],
          [
            16.111385266,
            66.035899942
          ],
          [
            16.109001935,
            66.039533273
          ],
          [
            16.106168606,
            66.045166604
          ],
          [
            16.104351942,
            66.049933268
          ],
          [
            16.103701944,
            66.050883268
          ],
          [
            16.10291861,
            66.051666602
          ],
          [
            16.099151946,
            66.052849935
          ],
          [
            16.097635281,
            66.053516601
          ],
          [
            16.094701951,
            66.054949934
          ],
          [
            16.093485284,
            66.055766601
          ],
          [
            16.090235288,
            66.058283266
          ],
          [
            16.089285287,
            66.059133266
          ],
          [
            16.086951958,
            66.061783265
          ],
          [
            16.074735301,
            66.072016595
          ],
          [
            16.056385317,
            66.083366591
          ],
          [
            16.05233532,
            66.086749923
          ],
          [
            16.051568654,
            66.087683256
          ],
          [
            16.050268657,
            66.089549922
          ],
          [
            16.04995199,
            66.090483255
          ],
          [
            16.05115199,
            66.092283254
          ],
          [
            16.052035324,
            66.093166587
          ],
          [
            16.05320199,
            66.093983253
          ],
          [
            16.060751988,
            66.09748325
          ],
          [
            16.062135322,
            66.098233251
          ],
          [
            16.063685322,
            66.098916583
          ],
          [
            16.065368654,
            66.099499916
          ],
          [
            16.069735319,
            66.100183248
          ],
          [
            16.071968651,
            66.100449915
          ],
          [
            16.074218651,
            66.100599915
          ],
          [
            16.076351983,
            66.100399915
          ],
          [
            16.078451981,
            66.100016581
          ],
          [
            16.079968647,
            66.099299915
          ],
          [
            16.08000198,
            66.098383249
          ],
          [
            16.080968646,
            66.097549915
          ],
          [
            16.082101979,
            66.096783249
          ],
          [
            16.08388531,
            66.096366582
          ],
          [
            16.086118642,
            66.096533248
          ],
          [
            16.088218642,
            66.096799915
          ],
          [
            16.090451974,
            66.096899915
          ],
          [
            16.092785306,
            66.096866582
          ],
          [
            16.094968637,
            66.096933248
          ],
          [
            16.097418637,
            66.096833248
          ],
          [
            16.099568637,
            66.096599914
          ],
          [
            16.101651968,
            66.096149914
          ],
          [
            16.103268634,
            66.095466581
          ],
          [
            16.105168632,
            66.095083248
          ],
          [
            16.107285298,
            66.094999914
          ],
          [
            16.109418632,
            66.095149914
          ],
          [
            16.111651963,
            66.095083247
          ],
          [
            16.113901961,
            66.094883247
          ],
          [
            16.116135295,
            66.09481658
          ],
          [
            16.118168626,
            66.094649914
          ],
          [
            16.120535292,
            66.09571658
          ],
          [
            16.120668625,
            66.095433246
          ],
          [
            16.12353529,
            66.094183247
          ],
          [
            16.124418622,
            66.093583247
          ],
          [
            16.125835288,
            66.092866581
          ],
          [
            16.128301954,
            66.091316581
          ],
          [
            16.130151952,
            66.090833247
          ],
          [
            16.131868618,
            66.090266581
          ],
          [
            16.133185283,
            66.089499915
          ],
          [
            16.134785281,
            66.088866581
          ],
          [
            16.138251947,
            66.087716582
          ],
          [
            16.140118613,
            66.087283249
          ],
          [
            16.141801943,
            66.086649915
          ],
          [
            16.143401943,
            66.085983249
          ],
          [
            16.144585276,
            66.085166583
          ],
          [
            16.147518607,
            66.08378325
          ],
          [
            16.149501939,
            66.083366583
          ],
          [
            16.153068604,
            66.082249916
          ],
          [
            16.157751933,
            66.080216584
          ],
          [
            16.159568599,
            66.079599917
          ],
          [
            16.161068599,
            66.078849917
          ],
          [
            16.163451929,
            66.077283251
          ],
          [
            16.162983763,
            66.077600918
          ],
          [
            16.164818594,
            66.077283251
          ],
          [
            16.166451927,
            66.076699918
          ],
          [
            16.168551926,
            66.076733252
          ],
          [
            16.170435258,
            66.076499918
          ],
          [
            16.17166859,
            66.075766585
          ],
          [
            16.173435256,
            66.075233252
          ],
          [
            16.175535256,
            66.075083251
          ],
          [
            16.177268588,
            66.074633251
          ],
          [
            16.179418586,
            66.074316585
          ],
          [
            16.181501918,
            66.073949918
          ],
          [
            16.183318584,
            66.073466585
          ],
          [
            16.185468583,
            66.073249918
          ],
          [
            16.18758525,
            66.073199918
          ],
          [
            16.189768582,
            66.073033251
          ],
          [
            16.191835247,
            66.073133251
          ],
          [
            16.194035245,
            66.073016584
          ],
          [
            16.196068577,
            66.072599917
          ],
          [
            16.198218577,
            66.072416584
          ],
          [
            16.199485243,
            66.072866583
          ],
          [
            16.201318576,
            66.073316583
          ],
          [
            16.204101909,
            66.074716583
          ],
          [
            16.204535243,
            66.075599915
          ],
          [
            16.204551908,
            66.076499915
          ],
          [
            16.205535243,
            66.077266581
          ],
          [
            16.207551908,
            66.077566581
          ],
          [
            16.211901907,
            66.077049914
          ],
          [
            16.216301903,
            66.07696658
          ],
          [
            16.218318571,
            66.07726658
          ],
          [
            16.220135235,
            66.07671658
          ],
          [
            16.222201901,
            66.076399914
          ],
          [
            16.224418566,
            66.076183247
          ],
          [
            16.226701898,
            66.07626658
          ],
          [
            16.23024008,
            66.076289729
          ],
          [
            16.231713485,
            66.076797843
          ],
          [
            16.237937037,
            66.077709082
          ],
          [
            16.2444435,
            66.077068223
          ],
          [
            16.248671215,
            66.0776787
          ],
          [
            16.254805019,
            66.077661003
          ],
          [
            16.260583239,
            66.07920044
          ],
          [
            16.267901435,
            66.081046332
          ],
          [
            16.272865819,
            66.079941979
          ],
          [
            16.279538886,
            66.080206585
          ],
          [
            16.279970543,
            66.080182908
          ],
          [
            16.284597881,
            66.08263715
          ],
          [
            16.2933952,
            66.086551995
          ],
          [
            16.301350942,
            66.089974912
          ],
          [
            16.304378529,
            66.093106771
          ],
          [
            16.30865242,
            66.096560379
          ],
          [
            16.320148546,
            66.104937711
          ],
          [
            16.326875957,
            66.108203678
          ],
          [
            16.332375927,
            66.111479951
          ],
          [
            16.327756989,
            66.109595576
          ],
          [
            16.328412184,
            66.109871512
          ],
          [
            16.328939342,
            66.110035925
          ],
          [
            16.329639006,
            66.110311482
          ],
          [
            16.33048778,
            66.110604524
          ],
          [
            16.332960534,
            66.111315304
          ],
          [
            16.335137404,
            66.112032352
          ],
          [
            16.336571065,
            66.112526797
          ],
          [
            16.337535823,
            66.112908897
          ],
          [
            16.33816556,
            66.1132601
          ],
          [
            16.339733689,
            66.113843452
          ],
          [
            16.340475565,
            66.114212454
          ],
          [
            16.341267317,
            66.114648588
          ],
          [
            16.342027879,
            66.115370325
          ],
          [
            16.343097771,
            66.116160698
          ],
          [
            16.344058573,
            66.116463956
          ],
          [
            16.345542727,
            66.117029209
          ],
          [
            16.346974085,
            66.117471015
          ],
          [
            16.348140587,
            66.117982696
          ],
          [
            16.349022287,
            66.118538149
          ],
          [
            16.350592941,
            66.119331621
          ],
          [
            16.351810072,
            66.119921671
          ],
          [
            16.353513944,
            66.120912704
          ],
          [
            16.35422547,
            66.121256299
          ],
          [
            16.35501446,
            66.121702574
          ],
          [
            16.356237799,
            66.122444515
          ],
          [
            16.356710206,
            66.122962472
          ],
          [
            16.356938699,
            66.123077073
          ],
          [
            16.357096841,
            66.123221453
          ],
          [
            16.357110048,
            66.123345894
          ],
          [
            16.357405865,
            66.123740834
          ],
          [
            16.357591429,
            66.123908824
          ],
          [
            16.358590858,
            66.124496346
          ],
          [
            16.358687198,
            66.124707517
          ],
          [
            16.358713332,
            66.124829197
          ],
          [
            16.358783802,
            66.124923989
          ],
          [
            16.359012596,
            66.125033766
          ],
          [
            16.359212209,
            66.125168448
          ],
          [
            16.359342415,
            66.125289822
          ],
          [
            16.359894749,
            66.125701445
          ],
          [
            16.360053468,
            66.125864644
          ],
          [
            16.360145128,
            66.126058815
          ],
          [
            16.360007672,
            66.126409456
          ],
          [
            16.360007668,
            66.126525937
          ],
          [
            16.360106089,
            66.12684666
          ],
          [
            16.360045099,
            66.127224491
          ],
          [
            16.359843907,
            66.127902342
          ],
          [
            16.359638123,
            66.128377665
          ],
          [
            16.359604699,
            66.128686886
          ],
          [
            16.359909939,
            66.129484365
          ],
          [
            16.360043139,
            66.129754128
          ],
          [
            16.360286764,
            66.130567348
          ],
          [
            16.360317021,
            66.131015273
          ],
          [
            16.360616773,
            66.131359538
          ],
          [
            16.360696356,
            66.131561415
          ],
          [
            16.360839778,
            66.131671564
          ],
          [
            16.36102571,
            66.131875036
          ],
          [
            16.361128394,
            66.132157728
          ],
          [
            16.361148349,
            66.132296825
          ],
          [
            16.361059513,
            66.132505245
          ],
          [
            16.361060464,
            66.132639439
          ],
          [
            16.36096701,
            66.132878283
          ],
          [
            16.360684741,
            66.133209947
          ],
          [
            16.360678856,
            66.133799992
          ],
          [
            16.36057915,
            66.134038891
          ],
          [
            16.360393719,
            66.134311466
          ],
          [
            16.360263963,
            66.134573421
          ],
          [
            16.360272917,
            66.134856948
          ],
          [
            16.360244245,
            66.135138265
          ],
          [
            16.360437823,
            66.135250513
          ],
          [
            16.360724709,
            66.135470819
          ],
          [
            16.360876979,
            66.135745484
          ],
          [
            16.360948296,
            66.136025922
          ],
          [
            16.360988078,
            66.136767499
          ],
          [
            16.361666387,
            66.137756668
          ],
          [
            16.361761771,
            66.138019172
          ],
          [
            16.361930273,
            66.138359619
          ],
          [
            16.361965378,
            66.138604079
          ],
          [
            16.362288225,
            66.139090766
          ],
          [
            16.362251933,
            66.139438212
          ],
          [
            16.361981624,
            66.139725417
          ],
          [
            16.361718951,
            66.139950246
          ],
          [
            16.361645177,
            66.140213458
          ],
          [
            16.361661177,
            66.140511495
          ],
          [
            16.361823553,
            66.141489134
          ],
          [
            16.361359061,
            66.142254225
          ],
          [
            16.361083449,
            66.142852996
          ],
          [
            16.359779998,
            66.145396686
          ],
          [
            16.358801953,
            66.147247713
          ],
          [
            16.357589847,
            66.149452353
          ],
          [
            16.356646527,
            66.150519796
          ],
          [
            16.356213564,
            66.150852914
          ],
          [
            16.355964333,
            66.15112657
          ],
          [
            16.35583504,
            66.151381373
          ],
          [
            16.355546357,
            66.15173992
          ],
          [
            16.355264561,
            66.152227474
          ],
          [
            16.355155045,
            66.15264676
          ],
          [
            16.355092084,
            66.153114595
          ],
          [
            16.354847592,
            66.154300522
          ],
          [
            16.354757588,
            66.154879842
          ],
          [
            16.354287532,
            66.155960935
          ],
          [
            16.354328176,
            66.15672158
          ],
          [
            16.354404771,
            66.157125883
          ],
          [
            16.35426949,
            66.157269479
          ],
          [
            16.352926745,
            66.158073377
          ],
          [
            16.352462546,
            66.158442361
          ],
          [
            16.352225358,
            66.15873815
          ],
          [
            16.352050276,
            66.159166907
          ],
          [
            16.352049808,
            66.159776606
          ],
          [
            16.35187875,
            66.160280979
          ],
          [
            16.351536992,
            66.160884757
          ],
          [
            16.351301454,
            66.161211684
          ],
          [
            16.350811153,
            66.161505229
          ],
          [
            16.350409985,
            66.161820248
          ],
          [
            16.349318229,
            66.162799939
          ],
          [
            16.348997048,
            66.163172106
          ],
          [
            16.348807808,
            66.163543132
          ],
          [
            16.348804997,
            66.163903632
          ],
          [
            16.348699069,
            66.165426551
          ],
          [
            16.348527754,
            66.165721769
          ],
          [
            16.348078845,
            66.166175158
          ],
          [
            16.347983568,
            66.166865775
          ],
          [
            16.347689415,
            66.167126455
          ],
          [
            16.347543734,
            66.167283487
          ],
          [
            16.347549649,
            66.167394693
          ],
          [
            16.348240358,
            66.16817638
          ],
          [
            16.348833515,
            66.168571736
          ],
          [
            16.349305712,
            66.168968144
          ],
          [
            16.349886958,
            66.169345806
          ],
          [
            16.35060525,
            66.169611013
          ],
          [
            16.351052519,
            66.169745063
          ],
          [
            16.353084089,
            66.170083347
          ],
          [
            16.354309758,
            66.170370798
          ],
          [
            16.354658785,
            66.170519058
          ],
          [
            16.355683916,
            66.170759304
          ],
          [
            16.356088665,
            66.170920416
          ],
          [
            16.356559153,
            66.171076509
          ],
          [
            16.356946956,
            66.17112651
          ],
          [
            16.357388303,
            66.171149345
          ],
          [
            16.35774025,
            66.171146259
          ],
          [
            16.358185118,
            66.171118059
          ],
          [
            16.359375162,
            66.171005071
          ],
          [
            16.359749408,
            66.170928106
          ],
          [
            16.360084346,
            66.17090249
          ],
          [
            16.360588893,
            66.170903728
          ],
          [
            16.361000274,
            66.170996465
          ],
          [
            16.361201546,
            66.171091049
          ],
          [
            16.361524015,
            66.171093876
          ],
          [
            16.361834296,
            66.171130826
          ],
          [
            16.362393668,
            66.171369615
          ],
          [
            16.362890947,
            66.171756323
          ],
          [
            16.363266741,
            66.17222911
          ],
          [
            16.363513448,
            66.172646359
          ],
          [
            16.364043964,
            66.173129114
          ],
          [
            16.364878457,
            66.173790563
          ],
          [
            16.365269809,
            66.174030832
          ],
          [
            16.365449592,
            66.174217897
          ],
          [
            16.366055103,
            66.174638367
          ],
          [
            16.366362165,
            66.174778797
          ],
          [
            16.366473062,
            66.1748803
          ],
          [
            16.366551166,
            66.175034451
          ],
          [
            16.367440286,
            66.175886953
          ],
          [
            16.368012677,
            66.176399108
          ],
          [
            16.368301761,
            66.176610312
          ],
          [
            16.368652608,
            66.176928701
          ],
          [
            16.369022801,
            66.17717008
          ],
          [
            16.369731855,
            66.177727556
          ],
          [
            16.370226432,
            66.178169423
          ],
          [
            16.370297259,
            66.178264782
          ],
          [
            16.370513568,
            66.178411579
          ],
          [
            16.370598346,
            66.178542824
          ],
          [
            16.370809486,
            66.179011362
          ],
          [
            16.370931669,
            66.179173457
          ],
          [
            16.371000569,
            66.179338455
          ],
          [
            16.371019095,
            66.179453514
          ],
          [
            16.371001798,
            66.179770571
          ],
          [
            16.37103549,
            66.179839877
          ],
          [
            16.371314343,
            66.180041296
          ],
          [
            16.371476303,
            66.180275038
          ],
          [
            16.371528265,
            66.180454597
          ],
          [
            16.371583269,
            66.1812007
          ],
          [
            16.371278122,
            66.18136683
          ],
          [
            16.370515982,
            66.181640508
          ],
          [
            16.370216189,
            66.181693751
          ],
          [
            16.368973416,
            66.182077582
          ],
          [
            16.368355495,
            66.182381093
          ],
          [
            16.367949958,
            66.182557766
          ],
          [
            16.36744049,
            66.182682603
          ],
          [
            16.36705496,
            66.182794267
          ],
          [
            16.366650381,
            66.182987735
          ],
          [
            16.366276863,
            66.183101677
          ],
          [
            16.365843843,
            66.183317019
          ],
          [
            16.365193552,
            66.183678437
          ],
          [
            16.364892481,
            66.183916535
          ],
          [
            16.364823592,
            66.184061232
          ],
          [
            16.364635292,
            66.184195038
          ],
          [
            16.364416766,
            66.184319527
          ],
          [
            16.364406978,
            66.184562093
          ],
          [
            16.364481791,
            66.185139956
          ],
          [
            16.36463751,
            66.185472186
          ],
          [
            16.364803191,
            66.185564253
          ],
          [
            16.365484215,
            66.186148422
          ],
          [
            16.365868308,
            66.186423291
          ],
          [
            16.366025978,
            66.186582654
          ],
          [
            16.366324349,
            66.186812713
          ],
          [
            16.366439644,
            66.186958074
          ],
          [
            16.366453744,
            66.187099581
          ],
          [
            16.366548173,
            66.18719232
          ],
          [
            16.367671522,
            66.1877195
          ],
          [
            16.367887464,
            66.187859109
          ],
          [
            16.36818918,
            66.188146751
          ],
          [
            16.368475154,
            66.188367315
          ],
          [
            16.368871046,
            66.188747848
          ],
          [
            16.369376105,
            66.189047752
          ],
          [
            16.36951272,
            66.189245649
          ],
          [
            16.369666747,
            66.18933776
          ],
          [
            16.369948539,
            66.189678266
          ],
          [
            16.370216644,
            66.189889275
          ],
          [
            16.370492655,
            66.190232236
          ],
          [
            16.370718491,
            66.190431657
          ],
          [
            16.371003387,
            66.190625701
          ],
          [
            16.371311164,
            66.190805113
          ],
          [
            16.371602033,
            66.190900678
          ],
          [
            16.373226538,
            66.191244772
          ],
          [
            16.373501775,
            66.191376499
          ],
          [
            16.373663059,
            66.191490131
          ],
          [
            16.373928292,
            66.19175158
          ],
          [
            16.374010098,
            66.192024427
          ],
          [
            16.374406205,
            66.192683066
          ],
          [
            16.374461643,
            66.192814542
          ],
          [
            16.37448279,
            66.192967965
          ],
          [
            16.374549972,
            66.193096932
          ],
          [
            16.374821022,
            66.19345434
          ],
          [
            16.37482738,
            66.193559897
          ],
          [
            16.37491816,
            66.193686232
          ],
          [
            16.375100467,
            66.193852465
          ],
          [
            16.37545624,
            66.194333865
          ],
          [
            16.375819849,
            66.194747967
          ],
          [
            16.375907326,
            66.194819119
          ],
          [
            16.376145822,
            66.195325669
          ],
          [
            16.376374492,
            66.195472251
          ],
          [
            16.376520605,
            66.195530822
          ],
          [
            16.376652385,
            66.195647145
          ],
          [
            16.376977803,
            66.195821571
          ],
          [
            16.377588082,
            66.196187634
          ],
          [
            16.378207221,
            66.196503187
          ],
          [
            16.378484723,
            66.196670885
          ],
          [
            16.379148923,
            66.197142031
          ],
          [
            16.379459488,
            66.197561452
          ],
          [
            16.379590724,
            66.197668177
          ],
          [
            16.379751654,
            66.197873027
          ],
          [
            16.379988043,
            66.19804833
          ],
          [
            16.380300932,
            66.198407707
          ],
          [
            16.380686682,
            66.19879278
          ],
          [
            16.381004797,
            66.199041687
          ],
          [
            16.381575845,
            66.199542547
          ],
          [
            16.381918453,
            66.199803212
          ],
          [
            16.38217819,
            66.19997108
          ],
          [
            16.382457097,
            66.200258774
          ],
          [
            16.382599293,
            66.20074227
          ],
          [
            16.382595926,
            66.201176797
          ],
          [
            16.382894338,
            66.201785967
          ],
          [
            16.38287597,
            66.201874965
          ],
          [
            16.382957827,
            66.201950973
          ],
          [
            16.383085867,
            66.202388499
          ],
          [
            16.383095771,
            66.202541573
          ],
          [
            16.383197737,
            66.20274394
          ],
          [
            16.383301933,
            66.203164101
          ],
          [
            16.383454365,
            66.203322848
          ],
          [
            16.38355555,
            66.203513261
          ],
          [
            16.38356128,
            66.203601757
          ],
          [
            16.383424613,
            66.203686974
          ],
          [
            16.38341665,
            66.203746896
          ],
          [
            16.383215866,
            66.204031449
          ],
          [
            16.383228288,
            66.204131846
          ],
          [
            16.383180709,
            66.204311859
          ],
          [
            16.38337928,
            66.204450974
          ],
          [
            16.383548804,
            66.204781879
          ],
          [
            16.383754382,
            66.204937684
          ],
          [
            16.384047067,
            66.205066231
          ],
          [
            16.384507892,
            66.205366528
          ],
          [
            16.384697071,
            66.205451896
          ],
          [
            16.384818636,
            66.205545153
          ],
          [
            16.384987583,
            66.205637907
          ],
          [
            16.385114029,
            66.205761037
          ],
          [
            16.385263508,
            66.205827672
          ],
          [
            16.385371277,
            66.205982106
          ],
          [
            16.385520218,
            66.206452043
          ],
          [
            16.385514475,
            66.206592129
          ],
          [
            16.385549161,
            66.206761698
          ],
          [
            16.385625234,
            66.206884156
          ],
          [
            16.385887792,
            66.207095603
          ],
          [
            16.385965729,
            66.207246758
          ],
          [
            16.385993571,
            66.207402041
          ],
          [
            16.385911309,
            66.207595591
          ],
          [
            16.385821581,
            66.207993858
          ],
          [
            16.385651964,
            66.208530594
          ],
          [
            16.385482226,
            66.208699935
          ],
          [
            16.385422161,
            66.208870504
          ],
          [
            16.385148267,
            66.209215671
          ],
          [
            16.385142762,
            66.209359335
          ],
          [
            16.384970502,
            66.209581362
          ],
          [
            16.384902356,
            66.209718505
          ],
          [
            16.38479021,
            66.209816632
          ],
          [
            16.384782621,
            66.209882536
          ],
          [
            16.384496303,
            66.210264925
          ],
          [
            16.384186411,
            66.210557812
          ],
          [
            16.384134384,
            66.210715135
          ],
          [
            16.384013917,
            66.210913871
          ],
          [
            16.383757157,
            66.21115832
          ],
          [
            16.38363999,
            66.211316333
          ],
          [
            16.383593627,
            66.211431477
          ],
          [
            16.382933945,
            66.211859691
          ],
          [
            16.382554652,
            66.212134161
          ],
          [
            16.381994108,
            66.212446443
          ],
          [
            16.381735353,
            66.212568845
          ],
          [
            16.381664232,
            66.212660547
          ],
          [
            16.381203914,
            66.212873632
          ],
          [
            16.381033991,
            66.212995098
          ],
          [
            16.380972204,
            66.213139362
          ],
          [
            16.380991057,
            66.213431161
          ],
          [
            16.380967786,
            66.213529543
          ],
          [
            16.380711943,
            66.213697394
          ],
          [
            16.380228813,
            66.213819611
          ],
          [
            16.380097811,
            66.213895011
          ],
          [
            16.379639588,
            66.21429859
          ],
          [
            16.379419451,
            66.214546824
          ],
          [
            16.37811835,
            66.215439257
          ],
          [
            16.377753459,
            66.215734403
          ],
          [
            16.377480778,
            66.216083466
          ],
          [
            16.377194501,
            66.216315702
          ],
          [
            16.377159787,
            66.216507047
          ],
          [
            16.376979993,
            66.217010276
          ],
          [
            16.376831747,
            66.217183741
          ],
          [
            16.376674459,
            66.217309559
          ],
          [
            16.376644487,
            66.217393427
          ],
          [
            16.376641885,
            66.217443583
          ],
          [
            16.376769886,
            66.217501893
          ],
          [
            16.376792616,
            66.217578043
          ],
          [
            16.376737291,
            66.217635926
          ],
          [
            16.376780728,
            66.217757207
          ],
          [
            16.376777699,
            66.217890924
          ],
          [
            16.376643035,
            66.218181206
          ],
          [
            16.376427939,
            66.218417456
          ],
          [
            16.376237964,
            66.21849588
          ],
          [
            16.376158871,
            66.21891209
          ],
          [
            16.375839895,
            66.219096931
          ],
          [
            16.375336583,
            66.219536779
          ],
          [
            16.375288199,
            66.220150796
          ],
          [
            16.375049164,
            66.220833695
          ],
          [
            16.375045496,
            66.22095787
          ],
          [
            16.375221058,
            66.221290193
          ],
          [
            16.375293155,
            66.221487563
          ],
          [
            16.375312696,
            66.221695035
          ],
          [
            16.375538803,
            66.221986235
          ],
          [
            16.375583856,
            66.222222087
          ],
          [
            16.37560693,
            66.222663466
          ],
          [
            16.375553812,
            66.222845454
          ],
          [
            16.375480501,
            66.223349934
          ],
          [
            16.37549666,
            66.223686353
          ],
          [
            16.375470303,
            66.224185553
          ],
          [
            16.37533163,
            66.224325488
          ],
          [
            16.375331246,
            66.224499758
          ],
          [
            16.375503354,
            66.224688892
          ],
          [
            16.375920299,
            66.224913595
          ],
          [
            16.375969504,
            66.225032428
          ],
          [
            16.375960385,
            66.225163821
          ],
          [
            16.375883188,
            66.225338907
          ],
          [
            16.375903927,
            66.225474755
          ],
          [
            16.375857473,
            66.2255779
          ],
          [
            16.375910061,
            66.225928254
          ],
          [
            16.376232812,
            66.226249453
          ],
          [
            16.376798329,
            66.226754249
          ],
          [
            16.376877975,
            66.227001872
          ],
          [
            16.377024365,
            66.227277509
          ],
          [
            16.377462384,
            66.227882327
          ],
          [
            16.377751235,
            66.228063459
          ],
          [
            16.377913593,
            66.228207596
          ],
          [
            16.37794285,
            66.228403147
          ],
          [
            16.377841221,
            66.228688326
          ],
          [
            16.377835397,
            66.228891384
          ],
          [
            16.377654735,
            66.2292418
          ],
          [
            16.377030481,
            66.229699155
          ],
          [
            16.376727998,
            66.229890723
          ],
          [
            16.376354775,
            66.230188047
          ],
          [
            16.376329508,
            66.230362636
          ],
          [
            16.376380912,
            66.230431398
          ],
          [
            16.376399699,
            66.230751247
          ],
          [
            16.37652909,
            66.230938686
          ],
          [
            16.376738446,
            66.23137851
          ],
          [
            16.377010655,
            66.231679223
          ],
          [
            16.378213596,
            66.232706609
          ],
          [
            16.378349247,
            66.232798455
          ],
          [
            16.378513202,
            66.232868532
          ],
          [
            16.378989596,
            66.233117124
          ],
          [
            16.379271755,
            66.233283991
          ],
          [
            16.379452614,
            66.233439888
          ],
          [
            16.37964982,
            66.233571743
          ],
          [
            16.37983545,
            66.233808785
          ],
          [
            16.379984485,
            66.233926775
          ],
          [
            16.380474319,
            66.234101197
          ],
          [
            16.380567722,
            66.234179114
          ],
          [
            16.38076311,
            66.234279937
          ],
          [
            16.380838461,
            66.23445356
          ],
          [
            16.380845782,
            66.234577682
          ],
          [
            16.380607914,
            66.234861778
          ],
          [
            16.380438007,
            66.234992377
          ],
          [
            16.3801852,
            66.235324378
          ],
          [
            16.380184611,
            66.235515447
          ],
          [
            16.380038765,
            66.235652973
          ],
          [
            16.379791189,
            66.235772373
          ],
          [
            16.379331309,
            66.235905737
          ],
          [
            16.378942409,
            66.236038433
          ],
          [
            16.378799116,
            66.236118616
          ],
          [
            16.378716242,
            66.236219716
          ],
          [
            16.378728884,
            66.236434536
          ],
          [
            16.378837192,
            66.236665168
          ],
          [
            16.37894593,
            66.236802639
          ],
          [
            16.379441277,
            66.237070165
          ],
          [
            16.379577652,
            66.237173937
          ],
          [
            16.379656392,
            66.23730454
          ],
          [
            16.379644138,
            66.237397799
          ],
          [
            16.379588613,
            66.237460431
          ],
          [
            16.379443332,
            66.237507198
          ],
          [
            16.379364825,
            66.237581987
          ],
          [
            16.3792953,
            66.238010145
          ],
          [
            16.379103478,
            66.238272312
          ],
          [
            16.379032548,
            66.238576295
          ],
          [
            16.379028523,
            66.238910694
          ],
          [
            16.379129752,
            66.239423198
          ],
          [
            16.379558822,
            66.240156594
          ],
          [
            16.379675055,
            66.240616077
          ],
          [
            16.379697371,
            66.240894133
          ],
          [
            16.379678641,
            66.241081424
          ],
          [
            16.379527742,
            66.241245995
          ],
          [
            16.379285921,
            66.241584159
          ],
          [
            16.379289369,
            66.242047112
          ],
          [
            16.379243559,
            66.242380995
          ],
          [
            16.379222596,
            66.242529928
          ],
          [
            16.379121917,
            66.242739599
          ],
          [
            16.379110991,
            66.242857243
          ],
          [
            16.379166663,
            66.243197357
          ],
          [
            16.379259759,
            66.243364389
          ],
          [
            16.379370157,
            66.243420907
          ],
          [
            16.379466372,
            66.243539932
          ],
          [
            16.379674737,
            66.244149658
          ],
          [
            16.379803774,
            66.244321153
          ],
          [
            16.379878059,
            66.244471572
          ],
          [
            16.380043247,
            66.244585936
          ],
          [
            16.380211464,
            66.244880992
          ],
          [
            16.380280392,
            66.244940301
          ],
          [
            16.380418826,
            66.244967765
          ],
          [
            16.380580312,
            66.24498301
          ],
          [
            16.380720585,
            66.245041639
          ],
          [
            16.381089301,
            66.245242021
          ],
          [
            16.381449083,
            66.245392097
          ],
          [
            16.381877647,
            66.245800603
          ],
          [
            16.381970355,
            66.24596045
          ],
          [
            16.382042246,
            66.246170856
          ],
          [
            16.382012926,
            66.24627909
          ],
          [
            16.382143436,
            66.246373796
          ],
          [
            16.382377112,
            66.246503494
          ],
          [
            16.382505784,
            66.246667784
          ],
          [
            16.382726317,
            66.246776027
          ],
          [
            16.383318002,
            66.247125389
          ],
          [
            16.383475714,
            66.247176655
          ],
          [
            16.383562625,
            66.247238189
          ],
          [
            16.38383581,
            66.247835299
          ],
          [
            16.384229042,
            66.248551191
          ],
          [
            16.384091732,
            66.248643672
          ],
          [
            16.384290472,
            66.248886452
          ],
          [
            16.384504948,
            66.2490931
          ],
          [
            16.384687854,
            66.249369616
          ],
          [
            16.384854639,
            66.249473571
          ],
          [
            16.385075075,
            66.249579407
          ],
          [
            16.385953825,
            66.24995239
          ],
          [
            16.386127277,
            66.250169021
          ],
          [
            16.386175707,
            66.250283705
          ],
          [
            16.386155327,
            66.250442234
          ],
          [
            16.385943388,
            66.250984019
          ],
          [
            16.385954153,
            66.251166238
          ],
          [
            16.386021567,
            66.251299927
          ],
          [
            16.386148576,
            66.251737702
          ],
          [
            16.386141239,
            66.251915291
          ],
          [
            16.385886384,
            66.252234397
          ],
          [
            16.385620624,
            66.252671156
          ],
          [
            16.385395213,
            66.252985171
          ],
          [
            16.385134267,
            66.253301934
          ],
          [
            16.385047331,
            66.253441909
          ],
          [
            16.385103152,
            66.253578484
          ],
          [
            16.385356598,
            66.253717701
          ],
          [
            16.385689948,
            66.254079678
          ],
          [
            16.386058079,
            66.254333103
          ],
          [
            16.386425038,
            66.254661076
          ],
          [
            16.387081985,
            66.255046129
          ],
          [
            16.387368333,
            66.255233082
          ],
          [
            16.387533035,
            66.255382833
          ],
          [
            16.38756879,
            66.255661361
          ],
          [
            16.387435932,
            66.256379228
          ],
          [
            16.387384386,
            66.257620387
          ],
          [
            16.387421128,
            66.258007095
          ],
          [
            16.387496427,
            66.25815778
          ],
          [
            16.387697252,
            66.258405733
          ],
          [
            16.389089732,
            66.259829234
          ],
          [
            16.389351236,
            66.259999617
          ],
          [
            16.38970372,
            66.26019309
          ],
          [
            16.389854531,
            66.260311728
          ],
          [
            16.3901274,
            66.26056614
          ],
          [
            16.390422569,
            66.2609814
          ],
          [
            16.390580745,
            66.261121606
          ],
          [
            16.390671465,
            66.261233657
          ],
          [
            16.391205526,
            66.261559872
          ],
          [
            16.391358365,
            66.261709744
          ],
          [
            16.39151482,
            66.262008644
          ],
          [
            16.391580913,
            66.262294069
          ],
          [
            16.391735074,
            66.262556936
          ],
          [
            16.391881781,
            66.262704466
          ],
          [
            16.391926912,
            66.262942019
          ],
          [
            16.392071243,
            66.263144872
          ],
          [
            16.392137777,
            66.263605904
          ],
          [
            16.392253039,
            66.263982078
          ],
          [
            16.392278546,
            66.264218251
          ],
          [
            16.39234067,
            66.264301034
          ],
          [
            16.392426607,
            66.264338605
          ],
          [
            16.392826655,
            66.264435399
          ],
          [
            16.393247833,
            66.264582468
          ],
          [
            16.393429335,
            66.264621434
          ],
          [
            16.393675165,
            66.264778751
          ],
          [
            16.39383073,
            66.264785539
          ],
          [
            16.393935892,
            66.264843342
          ],
          [
            16.394069394,
            66.264878009
          ],
          [
            16.394392196,
            66.264933534
          ],
          [
            16.394978666,
            66.265183166
          ],
          [
            16.395333302,
            66.265300758
          ],
          [
            16.395535199,
            66.265347946
          ],
          [
            16.395690372,
            66.26535845
          ],
          [
            16.396341019,
            66.265353471
          ],
          [
            16.397267385,
            66.265539891
          ],
          [
            16.397889996,
            66.265716012
          ],
          [
            16.398256871,
            66.265839472
          ],
          [
            16.398451385,
            66.265963371
          ],
          [
            16.398736034,
            66.26605288
          ],
          [
            16.39985153,
            66.266219519
          ],
          [
            16.401263034,
            66.266465969
          ],
          [
            16.401709544,
            66.266527578
          ],
          [
            16.401980189,
            66.266544346
          ],
          [
            16.402163458,
            66.266577328
          ],
          [
            16.402794937,
            66.266650356
          ],
          [
            16.403414927,
            66.266780975
          ],
          [
            16.403648476,
            66.266860179
          ],
          [
            16.404209591,
            66.267101535
          ],
          [
            16.404526985,
            66.26729252
          ],
          [
            16.404532769,
            66.267340375
          ],
          [
            16.404630233,
            66.267430445
          ],
          [
            16.405122302,
            66.267610149
          ],
          [
            16.405981957,
            66.267641169
          ],
          [
            16.406451026,
            66.267631897
          ],
          [
            16.40667424,
            66.267687232
          ],
          [
            16.407094364,
            66.267855647
          ],
          [
            16.407324215,
            66.267922891
          ],
          [
            16.408306511,
            66.268047606
          ],
          [
            16.408794828,
            66.268162672
          ],
          [
            16.409300111,
            66.268263209
          ],
          [
            16.410609084,
            66.268482958
          ],
          [
            16.41127834,
            66.268541206
          ],
          [
            16.411737122,
            66.268558357
          ],
          [
            16.412069417,
            66.268547988
          ],
          [
            16.412446847,
            66.268496469
          ],
          [
            16.412672494,
            66.268491904
          ],
          [
            16.413167477,
            66.268618866
          ],
          [
            16.413549028,
            66.268837919
          ],
          [
            16.414198389,
            66.269162165
          ],
          [
            16.414410172,
            66.26922479
          ],
          [
            16.414862744,
            66.269337785
          ],
          [
            16.415343762,
            66.269428957
          ],
          [
            16.417294424,
            66.269841253
          ],
          [
            16.417927283,
            66.269986028
          ],
          [
            16.418634957,
            66.270097814
          ],
          [
            16.41919637,
            66.270240877
          ],
          [
            16.419845488,
            66.270359151
          ],
          [
            16.420870962,
            66.270507315
          ],
          [
            16.423552573,
            66.270974517
          ],
          [
            16.423776846,
            66.271046589
          ],
          [
            16.425582849,
            66.271321284
          ],
          [
            16.427718339,
            66.271736447
          ],
          [
            16.428499414,
            66.271872567
          ],
          [
            16.429610842,
            66.272163527
          ],
          [
            16.430237139,
            66.272296343
          ],
          [
            16.431276203,
            66.272470651
          ],
          [
            16.431988025,
            66.272640952
          ],
          [
            16.432433071,
            66.272725234
          ],
          [
            16.433417398,
            66.272878506
          ],
          [
            16.433644509,
            66.272897847
          ],
          [
            16.434541678,
            66.273183678
          ],
          [
            16.43503364,
            66.273356094
          ],
          [
            16.435359727,
            66.273439134
          ],
          [
            16.43574853,
            66.273576635
          ],
          [
            16.436466494,
            66.273749255
          ],
          [
            16.43661273,
            66.2738077
          ],
          [
            16.437188946,
            66.274293015
          ],
          [
            16.438055095,
            66.275149082
          ],
          [
            16.438410625,
            66.275424605
          ],
          [
            16.438764899,
            66.27558041
          ],
          [
            16.439012603,
            66.275645038
          ],
          [
            16.440001732,
            66.275776671
          ],
          [
            16.440879258,
            66.275832756
          ],
          [
            16.441886022,
            66.275664858
          ],
          [
            16.442242178,
            66.275654185
          ],
          [
            16.442810119,
            66.275605517
          ],
          [
            16.443136275,
            66.275590356
          ],
          [
            16.443576504,
            66.275593229
          ],
          [
            16.444848026,
            66.275674164
          ],
          [
            16.445459314,
            66.275653806
          ],
          [
            16.445753981,
            66.275708394
          ],
          [
            16.446113936,
            66.275839642
          ],
          [
            16.446646346,
            66.275974263
          ],
          [
            16.447039783,
            66.27610998
          ],
          [
            16.448546889,
            66.27614929
          ],
          [
            16.448892498,
            66.276170931
          ],
          [
            16.44966758,
            66.276323119
          ],
          [
            16.451899441,
            66.276571985
          ],
          [
            16.453329144,
            66.276694399
          ],
          [
            16.454127767,
            66.276816347
          ],
          [
            16.454580109,
            66.276981572
          ],
          [
            16.454804203,
            66.277033367
          ],
          [
            16.45564486,
            66.277142513
          ],
          [
            16.456249943,
            66.277301115
          ],
          [
            16.45719739,
            66.277448545
          ],
          [
            16.457536634,
            66.277481803
          ],
          [
            16.457897426,
            66.27756169
          ],
          [
            16.458142914,
            66.277657652
          ],
          [
            16.458339936,
            66.277761552
          ],
          [
            16.459621957,
            66.278053275
          ],
          [
            16.460509298,
            66.278127337
          ],
          [
            16.460763866,
            66.278176325
          ],
          [
            16.461926553,
            66.278693823
          ],
          [
            16.462092298,
            66.278788196
          ],
          [
            16.462234668,
            66.278988898
          ],
          [
            16.462469285,
            66.279104706
          ],
          [
            16.463154395,
            66.27926733
          ],
          [
            16.463537363,
            66.279312429
          ],
          [
            16.464653559,
            66.279327198
          ],
          [
            16.464907793,
            66.279371255
          ],
          [
            16.465262296,
            66.279537534
          ],
          [
            16.465574954,
            66.279719075
          ],
          [
            16.465925423,
            66.279826194
          ],
          [
            16.466177088,
            66.279922076
          ],
          [
            16.467095254,
            66.280087033
          ],
          [
            16.467693173,
            66.280228404
          ],
          [
            16.468293505,
            66.280315479
          ],
          [
            16.468946978,
            66.280283558
          ],
          [
            16.469382919,
            66.280207183
          ],
          [
            16.470151453,
            66.279976631
          ],
          [
            16.470524267,
            66.279962623
          ],
          [
            16.471476696,
            66.28000137
          ],
          [
            16.472512298,
            66.280002183
          ],
          [
            16.473018267,
            66.280053281
          ],
          [
            16.473472686,
            66.28015676
          ],
          [
            16.473979682,
            66.280222651
          ],
          [
            16.474198908,
            66.280291747
          ],
          [
            16.474568143,
            66.280314769
          ],
          [
            16.474841964,
            66.280375853
          ],
          [
            16.475389101,
            66.280401823
          ],
          [
            16.476021771,
            66.280513175
          ],
          [
            16.477043273,
            66.280664592
          ],
          [
            16.477627156,
            66.280778951
          ],
          [
            16.47790437,
            66.280889324
          ],
          [
            16.478122057,
            66.281113837
          ],
          [
            16.478322927,
            66.281271938
          ],
          [
            16.478666132,
            66.281450651
          ],
          [
            16.479377097,
            66.281541378
          ],
          [
            16.480284015,
            66.281629912
          ],
          [
            16.481239585,
            66.281535362
          ],
          [
            16.481807002,
            66.281499415
          ],
          [
            16.4824069,
            66.281490238
          ],
          [
            16.482805754,
            66.281498107
          ],
          [
            16.483324189,
            66.281551503
          ],
          [
            16.484094225,
            66.281787093
          ],
          [
            16.484677287,
            66.281800295
          ],
          [
            16.485723825,
            66.281692357
          ],
          [
            16.486571508,
            66.281455905
          ],
          [
            16.487092257,
            66.281188578
          ],
          [
            16.487283386,
            66.281028558
          ],
          [
            16.48742858,
            66.280824659
          ],
          [
            16.487394298,
            66.280398306
          ],
          [
            16.487596585,
            66.280160218
          ],
          [
            16.487716189,
            66.280110994
          ],
          [
            16.488675515,
            66.279986749
          ],
          [
            16.490443584,
            66.279685658
          ],
          [
            16.491040107,
            66.279629621
          ],
          [
            16.492747242,
            66.280039632
          ],
          [
            16.493604743,
            66.280212518
          ],
          [
            16.495260048,
            66.280228398
          ],
          [
            16.496327638,
            66.280250891
          ],
          [
            16.496969136,
            66.28031272
          ],
          [
            16.497396752,
            66.280470703
          ],
          [
            16.497941782,
            66.280730971
          ],
          [
            16.498566477,
            66.281079134
          ],
          [
            16.49913087,
            66.281265163
          ],
          [
            16.499810977,
            66.281528832
          ],
          [
            16.500348482,
            66.281680631
          ],
          [
            16.502300804,
            66.282087768
          ],
          [
            16.503253456,
            66.28239273
          ],
          [
            16.503914856,
            66.282567619
          ],
          [
            16.504588505,
            66.282823927
          ],
          [
            16.505184969,
            66.283115653
          ],
          [
            16.505436207,
            66.283290416
          ],
          [
            16.505844241,
            66.283428861
          ],
          [
            16.506181737,
            66.283610046
          ],
          [
            16.50679896,
            66.2840224
          ],
          [
            16.507097231,
            66.28425583
          ],
          [
            16.507398268,
            66.284528698
          ],
          [
            16.50803727,
            66.284901327
          ],
          [
            16.508357889,
            66.28519124
          ],
          [
            16.509082479,
            66.285560432
          ],
          [
            16.509750328,
            66.285819261
          ],
          [
            16.510313702,
            66.286074337
          ],
          [
            16.511402193,
            66.286126092
          ],
          [
            16.511933033,
            66.286179255
          ],
          [
            16.513909729,
            66.286484839
          ],
          [
            16.514416012,
            66.28662461
          ],
          [
            16.514969018,
            66.286818115
          ],
          [
            16.515344764,
            66.287018578
          ],
          [
            16.515716972,
            66.287256082
          ],
          [
            16.51605985,
            66.287353921
          ],
          [
            16.516926253,
            66.287864245
          ],
          [
            16.517304145,
            66.288163821
          ],
          [
            16.517633017,
            66.28854642
          ],
          [
            16.517885782,
            66.288984949
          ],
          [
            16.518293688,
            66.289271649
          ],
          [
            16.518977873,
            66.289447348
          ],
          [
            16.519914804,
            66.289527347
          ],
          [
            16.520876189,
            66.289527131
          ],
          [
            16.521684619,
            66.289476513
          ],
          [
            16.522492416,
            66.289266117
          ],
          [
            16.522975565,
            66.289030058
          ],
          [
            16.523535019,
            66.288807858
          ],
          [
            16.523682766,
            66.28855702
          ],
          [
            16.523787496,
            66.288217858
          ],
          [
            16.524065708,
            66.287644842
          ],
          [
            16.524127575,
            66.287306171
          ],
          [
            16.524251809,
            66.287284709
          ],
          [
            16.524533572,
            66.287281478
          ],
          [
            16.524706051,
            66.287292591
          ],
          [
            16.526215064,
            66.287699565
          ],
          [
            16.526593759,
            66.287766772
          ],
          [
            16.526939918,
            66.287807215
          ],
          [
            16.527703615,
            66.28794402
          ],
          [
            16.528215125,
            66.288057207
          ],
          [
            16.528323522,
            66.288093219
          ],
          [
            16.528525893,
            66.288216632
          ],
          [
            16.528716297,
            66.288307751
          ],
          [
            16.529105363,
            66.288438668
          ],
          [
            16.529324191,
            66.288535645
          ],
          [
            16.52981303,
            66.288635284
          ],
          [
            16.530457257,
            66.288662941
          ],
          [
            16.530845964,
            66.288751414
          ],
          [
            16.531094715,
            66.288872958
          ],
          [
            16.531380681,
            66.289070167
          ],
          [
            16.531534505,
            66.28913055
          ],
          [
            16.531767736,
            66.289168695
          ],
          [
            16.532242306,
            66.289055393
          ],
          [
            16.532639827,
            66.288835375
          ],
          [
            16.532865542,
            66.288800576
          ],
          [
            16.533546289,
            66.288545996
          ],
          [
            16.533942144,
            66.288423002
          ],
          [
            16.534670693,
            66.288409672
          ],
          [
            16.535691669,
            66.288370764
          ],
          [
            16.536243116,
            66.288366866
          ],
          [
            16.536778282,
            66.288392767
          ],
          [
            16.537335174,
            66.288465301
          ],
          [
            16.537870343,
            66.288491198
          ],
          [
            16.538175365,
            66.288470403
          ],
          [
            16.538552143,
            66.288424103
          ],
          [
            16.539540042,
            66.288351012
          ],
          [
            16.5398853,
            66.288292737
          ],
          [
            16.540814877,
            66.288175886
          ],
          [
            16.54102537,
            66.288119169
          ],
          [
            16.541474335,
            66.287882043
          ],
          [
            16.541766875,
            66.287772564
          ],
          [
            16.54227328,
            66.287653208
          ],
          [
            16.54263986,
            66.287550269
          ],
          [
            16.543050526,
            66.287464085
          ],
          [
            16.543430987,
            66.287469549
          ],
          [
            16.543705768,
            66.287540394
          ],
          [
            16.543988454,
            66.287635809
          ],
          [
            16.544305399,
            66.287696291
          ],
          [
            16.544706539,
            66.287733582
          ],
          [
            16.545029402,
            66.287705166
          ],
          [
            16.545726061,
            66.287674889
          ],
          [
            16.546234961,
            66.287676386
          ],
          [
            16.546815062,
            66.287644985
          ],
          [
            16.547082077,
            66.28760734
          ],
          [
            16.547441989,
            66.287497061
          ],
          [
            16.547613603,
            66.287411181
          ],
          [
            16.547927855,
            66.287348315
          ],
          [
            16.548589287,
            66.287254279
          ],
          [
            16.54882195,
            66.287165213
          ],
          [
            16.549316776,
            66.287055839
          ],
          [
            16.549351495,
            66.286941933
          ],
          [
            16.54934336,
            66.286828526
          ],
          [
            16.549448601,
            66.286671859
          ],
          [
            16.549698761,
            66.286570252
          ],
          [
            16.550026314,
            66.286522037
          ],
          [
            16.55094289,
            66.286481772
          ],
          [
            16.551588024,
            66.286417516
          ],
          [
            16.552079159,
            66.286342708
          ],
          [
            16.552667509,
            66.286170552
          ],
          [
            16.553025589,
            66.286035611
          ],
          [
            16.553211908,
            66.285984089
          ],
          [
            16.553469393,
            66.286069913
          ],
          [
            16.553931539,
            66.286444513
          ],
          [
            16.55428014,
            66.286834353
          ],
          [
            16.554476338,
            66.286956575
          ],
          [
            16.55480242,
            66.287224366
          ],
          [
            16.55508454,
            66.287410346
          ],
          [
            16.555215068,
            66.287563401
          ],
          [
            16.555233864,
            66.287715467
          ],
          [
            16.555188229,
            66.287838439
          ],
          [
            16.554827871,
            66.288055515
          ],
          [
            16.554813015,
            66.288175576
          ],
          [
            16.554732081,
            66.288321488
          ],
          [
            16.554530115,
            66.288503983
          ],
          [
            16.554482201,
            66.288599509
          ],
          [
            16.554863854,
            66.288714214
          ],
          [
            16.555944844,
            66.289184006
          ],
          [
            16.556371553,
            66.289542748
          ],
          [
            16.556447585,
            66.289711487
          ],
          [
            16.556769804,
            66.290006727
          ],
          [
            16.557142031,
            66.290306285
          ],
          [
            16.557675352,
            66.290603679
          ],
          [
            16.558316078,
            66.290849699
          ],
          [
            16.559043112,
            66.290939779
          ],
          [
            16.560226227,
            66.290869893
          ],
          [
            16.562853361,
            66.291202304
          ],
          [
            16.565544268,
            66.291679005
          ],
          [
            16.566471835,
            66.291937474
          ],
          [
            16.567113403,
            66.292226227
          ],
          [
            16.567234071,
            66.292819273
          ],
          [
            16.567112983,
            66.293787105
          ],
          [
            16.567084404,
            66.294283315
          ],
          [
            16.567218737,
            66.295568567
          ],
          [
            16.567082885,
            66.296272177
          ],
          [
            16.566944976,
            66.296603228
          ],
          [
            16.567189807,
            66.297066755
          ],
          [
            16.567388004,
            66.297367066
          ],
          [
            16.567712298,
            66.297573085
          ],
          [
            16.568447458,
            66.297742664
          ],
          [
            16.570467326,
            66.297840165
          ],
          [
            16.572512895,
            66.298060776
          ],
          [
            16.573976357,
            66.298387346
          ],
          [
            16.57483717,
            66.298676595
          ],
          [
            16.575488288,
            66.298951857
          ],
          [
            16.575988187,
            66.299303802
          ],
          [
            16.576400856,
            66.299662446
          ],
          [
            16.576988907,
            66.299911726
          ],
          [
            16.578148488,
            66.3001818
          ],
          [
            16.579204312,
            66.300548336
          ],
          [
            16.580127925,
            66.300811604
          ],
          [
            16.581016319,
            66.301016269
          ],
          [
            16.58188661,
            66.301248464
          ],
          [
            16.58207508,
            66.301369036
          ],
          [
            16.58241185,
            66.301415986
          ],
          [
            16.584210434,
            66.301320703
          ],
          [
            16.587205509,
            66.30118686
          ],
          [
            16.590896522,
            66.301040869
          ],
          [
            16.591365399,
            66.300884632
          ],
          [
            16.592226532,
            66.300132882
          ],
          [
            16.593125071,
            66.299195313
          ],
          [
            16.593207325,
            66.298771608
          ],
          [
            16.592894255,
            66.298437139
          ],
          [
            16.592882134,
            66.298334031
          ],
          [
            16.592956414,
            66.298209991
          ],
          [
            16.594022637,
            66.298147293
          ],
          [
            16.595039333,
            66.297984349
          ],
          [
            16.595467379,
            66.297700949
          ],
          [
            16.596499938,
            66.297369093
          ],
          [
            16.597088211,
            66.297153445
          ],
          [
            16.597772479,
            66.296975923
          ],
          [
            16.598464993,
            66.296833581
          ],
          [
            16.599171739,
            66.296721302
          ],
          [
            16.600682276,
            66.296334723
          ],
          [
            16.602347303,
            66.296024741
          ],
          [
            16.603046397,
            66.295998114
          ],
          [
            16.603460701,
            66.296023221
          ],
          [
            16.604668779,
            66.295818153
          ],
          [
            16.605570801,
            66.295566829
          ],
          [
            16.60677556,
            66.295359266
          ],
          [
            16.608420371,
            66.295026742
          ],
          [
            16.610806859,
            66.294430497
          ],
          [
            16.611158326,
            66.294125115
          ],
          [
            16.611555778,
            66.293532296
          ],
          [
            16.61215408,
            66.293277467
          ],
          [
            16.615971289,
            66.291791666
          ],
          [
            16.617077291,
            66.291340731
          ],
          [
            16.61737252,
            66.291146636
          ],
          [
            16.617378184,
            66.290920001
          ],
          [
            16.617284554,
            66.290706881
          ],
          [
            16.617391373,
            66.29028293
          ],
          [
            16.617391498,
            66.289960675
          ],
          [
            16.617524648,
            66.289721523
          ],
          [
            16.618053585,
            66.289297385
          ],
          [
            16.619802953,
            66.288889497
          ],
          [
            16.621072449,
            66.288565394
          ],
          [
            16.622117454,
            66.288145208
          ],
          [
            16.623371487,
            66.28781221
          ],
          [
            16.624803935,
            66.28751053
          ],
          [
            16.625590444,
            66.287245971
          ],
          [
            16.625867038,
            66.286956923
          ],
          [
            16.625839596,
            66.286733801
          ],
          [
            16.626023376,
            66.286546033
          ],
          [
            16.626437267,
            66.286210168
          ],
          [
            16.627387128,
            66.286010294
          ],
          [
            16.628046616,
            66.285804834
          ],
          [
            16.629520142,
            66.285467519
          ],
          [
            16.630732846,
            66.28523845
          ],
          [
            16.633133587,
            66.284692697
          ],
          [
            16.634604545,
            66.284322956
          ],
          [
            16.635752053,
            66.284005396
          ],
          [
            16.636733038,
            66.283714753
          ],
          [
            16.637490971,
            66.283583442
          ],
          [
            16.639353221,
            66.283004471
          ],
          [
            16.640307712,
            66.282646314
          ],
          [
            16.640846342,
            66.282499856
          ],
          [
            16.642358409,
            66.282184578
          ],
          [
            16.644103939,
            66.281911891
          ],
          [
            16.644966601,
            66.281764366
          ],
          [
            16.645311958,
            66.28157366
          ],
          [
            16.645826777,
            66.281352101
          ],
          [
            16.646597525,
            66.281179275
          ],
          [
            16.646796832,
            66.281041425
          ],
          [
            16.647220306,
            66.280852246
          ],
          [
            16.647303961,
            66.280615349
          ],
          [
            16.647313462,
            66.280434498
          ],
          [
            16.64747141,
            66.280282136
          ],
          [
            16.647691393,
            66.280125328
          ],
          [
            16.647799583,
            66.279974768
          ],
          [
            16.647871556,
            66.279777783
          ],
          [
            16.647818278,
            66.279681719
          ],
          [
            16.64791196,
            66.279501196
          ],
          [
            16.64812071,
            66.279316894
          ],
          [
            16.648349167,
            66.279239064
          ],
          [
            16.648459573,
            66.279121116
          ],
          [
            16.6484763,
            66.27900043
          ],
          [
            16.648456588,
            66.278893959
          ],
          [
            16.66007757,
            66.277742067
          ],
          [
            16.660068114,
            66.277975308
          ],
          [
            16.66018021,
            66.278117602
          ],
          [
            16.66024539,
            66.278309771
          ],
          [
            16.660619564,
            66.278748423
          ],
          [
            16.660705665,
            66.278838372
          ],
          [
            16.660839787,
            66.27893102
          ],
          [
            16.661014253,
            66.279198593
          ],
          [
            16.661224223,
            66.279450675
          ],
          [
            16.661194645,
            66.279610412
          ],
          [
            16.661306429,
            66.279728182
          ],
          [
            16.661418936,
            66.279787956
          ],
          [
            16.661638896,
            66.279859566
          ],
          [
            16.661843924,
            66.279995992
          ],
          [
            16.662127093,
            66.280238648
          ],
          [
            16.662314982,
            66.280363133
          ],
          [
            16.662381657,
            66.280462101
          ],
          [
            16.662279553,
            66.280609063
          ],
          [
            16.662017841,
            66.280851195
          ],
          [
            16.662289125,
            66.280937205
          ],
          [
            16.662366861,
            66.281025457
          ],
          [
            16.662482373,
            66.281330901
          ],
          [
            16.662716787,
            66.281501399
          ],
          [
            16.663382921,
            66.281814419
          ],
          [
            16.663567318,
            66.281957964
          ],
          [
            16.663706546,
            66.282319537
          ],
          [
            16.66374666,
            66.28266678
          ],
          [
            16.663846951,
            66.282856454
          ],
          [
            16.664022971,
            66.283087951
          ],
          [
            16.663940681,
            66.283613847
          ],
          [
            16.663905076,
            66.283714546
          ],
          [
            16.663293319,
            66.284261401
          ],
          [
            16.663238326,
            66.284365889
          ],
          [
            16.663029187,
            66.284602676
          ],
          [
            16.662985445,
            66.284692281
          ],
          [
            16.663003471,
            66.284864045
          ],
          [
            16.663075779,
            66.284918469
          ],
          [
            16.663152517,
            66.284946489
          ],
          [
            16.663325448,
            66.284980525
          ],
          [
            16.663448066,
            66.284978997
          ],
          [
            16.663622333,
            66.284953279
          ],
          [
            16.663839952,
            66.284951218
          ],
          [
            16.664609469,
            66.28508671
          ],
          [
            16.664986106,
            66.285123936
          ],
          [
            16.665456276,
            66.285139053
          ],
          [
            16.666132914,
            66.28509637
          ],
          [
            16.666362163,
            66.285112075
          ],
          [
            16.666871322,
            66.285252574
          ],
          [
            16.667517563,
            66.285357077
          ],
          [
            16.667609644,
            66.285422486
          ],
          [
            16.668003279,
            66.285802422
          ],
          [
            16.66815899,
            66.285983144
          ],
          [
            16.668178857,
            66.28613606
          ],
          [
            16.668295994,
            66.286343113
          ],
          [
            16.668305014,
            66.286531466
          ],
          [
            16.668420279,
            66.286699457
          ],
          [
            16.668679266,
            66.286855935
          ],
          [
            16.668855409,
            66.287025606
          ],
          [
            16.669449074,
            66.287351333
          ],
          [
            16.669941467,
            66.287529494
          ],
          [
            16.670427802,
            66.287979519
          ],
          [
            16.670928933,
            66.288201727
          ],
          [
            16.671489992,
            66.288504223
          ],
          [
            16.671718615,
            66.288595603
          ],
          [
            16.672037157,
            66.288807073
          ],
          [
            16.67228259,
            66.289110593
          ],
          [
            16.672559941,
            66.289532762
          ],
          [
            16.673063337,
            66.289997367
          ],
          [
            16.6736251,
            66.290354741
          ],
          [
            16.673909641,
            66.290559547
          ],
          [
            16.674061113,
            66.290785744
          ],
          [
            16.67414086,
            66.291145939
          ],
          [
            16.674031133,
            66.291301255
          ],
          [
            16.673879049,
            66.291450576
          ],
          [
            16.673867431,
            66.291546793
          ],
          [
            16.674030233,
            66.2917418
          ],
          [
            16.674302443,
            66.29188358
          ],
          [
            16.674381391,
            66.292011702
          ],
          [
            16.674186202,
            66.292439246
          ],
          [
            16.674120551,
            66.292799841
          ],
          [
            16.673869803,
            66.293370433
          ],
          [
            16.673639587,
            66.293674802
          ],
          [
            16.67355008,
            66.29397621
          ],
          [
            16.673640744,
            66.294443579
          ],
          [
            16.673757864,
            66.294809096
          ],
          [
            16.674082654,
            66.295400466
          ],
          [
            16.674502305,
            66.29580999
          ],
          [
            16.675028999,
            66.296235222
          ],
          [
            16.675463939,
            66.296514162
          ],
          [
            16.675584778,
            66.296651577
          ],
          [
            16.676099561,
            66.296862862
          ],
          [
            16.676306301,
            66.297069257
          ],
          [
            16.677258404,
            66.297872888
          ],
          [
            16.678883375,
            66.298306714
          ],
          [
            16.680829886,
            66.298757893
          ],
          [
            16.686039224,
            66.299219211
          ],
          [
            16.688029523,
            66.299808168
          ],
          [
            16.692150849,
            66.299850589
          ],
          [
            16.695537569,
            66.300249802
          ],
          [
            16.703543956,
            66.301645064
          ],
          [
            16.708058542,
            66.30268581
          ],
          [
            16.713538522,
            66.303241392
          ],
          [
            16.720710205,
            66.304567089
          ],
          [
            16.723082635,
            66.305233706
          ],
          [
            16.726036507,
            66.306131699
          ],
          [
            16.729134414,
            66.306992024
          ],
          [
            16.731116847,
            66.307683822
          ],
          [
            16.733045253,
            66.308516623
          ],
          [
            16.735126375,
            66.309332047
          ],
          [
            16.738218244,
            66.310212473
          ],
          [
            16.739398394,
            66.310605227
          ],
          [
            16.740559293,
            66.310847208
          ],
          [
            16.742034425,
            66.311323303
          ],
          [
            16.742977364,
            66.311609985
          ],
          [
            16.743262634,
            66.311634526
          ],
          [
            16.743732648,
            66.311607845
          ],
          [
            16.744161956,
            66.31156656
          ],
          [
            16.744731269,
            66.311447693
          ],
          [
            16.74532154,
            66.31139847
          ],
          [
            16.745799612,
            66.311391856
          ],
          [
            16.746452851,
            66.311335972
          ],
          [
            16.747149244,
            66.311394522
          ],
          [
            16.747755784,
            66.311487705
          ],
          [
            16.750133888,
            66.312237316
          ],
          [
            16.751151413,
            66.312405352
          ],
          [
            16.751355651,
            66.312406705
          ],
          [
            16.752124206,
            66.312284624
          ],
          [
            16.753452487,
            66.312189291
          ],
          [
            16.75430949,
            66.312166299
          ],
          [
            16.755325111,
            66.312184831
          ],
          [
            16.756087769,
            66.31230307
          ],
          [
            16.756884564,
            66.312504226
          ],
          [
            16.756975725,
            66.312588405
          ],
          [
            16.75797002,
            66.312834707
          ],
          [
            16.75840757,
            66.312963376
          ],
          [
            16.758810707,
            66.313370513
          ],
          [
            16.759153966,
            66.313458902
          ],
          [
            16.759562214,
            66.313678511
          ],
          [
            16.760008577,
            66.313813205
          ],
          [
            16.76033337,
            66.314087179
          ],
          [
            16.760432559,
            66.314283271
          ],
          [
            16.760799554,
            66.314327621
          ],
          [
            16.761172811,
            66.314337736
          ],
          [
            16.761496249,
            66.314413
          ],
          [
            16.761954326,
            66.314603402
          ],
          [
            16.762324627,
            66.314836248
          ],
          [
            16.76265202,
            66.315163324
          ],
          [
            16.762903218,
            66.315509265
          ],
          [
            16.763554478,
            66.316033607
          ],
          [
            16.764303379,
            66.316444052
          ],
          [
            16.764749312,
            66.316729934
          ],
          [
            16.764857438,
            66.316874949
          ],
          [
            16.765233894,
            66.317217508
          ],
          [
            16.765903375,
            66.317416448
          ],
          [
            16.766113733,
            66.317573306
          ],
          [
            16.766469142,
            66.317895129
          ],
          [
            16.766716995,
            66.318075718
          ],
          [
            16.768423065,
            66.319032132
          ],
          [
            16.768582944,
            66.319138228
          ],
          [
            16.768614956,
            66.3193538
          ],
          [
            16.7690545,
            66.32047544
          ],
          [
            16.769064334,
            66.321284973
          ],
          [
            16.769010963,
            66.321618745
          ],
          [
            16.768874968,
            66.322070397
          ],
          [
            16.76894015,
            66.322311571
          ],
          [
            16.768829675,
            66.322550139
          ],
          [
            16.768729099,
            66.322649899
          ],
          [
            16.768497538,
            66.323008696
          ],
          [
            16.768641653,
            66.323220678
          ],
          [
            16.768476805,
            66.323429917
          ],
          [
            16.768573009,
            66.323554192
          ],
          [
            16.768638631,
            66.323722267
          ],
          [
            16.768419623,
            66.323870586
          ],
          [
            16.768346062,
            66.324011741
          ],
          [
            16.768405272,
            66.324240689
          ],
          [
            16.768404423,
            66.324381915
          ],
          [
            16.768469766,
            66.324598687
          ],
          [
            16.768661395,
            66.325004526
          ],
          [
            16.7694958,
            66.326124853
          ],
          [
            16.769246632,
            66.326319724
          ],
          [
            16.769155174,
            66.326594923
          ],
          [
            16.769800095,
            66.327052403
          ],
          [
            16.769888797,
            66.327352377
          ],
          [
            16.76960887,
            66.328056206
          ],
          [
            16.769087583,
            66.328810117
          ],
          [
            16.768396209,
            66.329715396
          ],
          [
            16.767376111,
            66.330530079
          ],
          [
            16.767210713,
            66.330730411
          ],
          [
            16.766920158,
            66.331189038
          ],
          [
            16.766660413,
            66.331483484
          ],
          [
            16.767517442,
            66.331632307
          ],
          [
            16.768462586,
            66.33160292
          ],
          [
            16.768881942,
            66.331638645
          ],
          [
            16.769411923,
            66.331847532
          ],
          [
            16.7696826,
            66.331984648
          ],
          [
            16.769959079,
            66.332267194
          ],
          [
            16.770588543,
            66.332363209
          ],
          [
            16.771483381,
            66.332530919
          ],
          [
            16.772629077,
            66.332814162
          ],
          [
            16.7736138,
            66.33282545
          ],
          [
            16.775315091,
            66.332742415
          ],
          [
            16.776070708,
            66.332904652
          ],
          [
            16.776577774,
            66.333053183
          ],
          [
            16.777790542,
            66.333270022
          ],
          [
            16.778551827,
            66.333427327
          ],
          [
            16.77924459,
            66.333410901
          ],
          [
            16.7798499,
            66.333432015
          ],
          [
            16.78053853,
            66.333512658
          ],
          [
            16.78104588,
            66.333701188
          ],
          [
            16.781970004,
            66.3339303
          ],
          [
            16.782681099,
            66.334174338
          ],
          [
            16.783218439,
            66.334481048
          ],
          [
            16.78381518,
            66.334655048
          ],
          [
            16.785012895,
            66.335091521
          ],
          [
            16.785591149,
            66.335186942
          ],
          [
            16.785939232,
            66.335309663
          ],
          [
            16.786325252,
            66.335462703
          ],
          [
            16.786779247,
            66.335799892
          ],
          [
            16.788379103,
            66.336655412
          ],
          [
            16.789138252,
            66.337001122
          ],
          [
            16.78971502,
            66.337335096
          ],
          [
            16.791347283,
            66.337984141
          ],
          [
            16.792163222,
            66.338352022
          ],
          [
            16.793057062,
            66.338600472
          ],
          [
            16.794897293,
            66.339352585
          ],
          [
            16.795496792,
            66.339477995
          ],
          [
            16.796039147,
            66.339669179
          ],
          [
            16.796509421,
            66.3397894
          ],
          [
            16.796846187,
            66.339917137
          ],
          [
            16.797256616,
            66.340010361
          ],
          [
            16.797712998,
            66.340224088
          ],
          [
            16.79844001,
            66.340397121
          ],
          [
            16.799498637,
            66.340432154
          ],
          [
            16.79996978,
            66.340488601
          ],
          [
            16.800399775,
            66.34058711
          ],
          [
            16.800849463,
            66.340653944
          ],
          [
            16.801844012,
            66.340757143
          ],
          [
            16.802622123,
            66.340910388
          ],
          [
            16.803377174,
            66.340955119
          ],
          [
            16.804278565,
            66.341046109
          ],
          [
            16.805045773,
            66.341069351
          ],
          [
            16.80577701,
            66.341262485
          ],
          [
            16.806480301,
            66.341388687
          ],
          [
            16.807018628,
            66.341612492
          ],
          [
            16.807318847,
            66.341860842
          ],
          [
            16.807447955,
            66.34210031
          ],
          [
            16.807818406,
            66.34308259
          ],
          [
            16.808059205,
            66.343586433
          ],
          [
            16.808132449,
            66.343991577
          ],
          [
            16.80908661,
            66.344706749
          ],
          [
            16.809396774,
            66.344840522
          ],
          [
            16.81004561,
            66.345039063
          ],
          [
            16.810359549,
            66.345075976
          ],
          [
            16.810751836,
            66.345045218
          ],
          [
            16.811135345,
            66.345071503
          ],
          [
            16.811639423,
            66.345218684
          ],
          [
            16.812091049,
            66.345386048
          ],
          [
            16.813287854,
            66.345680064
          ],
          [
            16.813730538,
            66.34583534
          ],
          [
            16.814635367,
            66.346011738
          ],
          [
            16.815165066,
            66.346082221
          ],
          [
            16.815595725,
            66.346220482
          ],
          [
            16.81673322,
            66.346391535
          ],
          [
            16.816792806,
            66.346495551
          ],
          [
            16.816996985,
            66.346700608
          ],
          [
            16.817374021,
            66.34685375
          ],
          [
            16.817468414,
            66.346991606
          ],
          [
            16.818147566,
            66.347492723
          ],
          [
            16.818486853,
            66.347604134
          ],
          [
            16.81905377,
            66.347727243
          ],
          [
            16.81930996,
            66.347922518
          ],
          [
            16.819519646,
            66.348147323
          ],
          [
            16.81996211,
            66.34830857
          ],
          [
            16.82077237,
            66.348658453
          ],
          [
            16.821343516,
            66.348837522
          ],
          [
            16.822214317,
            66.349079788
          ],
          [
            16.822979985,
            66.349231115
          ],
          [
            16.82368708,
            66.349503828
          ],
          [
            16.824694099,
            66.349586637
          ],
          [
            16.825406116,
            66.349671201
          ],
          [
            16.825706563,
            66.349643116
          ],
          [
            16.826272126,
            66.3496254
          ],
          [
            16.827551609,
            66.349737015
          ],
          [
            16.828838001,
            66.349882559
          ],
          [
            16.829640006,
            66.350027154
          ],
          [
            16.830167332,
            66.35008261
          ],
          [
            16.830613406,
            66.350216548
          ],
          [
            16.830962577,
            66.350503919
          ],
          [
            16.831179385,
            66.351225434
          ],
          [
            16.831581142,
            66.351561525
          ],
          [
            16.832017577,
            66.351808237
          ],
          [
            16.83292717,
            66.352112441
          ],
          [
            16.83352498,
            66.352478976
          ],
          [
            16.833827547,
            66.352922648
          ],
          [
            16.834266417,
            66.353046332
          ],
          [
            16.835006675,
            66.353164722
          ],
          [
            16.835784723,
            66.353128584
          ],
          [
            16.837083819,
            66.35286585
          ],
          [
            16.838276427,
            66.352778195
          ],
          [
            16.840428241,
            66.352379338
          ],
          [
            16.841529364,
            66.352243865
          ],
          [
            16.842402343,
            66.35215267
          ],
          [
            16.843881138,
            66.35203381
          ],
          [
            16.845455908,
            66.352055108
          ],
          [
            16.845868506,
            66.35232031
          ],
          [
            16.84637056,
            66.352512322
          ],
          [
            16.847394972,
            66.352708763
          ],
          [
            16.848153764,
            66.352928785
          ],
          [
            16.84907569,
            66.353113732
          ],
          [
            16.849411922,
            66.353134598
          ],
          [
            16.849901049,
            66.353134496
          ],
          [
            16.850658846,
            66.353186221
          ],
          [
            16.851953845,
            66.353359547
          ],
          [
            16.852595903,
            66.353547892
          ],
          [
            16.853982924,
            66.353849768
          ],
          [
            16.856158744,
            66.354362221
          ],
          [
            16.857876387,
            66.35470512
          ],
          [
            16.859071837,
            66.355024646
          ],
          [
            16.860176928,
            66.355176794
          ],
          [
            16.861474211,
            66.355254689
          ],
          [
            16.863118583,
            66.355303607
          ],
          [
            16.86489211,
            66.355380433
          ],
          [
            16.866194172,
            66.355355376
          ],
          [
            16.86719154,
            66.355401745
          ],
          [
            16.868760426,
            66.355744254
          ],
          [
            16.869664289,
            66.35592474
          ],
          [
            16.870984991,
            66.356165323
          ],
          [
            16.872709455,
            66.356563971
          ],
          [
            16.873728264,
            66.356871879
          ],
          [
            16.874810995,
            66.35716704
          ],
          [
            16.875935512,
            66.357340194
          ],
          [
            16.877343817,
            66.35747307
          ],
          [
            16.879051684,
            66.357692791
          ],
          [
            16.88017967,
            66.357762308
          ],
          [
            16.881077675,
            66.357785549
          ],
          [
            16.881957214,
            66.357850784
          ],
          [
            16.883215401,
            66.357988994
          ],
          [
            16.883727976,
            66.357982158
          ],
          [
            16.884661337,
            66.358120039
          ],
          [
            16.885944418,
            66.358219641
          ],
          [
            16.886753686,
            66.358171661
          ],
          [
            16.88797467,
            66.358155563
          ],
          [
            16.888808614,
            66.358213954
          ],
          [
            16.889419498,
            66.358383934
          ],
          [
            16.890337158,
            66.358681943
          ],
          [
            16.890835427,
            66.358882379
          ],
          [
            16.891480426,
            66.359071241
          ],
          [
            16.892199923,
            66.35919781
          ],
          [
            16.893079185,
            66.359475243
          ],
          [
            16.893690232,
            66.359701699
          ],
          [
            16.894516384,
            66.359901503
          ],
          [
            16.896021645,
            66.360197877
          ],
          [
            16.897279964,
            66.360398148
          ],
          [
            16.898170693,
            66.360501308
          ],
          [
            16.899121331,
            66.360564369
          ],
          [
            16.900327167,
            66.360556348
          ],
          [
            16.901417304,
            66.360495514
          ],
          [
            16.902148771,
            66.360514754
          ],
          [
            16.902646821,
            66.360579892
          ],
          [
            16.904558385,
            66.361207587
          ],
          [
            16.906376235,
            66.361598698
          ],
          [
            16.907919111,
            66.362029521
          ],
          [
            16.90886233,
            66.362313138
          ],
          [
            16.909958393,
            66.362537079
          ],
          [
            16.910552839,
            66.362759771
          ],
          [
            16.911827524,
            66.363178885
          ],
          [
            16.912363876,
            66.363253835
          ],
          [
            16.912653952,
            66.363361522
          ],
          [
            16.913743981,
            66.363846842
          ],
          [
            16.914991056,
            66.364273379
          ],
          [
            16.915938684,
            66.364619856
          ],
          [
            16.917430275,
            66.365092422
          ],
          [
            16.918561303,
            66.365416838
          ],
          [
            16.918908994,
            66.365641524
          ],
          [
            16.919000425,
            66.365853706
          ],
          [
            16.919732614,
            66.366437447
          ],
          [
            16.919647333,
            66.366595715
          ],
          [
            16.919727896,
            66.366996272
          ],
          [
            16.919866848,
            66.367187809
          ],
          [
            16.920346874,
            66.36763012
          ],
          [
            16.920465614,
            66.367788018
          ],
          [
            16.921022036,
            66.36808808
          ],
          [
            16.921523334,
            66.368203773
          ],
          [
            16.9216866,
            66.368256414
          ],
          [
            16.92179571,
            66.368348018
          ],
          [
            16.92208476,
            66.368465232
          ],
          [
            16.92228987,
            66.368504119
          ],
          [
            16.922990591,
            66.369384307
          ],
          [
            16.923260682,
            66.369526765
          ],
          [
            16.923938257,
            66.369785591
          ],
          [
            16.924495213,
            66.369945721
          ],
          [
            16.925141733,
            66.370108798
          ],
          [
            16.92579472,
            66.370316666
          ],
          [
            16.926265382,
            66.370495348
          ],
          [
            16.926707563,
            66.370737014
          ],
          [
            16.92734024,
            66.371290317
          ],
          [
            16.927380177,
            66.371483756
          ],
          [
            16.927597448,
            66.371693847
          ],
          [
            16.927925285,
            66.371877145
          ],
          [
            16.928177959,
            66.372078918
          ],
          [
            16.928677576,
            66.372354241
          ],
          [
            16.929128459,
            66.372539333
          ],
          [
            16.929688014,
            66.37280526
          ],
          [
            16.929867229,
            66.372913392
          ],
          [
            16.930230809,
            66.372995969
          ],
          [
            16.930399512,
            66.373069194
          ],
          [
            16.930627184,
            66.373211053
          ],
          [
            16.930856146,
            66.373431819
          ],
          [
            16.931477445,
            66.373727793
          ],
          [
            16.93232325,
            66.374044557
          ],
          [
            16.9330402,
            66.374278841
          ],
          [
            16.934376694,
            66.374520294
          ],
          [
            16.934859922,
            66.374677336
          ],
          [
            16.935301523,
            66.37485261
          ],
          [
            16.935884298,
            66.37503584
          ],
          [
            16.936598116,
            66.37514995
          ],
          [
            16.937389959,
            66.375259003
          ],
          [
            16.93799215,
            66.375326381
          ],
          [
            16.938411725,
            66.375360103
          ],
          [
            16.938700852,
            66.375426167
          ],
          [
            16.939584794,
            66.375841266
          ],
          [
            16.9401044,
            66.376010584
          ],
          [
            16.940638613,
            66.376205808
          ],
          [
            16.940976297,
            66.376306489
          ],
          [
            16.94186022,
            66.376670455
          ],
          [
            16.942241126,
            66.376886521
          ],
          [
            16.942918946,
            66.377191
          ],
          [
            16.943509884,
            66.377551718
          ],
          [
            16.943746112,
            66.377781386
          ],
          [
            16.944442388,
            66.378097385
          ],
          [
            16.945080733,
            66.378614697
          ],
          [
            16.945183194,
            66.378753863
          ],
          [
            16.945511375,
            66.379087797
          ],
          [
            16.945677102,
            66.379438155
          ],
          [
            16.94542242,
            66.379984418
          ],
          [
            16.945880724,
            66.38017928
          ],
          [
            16.946189697,
            66.380286439
          ],
          [
            16.946691423,
            66.380354519
          ],
          [
            16.947047618,
            66.380368952
          ],
          [
            16.947541489,
            66.380362647
          ],
          [
            16.947909577,
            66.380343804
          ],
          [
            16.948058009,
            66.380362456
          ],
          [
            16.948349031,
            66.380467941
          ],
          [
            16.948671451,
            66.380673657
          ],
          [
            16.948860427,
            66.380846264
          ],
          [
            16.94906252,
            66.380913838
          ],
          [
            16.949269843,
            66.380949092
          ],
          [
            16.950641173,
            66.381060111
          ],
          [
            16.951796787,
            66.381049834
          ],
          [
            16.952448405,
            66.381118585
          ],
          [
            16.95316644,
            66.381221826
          ],
          [
            16.953597508,
            66.381259905
          ],
          [
            16.953965496,
            66.381336127
          ],
          [
            16.954149086,
            66.381438812
          ],
          [
            16.954549047,
            66.382115694
          ],
          [
            16.954603902,
            66.382336816
          ],
          [
            16.954739909,
            66.382474837
          ],
          [
            16.955247139,
            66.382807422
          ],
          [
            16.956821107,
            66.383481926
          ],
          [
            16.957765681,
            66.383987842
          ],
          [
            16.958284866,
            66.383853197
          ],
          [
            16.959192274,
            66.383677116
          ],
          [
            16.95976324,
            66.383598724
          ],
          [
            16.960354316,
            66.383493368
          ],
          [
            16.97469096,
            66.389258145
          ],
          [
            16.972631023,
            66.391733165
          ],
          [
            16.969884441,
            66.394207941
          ],
          [
            16.969197796,
            66.397369798
          ],
          [
            16.970914409,
            66.40149336
          ],
          [
            16.975377605,
            66.406028493
          ],
          [
            16.976750896,
            66.410013235
          ],
          [
            16.978810833,
            66.413447848
          ],
          [
            16.978124187,
            66.416881989
          ],
          [
            16.970914409,
            66.417843464
          ],
          [
            16.954434917,
            66.419354279
          ],
          [
            16.948255108,
            66.423199578
          ],
          [
            16.949285076,
            66.427044285
          ],
          [
            16.955121563,
            66.429927428
          ],
          [
            16.961301372,
            66.430751121
          ],
          [
            16.974347637,
            66.433084774
          ],
          [
            16.98224406,
            66.435829968
          ],
          [
            16.990483806,
            66.437202452
          ],
          [
            16.994947002,
            66.438849333
          ],
          [
            17.004560039,
            66.440221651
          ],
          [
            17.016233013,
            66.441182229
          ],
          [
            17.024816082,
            66.442279987
          ],
          [
            17.02584605,
            66.444612562
          ],
          [
            17.02584605,
            66.446807729
          ],
          [
            17.039922283,
            66.451746148
          ],
          [
            17.046788738,
            66.454489292
          ],
          [
            17.05571513,
            66.456957864
          ],
          [
            17.063611553,
            66.461620056
          ],
          [
            17.073911236,
            66.465047583
          ],
          [
            17.084554241,
            66.46847464
          ],
          [
            17.094167278,
            66.471627116
          ],
          [
            17.104123638,
            66.475875476
          ],
          [
            17.107213543,
            66.480808146
          ],
          [
            17.114079998,
            66.48491796
          ],
          [
            17.121976421,
            66.487520492
          ],
          [
            17.241796062,
            66.492040033
          ],
          [
            17.243855999,
            66.493683299
          ],
          [
            17.241796062,
            66.496695672
          ],
          [
            17.239392803,
            66.500665972
          ],
          [
            17.23527293,
            66.504635639
          ],
          [
            17.234929607,
            66.508057257
          ],
          [
            17.235616253,
            66.510931054
          ],
          [
            17.238706157,
            66.513667695
          ],
          [
            17.236646221,
            66.516130414
          ],
          [
            17.233899639,
            66.518866483
          ],
          [
            17.233556316,
            66.52214937
          ],
          [
            17.234242962,
            66.525295063
          ],
          [
            17.240766094,
            66.529397543
          ],
          [
            17.243512676,
            66.531995431
          ],
          [
            17.240766094,
            66.534729756
          ],
          [
            17.243512676,
            66.536096806
          ],
          [
            17.247975872,
            66.53828393
          ],
          [
            17.24522929,
            66.540744214
          ],
          [
            17.248319195,
            66.543887556
          ],
          [
            17.246602581,
            66.546073995
          ],
          [
            17.248319195,
            66.547440421
          ],
          [
            17.249349163,
            66.550719539
          ],
          [
            17.251752422,
            66.55386162
          ],
          [
            17.254155681,
            66.557276475
          ],
          [
            17.258618877,
            66.561237119
          ],
          [
            17.265142009,
            66.563422032
          ],
          [
            17.270635174,
            66.567108636
          ],
          [
            17.272351787,
            66.570385158
          ],
          [
            17.273381756,
            66.572978765
          ],
          [
            17.275785015,
            66.575162645
          ],
          [
            17.277844951,
            66.577892224
          ],
          [
            17.275785015,
            66.580621503
          ],
          [
            17.274755047,
            66.58471486
          ],
          [
            17.275098369,
            66.588807541
          ],
          [
            17.277844951,
            66.595627176
          ],
          [
            17.279561565,
            66.6023086
          ],
          [
            17.278188274,
            66.605171516
          ],
          [
            17.280248211,
            66.607216254
          ],
          [
            17.27647166,
            66.609533419
          ],
          [
            17.277501629,
            66.611714083
          ],
          [
            17.274755047,
            66.613758281
          ],
          [
            17.274068401,
            66.618799915
          ],
          [
            17.273038433,
            66.623023197
          ],
          [
            17.273038433,
            66.628471529
          ],
          [
            17.275785015,
            66.632284648
          ],
          [
            17.275098369,
            66.636505631
          ],
          [
            17.270978496,
            66.638411645
          ],
          [
            17.267545269,
            66.641134268
          ],
          [
            17.264112041,
            66.643448262
          ],
          [
            17.261365459,
            66.645898138
          ],
          [
            17.260335491,
            66.650252873
          ],
          [
            17.263768718,
            66.652293891
          ],
          [
            17.270978496,
            66.653926585
          ],
          [
            17.279218242,
            66.653790531
          ],
          [
            17.281964824,
            66.654062638
          ],
          [
            17.283681438,
            66.657871815
          ],
          [
            17.289861248,
            66.659912205
          ],
          [
            17.291921184,
            66.66236045
          ],
          [
            17.301190899,
            66.66521643
          ],
          [
            17.301877544,
            66.667936104
          ],
          [
            17.306684063,
            66.670927399
          ],
          [
            17.308400676,
            66.672694813
          ],
          [
            17.312177227,
            66.674190218
          ],
          [
            17.318700359,
            66.6744621
          ],
          [
            17.325910137,
            66.677724452
          ],
          [
            17.332433269,
            66.680850468
          ],
          [
            17.343419597,
            66.684791403
          ],
          [
            17.352689312,
            66.688459984
          ],
          [
            17.358525799,
            66.691720487
          ],
          [
            17.356465862,
            66.694301414
          ],
          [
            17.350972698,
            66.696338797
          ],
          [
            17.345136211,
            66.697425332
          ],
          [
            17.339299724,
            66.698647627
          ],
          [
            17.336553142,
            66.701363622
          ],
          [
            17.330373333,
            66.706387425
          ],
          [
            17.329343364,
            66.709374065
          ],
          [
            17.331746624,
            66.711953146
          ],
          [
            17.333463237,
            66.7135819
          ],
          [
            17.336896465,
            66.715210546
          ],
          [
            17.341359661,
            66.717653314
          ],
          [
            17.346852825,
            66.719010303
          ],
          [
            17.34891662,
            66.718790473
          ],
          [
            17.350633234,
            66.719740329
          ],
          [
            17.354924768,
            66.72143641
          ],
          [
            17.359044641,
            66.721843452
          ],
          [
            17.360246271,
            66.723132374
          ],
          [
            17.361791223,
            66.725099546
          ],
          [
            17.364881128,
            66.726116987
          ],
          [
            17.36762771,
            66.726388298
          ],
          [
            17.371747583,
            66.726998735
          ],
          [
            17.378442377,
            66.727337861
          ],
          [
            17.379300684,
            66.728287388
          ],
          [
            17.389085382,
            66.730186332
          ],
          [
            17.390973657,
            66.730864491
          ],
          [
            17.394406885,
            66.730932305
          ],
          [
            17.398526758,
            66.734051587
          ],
          [
            17.400930017,
            66.735543277
          ],
          [
            17.404191583,
            66.738119621
          ],
          [
            17.405736536,
            66.74056012
          ],
          [
            17.405393213,
            66.742593683
          ],
          [
            17.405908197,
            66.744220413
          ],
          [
            17.408311456,
            66.74591481
          ],
          [
            17.410886377,
            66.749438781
          ],
          [
            17.409684747,
            66.7518104
          ],
          [
            17.412946314,
            66.753843035
          ],
          [
            17.417066187,
            66.755536769
          ],
          [
            17.42376098,
            66.757162644
          ],
          [
            17.426335901,
            66.762039625
          ],
          [
            17.432344049,
            66.763326444
          ],
          [
            17.434575647,
            66.764951805
          ],
          [
            17.436807245,
            66.765967601
          ],
          [
            17.437322229,
            66.767389644
          ],
          [
            17.437665552,
            66.771655281
          ],
          [
            17.438008875,
            66.7726708
          ],
          [
            17.439382166,
            66.773550883
          ],
          [
            17.442987054,
            66.774363239
          ],
          [
            17.449681848,
            66.774430934
          ],
          [
            17.450025171,
            66.775649414
          ],
          [
            17.451913446,
            66.777206273
          ],
          [
            17.453973383,
            66.778559983
          ],
          [
            17.455518335,
            66.781199503
          ],
          [
            17.454145044,
            66.781943932
          ],
          [
            17.454145044,
            66.783635732
          ],
          [
            17.456033319,
            66.78512442
          ],
          [
            17.456204981,
            66.78674834
          ],
          [
            17.453458398,
            66.790131162
          ],
          [
            17.453458398,
            66.791890046
          ],
          [
            17.454145044,
            66.793648803
          ],
          [
            17.459809869,
            66.797436469
          ],
          [
            17.464616388,
            66.79858618
          ],
          [
            17.469422907,
            66.799871088
          ],
          [
            17.473027795,
            66.800953064
          ],
          [
            17.474572748,
            66.802373085
          ],
          [
            17.477490991,
            66.803995865
          ],
          [
            17.482984155,
            66.8053481
          ],
          [
            17.487447351,
            66.805956581
          ],
          [
            17.49105224,
            66.806159405
          ],
          [
            17.495172113,
            66.807038289
          ],
          [
            17.496373743,
            66.808187551
          ],
          [
            17.501695245,
            66.809404357
          ],
          [
            17.506158441,
            66.810283125
          ],
          [
            17.513024896,
            66.810891484
          ],
          [
            17.518689722,
            66.811229455
          ],
          [
            17.524011224,
            66.811567421
          ],
          [
            17.527959436,
            66.811770198
          ],
          [
            17.532937616,
            66.811972974
          ],
          [
            17.536714166,
            66.811499828
          ],
          [
            17.541520685,
            66.810418317
          ],
          [
            17.545125574,
            66.809066362
          ],
          [
            17.548215479,
            66.80926916
          ],
          [
            17.550275415,
            66.812108157
          ],
          [
            17.554051965,
            66.81359512
          ],
          [
            17.556455225,
            66.815622651
          ],
          [
            17.558000177,
            66.817244556
          ],
          [
            17.558858484,
            66.819001498
          ],
          [
            17.561433405,
            66.820690747
          ],
          [
            17.563493341,
            66.82217719
          ],
          [
            17.565553278,
            66.823731102
          ],
          [
            17.567956537,
            66.824947138
          ],
          [
            17.569329828,
            66.827446579
          ],
          [
            17.568471521,
            66.830891337
          ],
          [
            17.569673151,
            66.833795365
          ],
          [
            17.573793024,
            66.837306754
          ],
          [
            17.576882929,
            66.83973742
          ],
          [
            17.581689447,
            66.841627772
          ],
          [
            17.583406061,
            66.843315463
          ],
          [
            17.584951013,
            66.844193016
          ],
          [
            17.588899225,
            66.845273038
          ],
          [
            17.592160791,
            66.846218019
          ],
          [
            17.594049066,
            66.850132551
          ],
          [
            17.596452325,
            66.850942376
          ],
          [
            17.600572199,
            66.851954619
          ],
          [
            17.607095331,
            66.853101778
          ],
          [
            17.613618463,
            66.854181408
          ],
          [
            17.61825332,
            66.85559835
          ],
          [
            17.623403162,
            66.856610401
          ],
          [
            17.626836389,
            66.858566915
          ],
          [
            17.633359522,
            66.861130386
          ],
          [
            17.636449426,
            66.863019087
          ],
          [
            17.634046167,
            66.864300623
          ],
          [
            17.634046167,
            66.86524487
          ],
          [
            17.633359522,
            66.866391406
          ],
          [
            17.631127924,
            66.867133254
          ],
          [
            17.630956262,
            66.868954058
          ],
          [
            17.629754633,
            66.870572437
          ],
          [
            17.629239648,
            66.872797533
          ],
          [
            17.627694696,
            66.877651586
          ],
          [
            17.635076135,
            66.881763294
          ],
          [
            17.635076135,
            66.883043849
          ],
          [
            17.638681024,
            66.885469979
          ],
          [
            17.642114252,
            66.886480796
          ],
          [
            17.644002527,
            66.888839205
          ],
          [
            17.652242273,
            66.890523645
          ],
          [
            17.656533807,
            66.894363732
          ],
          [
            17.659452051,
            66.895172094
          ],
          [
            17.662198633,
            66.897597022
          ],
          [
            17.667348474,
            66.900291103
          ],
          [
            17.675244898,
            66.902109441
          ],
          [
            17.676274866,
            66.904735689
          ],
          [
            17.679708093,
            66.906755688
          ],
          [
            17.682969659,
            66.908573544
          ],
          [
            17.68554458,
            66.910660545
          ],
          [
            17.688634485,
            66.912343481
          ],
          [
            17.689149469,
            66.91449747
          ],
          [
            17.690007776,
            66.916180141
          ],
          [
            17.69172439,
            66.918804877
          ],
          [
            17.693097681,
            66.919208657
          ],
          [
            17.695672601,
            66.918535686
          ],
          [
            17.698075861,
            66.920150786
          ],
          [
            17.706487268,
            66.920285373
          ],
          [
            17.710607141,
            66.922034934
          ],
          [
            17.714040369,
            66.922842381
          ],
          [
            17.718160242,
            66.924524478
          ],
          [
            17.719018549,
            66.925937349
          ],
          [
            17.717857863,
            66.951726131
          ],
          [
            17.717970888,
            66.951911521
          ],
          [
            17.718050276,
            66.95224724
          ],
          [
            17.718136408,
            66.952455408
          ],
          [
            17.718078268,
            66.952686596
          ],
          [
            17.718076076,
            66.952855168
          ],
          [
            17.718612922,
            66.953154282
          ],
          [
            17.718778699,
            66.953324089
          ],
          [
            17.718959017,
            66.953436102
          ],
          [
            17.719172989,
            66.953473537
          ],
          [
            17.719741553,
            66.95349258
          ],
          [
            17.719810366,
            66.953639377
          ],
          [
            17.719740394,
            66.953858442
          ],
          [
            17.719644161,
            66.953936139
          ],
          [
            17.719614193,
            66.95404353
          ],
          [
            17.719754003,
            66.954168562
          ],
          [
            17.719747215,
            66.954201563
          ],
          [
            17.719855633,
            66.954327141
          ],
          [
            17.720218986,
            66.954481228
          ],
          [
            17.720498129,
            66.954632654
          ],
          [
            17.720624983,
            66.954633497
          ],
          [
            17.720527134,
            66.955332574
          ],
          [
            17.720444228,
            66.955658477
          ],
          [
            17.720357779,
            66.955811589
          ],
          [
            17.720328223,
            66.956213614
          ],
          [
            17.720382701,
            66.956385426
          ],
          [
            17.720512592,
            66.95660578
          ],
          [
            17.720945551,
            66.957031715
          ],
          [
            17.720944957,
            66.95717173
          ],
          [
            17.720908235,
            66.957285305
          ],
          [
            17.720796313,
            66.957438907
          ],
          [
            17.72080346,
            66.957524493
          ],
          [
            17.720908315,
            66.957691043
          ],
          [
            17.720996234,
            66.957780775
          ],
          [
            17.721221694,
            66.957949279
          ],
          [
            17.721387431,
            66.958164656
          ],
          [
            17.721451435,
            66.958296282
          ],
          [
            17.721496513,
            66.958566855
          ],
          [
            17.721508135,
            66.958931601
          ],
          [
            17.721963186,
            66.958979049
          ],
          [
            17.722264674,
            66.959056079
          ],
          [
            17.722490194,
            66.959196006
          ],
          [
            17.722750319,
            66.959320975
          ],
          [
            17.723089513,
            66.959610142
          ],
          [
            17.723196772,
            66.959650928
          ],
          [
            17.723384993,
            66.959697283
          ],
          [
            17.723598519,
            66.959713148
          ],
          [
            17.723655041,
            66.959756348
          ],
          [
            17.72391974,
            66.959859798
          ],
          [
            17.72410051,
            66.959904871
          ],
          [
            17.724244221,
            66.960032095
          ],
          [
            17.72432674,
            66.960079068
          ],
          [
            17.724410631,
            66.960310317
          ],
          [
            17.724570382,
            66.960420083
          ],
          [
            17.724637595,
            66.960490212
          ],
          [
            17.724674388,
            66.960579508
          ],
          [
            17.72508446,
            66.960823008
          ],
          [
            17.725226564,
            66.960937403
          ],
          [
            17.72545163,
            66.961044476
          ],
          [
            17.725651079,
            66.961122048
          ],
          [
            17.726118458,
            66.96124157
          ],
          [
            17.726873809,
            66.961504087
          ],
          [
            17.727624138,
            66.9617267
          ],
          [
            17.727919328,
            66.961782408
          ],
          [
            17.728088609,
            66.961851985
          ],
          [
            17.728200402,
            66.961928394
          ],
          [
            17.728291031,
            66.962039496
          ],
          [
            17.72859044,
            66.962215133
          ],
          [
            17.729147173,
            66.962637216
          ],
          [
            17.729276445,
            66.962707569
          ],
          [
            17.729718548,
            66.962857572
          ],
          [
            17.729987246,
            66.963020942
          ],
          [
            17.730153918,
            66.963156286
          ],
          [
            17.730346279,
            66.963263987
          ],
          [
            17.730496485,
            66.963326797
          ],
          [
            17.730863518,
            66.963431108
          ],
          [
            17.731424113,
            66.963537377
          ],
          [
            17.731710542,
            66.963638961
          ],
          [
            17.731881913,
            66.963667066
          ],
          [
            17.732151009,
            66.963660417
          ],
          [
            17.73255876,
            66.963625348
          ],
          [
            17.732974643,
            66.963654416
          ],
          [
            17.733724833,
            66.963759857
          ],
          [
            17.734148623,
            66.963880205
          ],
          [
            17.734351938,
            66.963987685
          ],
          [
            17.735040674,
            66.964068592
          ],
          [
            17.73779016,
            66.964255903
          ],
          [
            17.73869432,
            66.964356889
          ],
          [
            17.739275549,
            66.964397867
          ],
          [
            17.740107128,
            66.964514677
          ],
          [
            17.74013514,
            66.964812106
          ],
          [
            17.74071364,
            66.965277229
          ],
          [
            17.740926512,
            66.965688151
          ],
          [
            17.74098292,
            66.966107913
          ],
          [
            17.740936995,
            66.966406304
          ],
          [
            17.741387635,
            66.966879674
          ],
          [
            17.74189322,
            66.967228435
          ],
          [
            17.742390522,
            66.967505716
          ],
          [
            17.743040215,
            66.967593359
          ],
          [
            17.74339499,
            66.967779703
          ],
          [
            17.743604938,
            66.968114991
          ],
          [
            17.743980025,
            66.968345827
          ],
          [
            17.744565439,
            66.968541444
          ],
          [
            17.744572603,
            66.968754611
          ],
          [
            17.744634707,
            66.968949798
          ],
          [
            17.744968423,
            66.969139385
          ],
          [
            17.745365767,
            66.969482026
          ],
          [
            17.745687844,
            66.969691492
          ],
          [
            17.745931686,
            66.969958715
          ],
          [
            17.746206751,
            66.970084953
          ],
          [
            17.746684589,
            66.970226654
          ],
          [
            17.747127062,
            66.970318556
          ],
          [
            17.747385204,
            66.970478823
          ],
          [
            17.747747231,
            66.970771669
          ],
          [
            17.748112617,
            66.970983048
          ],
          [
            17.74906951,
            66.971274829
          ],
          [
            17.749519592,
            66.971529366
          ],
          [
            17.749954442,
            66.971967939
          ],
          [
            17.750110194,
            66.972067768
          ],
          [
            17.75031227,
            66.972150626
          ],
          [
            17.751026711,
            66.972319137
          ],
          [
            17.751325644,
            66.97240573
          ],
          [
            17.751605437,
            66.972506138
          ],
          [
            17.752067042,
            66.972754473
          ],
          [
            17.752229104,
            66.97291083
          ],
          [
            17.752258779,
            66.973177321
          ],
          [
            17.752323684,
            66.973327246
          ],
          [
            17.752437627,
            66.973484428
          ],
          [
            17.752708819,
            66.973754886
          ],
          [
            17.752947719,
            66.973920721
          ],
          [
            17.753171351,
            66.974011299
          ],
          [
            17.753499014,
            66.974108191
          ],
          [
            17.75391637,
            66.974206238
          ],
          [
            17.754771149,
            66.974520676
          ],
          [
            17.755128137,
            66.974695269
          ],
          [
            17.755262723,
            66.974852091
          ],
          [
            17.755275518,
            66.975399364
          ],
          [
            17.755193953,
            66.975532912
          ],
          [
            17.75518383,
            66.975627479
          ],
          [
            17.755397997,
            66.975880033
          ],
          [
            17.755242667,
            66.976155082
          ],
          [
            17.755277386,
            66.976221579
          ],
          [
            17.755452907,
            66.976312882
          ],
          [
            17.755719907,
            66.976371822
          ],
          [
            17.756153368,
            66.976552988
          ],
          [
            17.756469819,
            66.9766122
          ],
          [
            17.756683939,
            66.976740556
          ],
          [
            17.756766627,
            66.976863112
          ],
          [
            17.756901831,
            66.976963193
          ],
          [
            17.75737777,
            66.9771544
          ],
          [
            17.757798018,
            66.977279196
          ],
          [
            17.757994153,
            66.977370129
          ],
          [
            17.758288854,
            66.977602213
          ],
          [
            17.758553211,
            66.977748566
          ],
          [
            17.759012087,
            66.978214989
          ],
          [
            17.759280479,
            66.978275022
          ],
          [
            17.759484715,
            66.978376604
          ],
          [
            17.759698379,
            66.978561568
          ],
          [
            17.760603121,
            66.979074163
          ],
          [
            17.761233767,
            66.979354317
          ],
          [
            17.762081938,
            66.979792421
          ],
          [
            17.762496266,
            66.980229705
          ],
          [
            17.762853349,
            66.980404093
          ],
          [
            17.763444275,
            66.980940982
          ],
          [
            17.763915059,
            66.981450315
          ],
          [
            17.763874803,
            66.981763664
          ],
          [
            17.76376604,
            66.981897618
          ],
          [
            17.763694435,
            66.982080097
          ],
          [
            17.763844635,
            66.982311973
          ],
          [
            17.764426185,
            66.982765477
          ],
          [
            17.764587554,
            66.982913612
          ],
          [
            17.764640366,
            66.983015111
          ],
          [
            17.76498635,
            66.983273243
          ],
          [
            17.765201321,
            66.983468961
          ],
          [
            17.765266505,
            66.98361877
          ],
          [
            17.76514666,
            66.984233162
          ],
          [
            17.765256583,
            66.984352539
          ],
          [
            17.76572519,
            66.984610781
          ],
          [
            17.76627831,
            66.984752115
          ],
          [
            17.766752336,
            66.98492446
          ],
          [
            17.767074872,
            66.984975458
          ],
          [
            17.767991179,
            66.985404268
          ],
          [
            17.768504482,
            66.985497764
          ],
          [
            17.768845968,
            66.985594251
          ],
          [
            17.769042348,
            66.98571299
          ],
          [
            17.769164514,
            66.985939964
          ],
          [
            17.769260397,
            66.986542047
          ],
          [
            17.76944671,
            66.986727477
          ],
          [
            17.769746064,
            66.986816608
          ],
          [
            17.769985437,
            66.987226543
          ],
          [
            17.770272279,
            66.987447963
          ],
          [
            17.770909969,
            66.987787258
          ],
          [
            17.771236841,
            66.987875915
          ],
          [
            17.771922355,
            66.98821168
          ],
          [
            17.772369448,
            66.988327883
          ],
          [
            17.772845426,
            66.988516355
          ],
          [
            17.775301218,
            66.989096203
          ],
          [
            17.776077495,
            66.989139279
          ],
          [
            17.776495425,
            66.989180513
          ],
          [
            17.776638119,
            66.989223852
          ],
          [
            17.776730865,
            66.989373166
          ],
          [
            17.776715311,
            66.989478559
          ],
          [
            17.777210163,
            66.98977181
          ],
          [
            17.777205733,
            66.989912344
          ],
          [
            17.777253637,
            66.98996822
          ],
          [
            17.777357886,
            66.990033903
          ],
          [
            17.777537852,
            66.990276516
          ],
          [
            17.777806086,
            66.990744464
          ],
          [
            17.777989863,
            66.990900572
          ],
          [
            17.778125071,
            66.991173693
          ],
          [
            17.778532296,
            66.991568789
          ],
          [
            17.778641837,
            66.991858581
          ],
          [
            17.77957982,
            66.992862976
          ],
          [
            17.779910942,
            66.993331635
          ],
          [
            17.780119152,
            66.993460291
          ],
          [
            17.780511963,
            66.99362338
          ],
          [
            17.781658036,
            66.993862215
          ],
          [
            17.78220074,
            66.993957911
          ],
          [
            17.783147707,
            66.994205795
          ],
          [
            17.784076841,
            66.994537723
          ],
          [
            17.784552565,
            66.994888522
          ],
          [
            17.78469945,
            66.995142517
          ],
          [
            17.784889251,
            66.995290415
          ],
          [
            17.785290102,
            66.995412934
          ],
          [
            17.785493068,
            66.995495762
          ],
          [
            17.785682554,
            66.995700387
          ],
          [
            17.78604585,
            66.99585599
          ],
          [
            17.786367848,
            66.996190606
          ],
          [
            17.787290326,
            66.996998054
          ],
          [
            17.787403726,
            66.997141902
          ],
          [
            17.78770974,
            66.997279616
          ],
          [
            17.788443601,
            66.99747454
          ],
          [
            17.789204367,
            66.997604141
          ],
          [
            17.789440842,
            66.997618837
          ],
          [
            17.789830197,
            66.997819888
          ],
          [
            17.79016982,
            66.998127183
          ],
          [
            17.790702155,
            66.998228582
          ],
          [
            17.790611184,
            66.998300296
          ],
          [
            17.790621857,
            66.998391943
          ],
          [
            17.79081141,
            66.998596561
          ],
          [
            17.791065775,
            66.998705477
          ],
          [
            17.791440726,
            66.998782524
          ],
          [
            17.791663118,
            66.998854195
          ],
          [
            17.791798161,
            66.998946325
          ],
          [
            17.792387563,
            66.999380505
          ],
          [
            17.792536462,
            66.999650673
          ],
          [
            17.792511177,
            66.999848306
          ],
          [
            17.792526962,
            67.000161374
          ],
          [
            17.792595948,
            67.000338418
          ],
          [
            17.792699974,
            67.000401393
          ],
          [
            17.792731651,
            67.000495374
          ],
          [
            17.792673739,
            67.000590945
          ],
          [
            17.792482113,
            67.000783456
          ],
          [
            17.792419517,
            67.000898026
          ],
          [
            17.793310479,
            67.001913018
          ],
          [
            17.793349717,
            67.002071398
          ],
          [
            17.793513322,
            67.00240821
          ],
          [
            17.793847215,
            67.002395432
          ],
          [
            17.794760995,
            67.002543517
          ],
          [
            17.795370938,
            67.002570324
          ],
          [
            17.796482939,
            67.002644745
          ],
          [
            17.797313776,
            67.002732292
          ],
          [
            17.798196763,
            67.002735314
          ],
          [
            17.798522688,
            67.002751027
          ],
          [
            17.798997859,
            67.002804513
          ],
          [
            17.800057848,
            67.003022752
          ],
          [
            17.801150026,
            67.003221528
          ],
          [
            17.802196593,
            67.003442684
          ],
          [
            17.803032259,
            67.003805154
          ],
          [
            17.803283549,
            67.003889615
          ],
          [
            17.803601423,
            67.003954003
          ],
          [
            17.804083459,
            67.004182611
          ],
          [
            17.804742126,
            67.004329851
          ],
          [
            17.805102431,
            67.004520203
          ],
          [
            17.805327337,
            67.004731867
          ],
          [
            17.805614104,
            67.004883096
          ],
          [
            17.806327924,
            67.005088647
          ],
          [
            17.807597778,
            67.005389341
          ],
          [
            17.807991814,
            67.005514369
          ],
          [
            17.808431892,
            67.005679011
          ],
          [
            17.809365029,
            67.005872506
          ],
          [
            17.809646746,
            67.005980679
          ],
          [
            17.810053802,
            67.006216017
          ],
          [
            17.810483338,
            67.006407809
          ],
          [
            17.810781576,
            67.006480629
          ],
          [
            17.811114131,
            67.006668774
          ],
          [
            17.811125558,
            67.006765632
          ],
          [
            17.811281882,
            67.006892251
          ],
          [
            17.811480986,
            67.007128721
          ],
          [
            17.811525766,
            67.007390723
          ],
          [
            17.811647626,
            67.007488295
          ],
          [
            17.81177818,
            67.007717834
          ],
          [
            17.81223187,
            67.00793884
          ],
          [
            17.81268697,
            67.008229929
          ],
          [
            17.81338761,
            67.00832245
          ],
          [
            17.814702767,
            67.00812882
          ],
          [
            17.815843675,
            67.008094728
          ],
          [
            17.816164391,
            67.008123992
          ],
          [
            17.816717448,
            67.008251517
          ],
          [
            17.817097592,
            67.008433393
          ],
          [
            17.817370673,
            67.008490837
          ],
          [
            17.818244555,
            67.008531665
          ],
          [
            17.819083317,
            67.008683675
          ],
          [
            17.819722869,
            67.009017246
          ],
          [
            17.819975593,
            67.009287716
          ],
          [
            17.820289843,
            67.009495049
          ],
          [
            17.820518999,
            67.0095664
          ],
          [
            17.821423588,
            67.009749561
          ],
          [
            17.821627079,
            67.009953505
          ],
          [
            17.821676154,
            67.010367876
          ],
          [
            17.821836126,
            67.010553729
          ],
          [
            17.822018534,
            67.010696035
          ],
          [
            17.822245565,
            67.010923819
          ],
          [
            17.822597622,
            67.011100804
          ],
          [
            17.822898793,
            67.01131376
          ],
          [
            17.823182491,
            67.011553995
          ],
          [
            17.82327797,
            67.011719444
          ],
          [
            17.823506981,
            67.011847428
          ],
          [
            17.82494767,
            67.011896825
          ],
          [
            17.825789357,
            67.011897748
          ],
          [
            17.826140227,
            67.011948005
          ],
          [
            17.827775916,
            67.012515589
          ],
          [
            17.828383226,
            67.012712032
          ],
          [
            17.829038727,
            67.012848469
          ],
          [
            17.830035595,
            67.01284178
          ],
          [
            17.830971725,
            67.012785063
          ],
          [
            17.831664638,
            67.01276755
          ],
          [
            17.832118646,
            67.01282683
          ],
          [
            17.833017197,
            67.0134027
          ],
          [
            17.833348793,
            67.013894376
          ],
          [
            17.833877155,
            67.014121761
          ],
          [
            17.835086108,
            67.014463608
          ],
          [
            17.835590333,
            67.014780157
          ],
          [
            17.83612169,
            67.014913364
          ],
          [
            17.836552567,
            67.015123338
          ],
          [
            17.836595748,
            67.015259735
          ],
          [
            17.836690158,
            67.015362952
          ],
          [
            17.836855412,
            67.01548375
          ],
          [
            17.838472944,
            67.01614648
          ],
          [
            17.841748659,
            67.017584113
          ],
          [
            17.842291789,
            67.017878446
          ],
          [
            17.84235716,
            67.018027886
          ],
          [
            17.842894953,
            67.018634247
          ],
          [
            17.84313049,
            67.01876726
          ],
          [
            17.843600231,
            67.018842362
          ],
          [
            17.843786902,
            67.018849835
          ],
          [
            17.843816749,
            67.018929988
          ],
          [
            17.843714522,
            67.019058173
          ],
          [
            17.843687396,
            67.019300672
          ],
          [
            17.843968064,
            67.020064828
          ],
          [
            17.844433031,
            67.020755831
          ],
          [
            17.845026586,
            67.021052774
          ],
          [
            17.846483072,
            67.021328336
          ],
          [
            17.846823606,
            67.021416461
          ],
          [
            17.84695466,
            67.021478696
          ],
          [
            17.847809453,
            67.021549697
          ],
          [
            17.84837537,
            67.021682258
          ],
          [
            17.848626928,
            67.021774637
          ],
          [
            17.848785116,
            67.021892867
          ],
          [
            17.84956365,
            67.022376648
          ],
          [
            17.850791401,
            67.022995032
          ],
          [
            17.851696119,
            67.023140429
          ],
          [
            17.853190041,
            67.023321153
          ],
          [
            17.853906509,
            67.023504819
          ],
          [
            17.855081546,
            67.02384443
          ],
          [
            17.855678132,
            67.024003314
          ],
          [
            17.855973764,
            67.024119115
          ],
          [
            17.856315842,
            67.024338957
          ],
          [
            17.856681833,
            67.024765449
          ],
          [
            17.856957156,
            67.024884289
          ],
          [
            17.857355852,
            67.024998264
          ],
          [
            17.85825645,
            67.025463708
          ],
          [
            17.858329404,
            67.025677551
          ],
          [
            17.858191636,
            67.025916331
          ],
          [
            17.858279914,
            67.026027611
          ],
          [
            17.859133405,
            67.026340468
          ],
          [
            17.859136322,
            67.026426373
          ],
          [
            17.859228887,
            67.026575184
          ],
          [
            17.859716621,
            67.027055571
          ],
          [
            17.859927924,
            67.027221121
          ],
          [
            17.861623436,
            67.027761073
          ],
          [
            17.862113382,
            67.027838499
          ],
          [
            17.86254861,
            67.027857777
          ],
          [
            17.863811965,
            67.028147356
          ],
          [
            17.864064899,
            67.028255769
          ],
          [
            17.864505642,
            67.028323299
          ],
          [
            17.864822888,
            67.028392979
          ],
          [
            17.865763967,
            67.028809038
          ],
          [
            17.866377547,
            67.029126045
          ],
          [
            17.866626527,
            67.029199599
          ],
          [
            17.867306157,
            67.029252207
          ],
          [
            17.869032893,
            67.029416986
          ],
          [
            17.869605706,
            67.029428486
          ],
          [
            17.869836838,
            67.029479248
          ],
          [
            17.870186735,
            67.029645464
          ],
          [
            17.870969608,
            67.029776487
          ],
          [
            17.87133533,
            67.029800398
          ],
          [
            17.872517222,
            67.029784908
          ],
          [
            17.873496682,
            67.0297564
          ],
          [
            17.876116004,
            67.029844393
          ],
          [
            17.877828405,
            67.029975319
          ],
          [
            17.878959564,
            67.030129535
          ],
          [
            17.879586699,
            67.030353593
          ],
          [
            17.88140583,
            67.030521372
          ],
          [
            17.882228051,
            67.030565608
          ],
          [
            17.884897702,
            67.030358497
          ],
          [
            17.88549003,
            67.030369721
          ],
          [
            17.886156291,
            67.03050449
          ],
          [
            17.887891484,
            67.030589367
          ],
          [
            17.889144967,
            67.030664331
          ],
          [
            17.889378698,
            67.030750581
          ],
          [
            17.889665632,
            67.030942833
          ],
          [
            17.890881448,
            67.031035965
          ],
          [
            17.89126852,
            67.031084978
          ],
          [
            17.892385148,
            67.031064987
          ],
          [
            17.89351775,
            67.030996583
          ],
          [
            17.894525902,
            67.030825503
          ],
          [
            17.894981293,
            67.030830599
          ],
          [
            17.895658674,
            67.030759621
          ],
          [
            17.896558388,
            67.030617652
          ],
          [
            17.896944549,
            67.030653963
          ],
          [
            17.897151057,
            67.030722731
          ],
          [
            17.897698549,
            67.031011063
          ],
          [
            17.898100437,
            67.031174102
          ],
          [
            17.898406909,
            67.031366119
          ],
          [
            17.898634878,
            67.031640235
          ],
          [
            17.898893829,
            67.031893693
          ],
          [
            17.900055188,
            67.032934055
          ],
          [
            17.900814984,
            67.033458583
          ],
          [
            17.900990869,
            67.033641895
          ],
          [
            17.902125556,
            67.034403358
          ],
          [
            17.902754521,
            67.034558781
          ],
          [
            17.903248188,
            67.034642103
          ],
          [
            17.905291097,
            67.034840111
          ],
          [
            17.906032747,
            67.034935887
          ],
          [
            17.907539284,
            67.035177928
          ],
          [
            17.908635096,
            67.035404252
          ],
          [
            17.909174657,
            67.035580956
          ],
          [
            17.911629559,
            67.035861122
          ],
          [
            17.912165775,
            67.035931455
          ],
          [
            17.913050642,
            67.035936203
          ],
          [
            17.913225157,
            67.035905967
          ],
          [
            17.913853556,
            67.035898434
          ],
          [
            17.914614948,
            67.035999322
          ],
          [
            17.915122868,
            67.036126261
          ],
          [
            17.915980942,
            67.036289928
          ],
          [
            17.916530887,
            67.036367753
          ],
          [
            17.917194215,
            67.03638793
          ],
          [
            17.918214748,
            67.036534296
          ],
          [
            17.918616477,
            67.03656017
          ],
          [
            17.9192918,
            67.036649263
          ],
          [
            17.920704716,
            67.036785777
          ],
          [
            17.922222683,
            67.037007991
          ],
          [
            17.923014761,
            67.037164742
          ],
          [
            17.923892072,
            67.037404897
          ],
          [
            17.924835722,
            67.037820759
          ],
          [
            17.925579647,
            67.038113681
          ],
          [
            17.926231939,
            67.038407691
          ],
          [
            17.926867997,
            67.038579107
          ],
          [
            17.92727954,
            67.038645766
          ],
          [
            17.928748023,
            67.039068073
          ],
          [
            17.929601505,
            67.039336623
          ],
          [
            17.930120849,
            67.039440348
          ],
          [
            17.930633705,
            67.039462298
          ],
          [
            17.931424515,
            67.039601111
          ],
          [
            17.932339443,
            67.039817733
          ],
          [
            17.933048814,
            67.040003587
          ],
          [
            17.935042523,
            67.041013005
          ],
          [
            17.935552849,
            67.041249871
          ],
          [
            17.936447382,
            67.042362139
          ],
          [
            17.936768587,
            67.042857122
          ],
          [
            17.936921567,
            67.042967826
          ],
          [
            17.93712695,
            67.043077904
          ],
          [
            17.938079484,
            67.043352881
          ],
          [
            17.938346876,
            67.043418716
          ],
          [
            17.938528322,
            67.043557221
          ],
          [
            17.939484206,
            67.043788546
          ],
          [
            17.940013131,
            67.043764218
          ],
          [
            17.941137885,
            67.043814504
          ],
          [
            17.941639829,
            67.043780262
          ],
          [
            17.942028407,
            67.043721815
          ],
          [
            17.94278933,
            67.043432002
          ],
          [
            17.94294795,
            67.043429071
          ],
          [
            17.94294795,
            67.043429071
          ],
          [
            17.943282328,
            67.043420026
          ],
          [
            17.944401737,
            67.04364944
          ],
          [
            17.944772472,
            67.043696097
          ],
          [
            17.945886488,
            67.043753327
          ],
          [
            17.946212438,
            67.043813316
          ],
          [
            17.946496014,
            67.043917312
          ],
          [
            17.946682223,
            67.043950859
          ],
          [
            17.947513772,
            67.044022588
          ],
          [
            17.948405578,
            67.043859169
          ],
          [
            17.948758089,
            67.043852641
          ],
          [
            17.949122305,
            67.043942453
          ],
          [
            17.949825277,
            67.044192942
          ],
          [
            17.949646101,
            67.044541496
          ],
          [
            17.94943373,
            67.045081349
          ],
          [
            17.949504739,
            67.04531329
          ],
          [
            17.950243682,
            67.046028284
          ],
          [
            17.950502374,
            67.046311662
          ],
          [
            17.951056351,
            67.046680971
          ],
          [
            17.952045423,
            67.046998917
          ],
          [
            17.952646473,
            67.047055528
          ],
          [
            17.952919853,
            67.047031711
          ],
          [
            17.953172749,
            67.04694484
          ],
          [
            17.953402893,
            67.047114785
          ],
          [
            17.953595629,
            67.047370623
          ],
          [
            17.953913242,
            67.047672764
          ],
          [
            17.954089617,
            67.047759154
          ],
          [
            17.954353491,
            67.047859166
          ],
          [
            17.954420324,
            67.048012135
          ],
          [
            17.954530362,
            67.048143634
          ],
          [
            17.954781136,
            67.048292796
          ],
          [
            17.955173343,
            67.04846476
          ],
          [
            17.955873909,
            67.049016223
          ],
          [
            17.956222067,
            67.049200298
          ],
          [
            17.956595743,
            67.049308325
          ],
          [
            17.956663045,
            67.049367385
          ],
          [
            17.956690089,
            67.049445294
          ],
          [
            17.956611426,
            67.049642437
          ],
          [
            17.956649711,
            67.049754831
          ],
          [
            17.956710597,
            67.049790872
          ],
          [
            17.956887638,
            67.04980908
          ],
          [
            17.956874053,
            67.049878819
          ],
          [
            17.956942969,
            67.049998303
          ],
          [
            17.956863524,
            67.050092555
          ],
          [
            17.956886469,
            67.050237431
          ],
          [
            17.957112596,
            67.050447555
          ],
          [
            17.95718923,
            67.050502563
          ],
          [
            17.957379324,
            67.050592529
          ],
          [
            17.957518329,
            67.050791592
          ],
          [
            17.95760882,
            67.0508759
          ],
          [
            17.95772022,
            67.050944341
          ],
          [
            17.957887443,
            67.051181408
          ],
          [
            17.957879405,
            67.051267762
          ],
          [
            17.958275359,
            67.051515529
          ],
          [
            17.958558644,
            67.051612562
          ],
          [
            17.958908191,
            67.05176096
          ],
          [
            17.95946562,
            67.051790577
          ],
          [
            17.959577016,
            67.051834577
          ],
          [
            17.959578617,
            67.052064779
          ],
          [
            17.959619853,
            67.05215011
          ],
          [
            17.959620339,
            67.05229931
          ],
          [
            17.959715508,
            67.052539159
          ],
          [
            17.95969254,
            67.053003381
          ],
          [
            17.959810705,
            67.053350422
          ],
          [
            17.95994509,
            67.053643882
          ],
          [
            17.960141446,
            67.053823722
          ],
          [
            17.960528588,
            67.054014391
          ],
          [
            17.960646403,
            67.054056969
          ],
          [
            17.960833067,
            67.054170151
          ],
          [
            17.961253707,
            67.054283634
          ],
          [
            17.96155286,
            67.054303159
          ],
          [
            17.961813906,
            67.05443023
          ],
          [
            17.961958838,
            67.054454238
          ],
          [
            17.962198142,
            67.054445415
          ],
          [
            17.96244444,
            67.054512342
          ],
          [
            17.962911027,
            67.054575987
          ],
          [
            17.963640067,
            67.054776963
          ],
          [
            17.964055835,
            67.054854516
          ],
          [
            17.964484397,
            67.054929235
          ],
          [
            17.965162295,
            67.054996205
          ],
          [
            17.965351894,
            67.05505787
          ],
          [
            17.96544722,
            67.05510477
          ],
          [
            17.965630042,
            67.055286203
          ],
          [
            17.965782821,
            67.05536792
          ],
          [
            17.966062246,
            67.055484317
          ],
          [
            17.966727974,
            67.055631284
          ],
          [
            17.96715959,
            67.055776683
          ],
          [
            17.967296485,
            67.055862591
          ],
          [
            17.967309587,
            67.055958788
          ],
          [
            17.967521018,
            67.056451214
          ],
          [
            17.9676083,
            67.057398428
          ],
          [
            17.967717807,
            67.057708947
          ],
          [
            17.967829311,
            67.057918967
          ],
          [
            17.967826915,
            67.058258211
          ],
          [
            17.967949327,
            67.058358576
          ],
          [
            17.968074324,
            67.058599087
          ],
          [
            17.968131788,
            67.058633913
          ],
          [
            17.968318096,
            67.058671206
          ],
          [
            17.968442849,
            67.058716208
          ],
          [
            17.96856403,
            67.058928498
          ],
          [
            17.968666325,
            67.059002265
          ],
          [
            17.968614483,
            67.059153832
          ],
          [
            17.968717117,
            67.059205729
          ],
          [
            17.969100537,
            67.059335393
          ],
          [
            17.969350634,
            67.05935721
          ],
          [
            17.969447356,
            67.059389931
          ],
          [
            17.969640533,
            67.059501681
          ],
          [
            17.969813831,
            67.059516094
          ],
          [
            17.970060068,
            67.059606157
          ],
          [
            17.970234708,
            67.059619494
          ],
          [
            17.97035481,
            67.059688834
          ],
          [
            17.970400954,
            67.059746174
          ],
          [
            17.970833004,
            67.059843978
          ],
          [
            17.97105034,
            67.059909394
          ],
          [
            17.971424889,
            67.060050792
          ],
          [
            17.971491452,
            67.060112671
          ],
          [
            17.97180957,
            67.060212301
          ],
          [
            17.972034927,
            67.060304251
          ],
          [
            17.972144587,
            67.060424829
          ],
          [
            17.972460614,
            67.060585642
          ],
          [
            17.972518315,
            67.060963659
          ],
          [
            17.972680652,
            67.061086621
          ],
          [
            17.972678527,
            67.061202595
          ],
          [
            17.972736891,
            67.061328385
          ],
          [
            17.973083424,
            67.061623391
          ],
          [
            17.973203993,
            67.061695261
          ],
          [
            17.973310361,
            67.061833758
          ],
          [
            17.973475429,
            67.061917161
          ],
          [
            17.973560735,
            67.061992544
          ],
          [
            17.97384623,
            67.06233184
          ],
          [
            17.974359288,
            67.062635515
          ],
          [
            17.974957125,
            67.062902787
          ],
          [
            17.975590224,
            67.063094002
          ],
          [
            17.976125174,
            67.063333442
          ],
          [
            17.976800149,
            67.063744292
          ],
          [
            17.978110777,
            67.064850971
          ],
          [
            17.978478337,
            67.06505873
          ],
          [
            17.979275898,
            67.065377375
          ],
          [
            17.979845077,
            67.065894606
          ],
          [
            17.980491914,
            67.066317569
          ],
          [
            17.981581173,
            67.066830876
          ],
          [
            17.983863833,
            67.067977326
          ],
          [
            17.984203573,
            67.068200096
          ],
          [
            17.984604577,
            67.068558043
          ],
          [
            17.985299538,
            67.068887274
          ],
          [
            17.986742871,
            67.069254689
          ],
          [
            17.987501373,
            67.069495714
          ],
          [
            17.988270593,
            67.069823549
          ],
          [
            17.9902637,
            67.070366254
          ],
          [
            17.99109623,
            67.070530452
          ],
          [
            17.994172091,
            67.072279205
          ],
          [
            17.996658145,
            67.07300554
          ],
          [
            17.999106726,
            67.073439543
          ],
          [
            18.000631923,
            67.073857135
          ],
          [
            18.002295733,
            67.07425322
          ],
          [
            18.004085477,
            67.07462321
          ],
          [
            18.005365334,
            67.074733041
          ],
          [
            18.006198111,
            67.074935741
          ],
          [
            18.00685602,
            67.075073209
          ],
          [
            18.009549971,
            67.075483384
          ],
          [
            18.010557416,
            67.075507064
          ],
          [
            18.011773443,
            67.075503056
          ],
          [
            18.012306945,
            67.075435895
          ],
          [
            18.01312336,
            67.075445372
          ],
          [
            18.013836471,
            67.075475582
          ],
          [
            18.014515293,
            67.075432828
          ],
          [
            18.015124485,
            67.075479166
          ],
          [
            18.015692958,
            67.075489549
          ],
          [
            18.015969821,
            67.07552486
          ],
          [
            18.01621402,
            67.07557933
          ],
          [
            18.016644607,
            67.075615825
          ],
          [
            18.017285098,
            67.0757951
          ],
          [
            18.017583136,
            67.07589445
          ],
          [
            18.018059488,
            67.076082
          ],
          [
            18.01848639,
            67.076173863
          ],
          [
            18.018904524,
            67.076206026
          ],
          [
            18.019863296,
            67.076461152
          ],
          [
            18.020498767,
            67.076525317
          ],
          [
            18.021085469,
            67.076659704
          ],
          [
            18.021502365,
            67.077005245
          ],
          [
            18.022349469,
            67.077143033
          ],
          [
            18.023039101,
            67.077173729
          ],
          [
            18.023821278,
            67.077271482
          ],
          [
            18.024737335,
            67.077315546
          ],
          [
            18.025355361,
            67.077421569
          ],
          [
            18.026471512,
            67.077299861
          ],
          [
            18.027342792,
            67.077280399
          ],
          [
            18.0281909,
            67.077344401
          ],
          [
            18.0290838,
            67.07747191
          ],
          [
            18.029773557,
            67.077663867
          ],
          [
            18.030373111,
            67.077732959
          ],
          [
            18.032078999,
            67.077676825
          ],
          [
            18.033014016,
            67.077849457
          ],
          [
            18.0340546,
            67.077936767
          ],
          [
            18.035085339,
            67.077876829
          ],
          [
            18.035803981,
            67.077943688
          ],
          [
            18.036978585,
            67.078138582
          ],
          [
            18.037939222,
            67.078324437
          ],
          [
            18.03890717,
            67.078399514
          ],
          [
            18.039747902,
            67.078412927
          ],
          [
            18.04117169,
            67.07845474
          ],
          [
            18.041352847,
            67.078614319
          ],
          [
            18.041488629,
            67.078814038
          ],
          [
            18.041976083,
            67.079075001
          ],
          [
            18.043107992,
            67.079220114
          ],
          [
            18.04398495,
            67.079398597
          ],
          [
            18.044864645,
            67.079595448
          ],
          [
            18.045514507,
            67.079755982
          ],
          [
            18.045700189,
            67.079853217
          ],
          [
            18.045933097,
            67.079910212
          ],
          [
            18.046308791,
            67.080053884
          ],
          [
            18.046680067,
            67.080167703
          ],
          [
            18.047214523,
            67.08038617
          ],
          [
            18.04739049,
            67.080497453
          ],
          [
            18.048114726,
            67.080840719
          ],
          [
            18.04885381,
            67.081084541
          ],
          [
            18.049085619,
            67.081173824
          ],
          [
            18.049134985,
            67.08122803
          ],
          [
            18.049290912,
            67.081323631
          ],
          [
            18.049570057,
            67.08145333
          ],
          [
            18.04970108,
            67.081540274
          ],
          [
            18.04993786,
            67.081583353
          ],
          [
            18.050343721,
            67.081730946
          ],
          [
            18.051081293,
            67.082043937
          ],
          [
            18.051889389,
            67.082154825
          ],
          [
            18.0522698,
            67.082249987
          ],
          [
            18.052626874,
            67.08238715
          ],
          [
            18.052924279,
            67.082560232
          ],
          [
            18.053022911,
            67.082587975
          ],
          [
            18.054000601,
            67.082766488
          ],
          [
            18.054437715,
            67.082765863
          ],
          [
            18.054547463,
            67.08278875
          ],
          [
            18.0547265,
            67.082800845
          ],
          [
            18.055160932,
            67.082901699
          ],
          [
            18.056032743,
            67.083043402
          ],
          [
            18.056297193,
            67.083113499
          ],
          [
            18.056596044,
            67.083136737
          ],
          [
            18.056864362,
            67.083192921
          ],
          [
            18.056983735,
            67.083240934
          ],
          [
            18.057501856,
            67.083268442
          ],
          [
            18.057902879,
            67.083303196
          ],
          [
            18.05856923,
            67.083334278
          ],
          [
            18.059901888,
            67.083564724
          ],
          [
            18.061802554,
            67.083664226
          ],
          [
            18.062201732,
            67.083697946
          ],
          [
            18.062553212,
            67.083757803
          ],
          [
            18.062852601,
            67.083772049
          ],
          [
            18.064177898,
            67.083662583
          ],
          [
            18.06433553,
            67.083549799
          ],
          [
            18.064580046,
            67.08357025
          ],
          [
            18.065274934,
            67.083535054
          ],
          [
            18.066574671,
            67.083530291
          ],
          [
            18.067348857,
            67.083720387
          ],
          [
            18.068464609,
            67.083800178
          ],
          [
            18.069096958,
            67.083795908
          ],
          [
            18.069458453,
            67.083913915
          ],
          [
            18.070173462,
            67.084091776
          ],
          [
            18.071377331,
            67.084142804
          ],
          [
            18.072556176,
            67.084095676
          ],
          [
            18.073353874,
            67.084038601
          ],
          [
            18.074375265,
            67.083851256
          ],
          [
            18.075210299,
            67.083564666
          ],
          [
            18.076022899,
            67.083448961
          ],
          [
            18.076707055,
            67.083403209
          ],
          [
            18.077436227,
            67.083266828
          ],
          [
            18.078276864,
            67.083437532
          ],
          [
            18.078654464,
            67.083671778
          ],
          [
            18.07889819,
            67.083769805
          ],
          [
            18.080234811,
            67.083782096
          ],
          [
            18.082386548,
            67.08353059
          ],
          [
            18.083458697,
            67.083378005
          ],
          [
            18.084309425,
            67.083122427
          ],
          [
            18.085285126,
            67.08285525
          ],
          [
            18.086590745,
            67.082643906
          ],
          [
            18.087437342,
            67.082537109
          ],
          [
            18.087917767,
            67.082609131
          ],
          [
            18.088670515,
            67.082596687
          ],
          [
            18.089535457,
            67.082757352
          ],
          [
            18.09031234,
            67.082798992
          ],
          [
            18.091078546,
            67.082707831
          ],
          [
            18.09227857,
            67.082436277
          ],
          [
            18.095585634,
            67.082190507
          ],
          [
            18.097295855,
            67.082283173
          ],
          [
            18.098624479,
            67.082135414
          ],
          [
            18.099984282,
            67.082043321
          ],
          [
            18.101000831,
            67.081901609
          ],
          [
            18.102275393,
            67.08189557
          ],
          [
            18.102757828,
            67.081904949
          ],
          [
            18.103573945,
            67.081889063
          ],
          [
            18.104613278,
            67.081737501
          ],
          [
            18.106961931,
            67.081663603
          ],
          [
            18.108891757,
            67.082076226
          ],
          [
            18.110334897,
            67.082482032
          ],
          [
            18.111151309,
            67.082653767
          ],
          [
            18.111770385,
            67.08281156
          ],
          [
            18.112597574,
            67.083063767
          ],
          [
            18.113691783,
            67.083162593
          ],
          [
            18.114622343,
            67.083327501
          ],
          [
            18.115647283,
            67.083338068
          ],
          [
            18.116321562,
            67.083306427
          ],
          [
            18.117430373,
            67.083342175
          ],
          [
            18.118531427,
            67.083319779
          ],
          [
            18.119412636,
            67.083373586
          ],
          [
            18.121139413,
            67.083558131
          ],
          [
            18.123779374,
            67.083863036
          ],
          [
            18.125406971,
            67.084005936
          ],
          [
            18.127052559,
            67.084196301
          ],
          [
            18.12868279,
            67.084434867
          ],
          [
            18.129917319,
            67.084560202
          ],
          [
            18.131436341,
            67.084801175
          ],
          [
            18.132373494,
            67.084876415
          ],
          [
            18.134196587,
            67.085058471
          ],
          [
            18.135562809,
            67.085167821
          ],
          [
            18.135927841,
            67.085377448
          ],
          [
            18.137026976,
            67.085801688
          ],
          [
            18.137885971,
            67.086030955
          ],
          [
            18.138841149,
            67.086462685
          ],
          [
            18.140605415,
            67.087163942
          ],
          [
            18.141588898,
            67.087481865
          ],
          [
            18.142634939,
            67.087846286
          ],
          [
            18.14348277,
            67.087997424
          ],
          [
            18.144796538,
            67.088051268
          ],
          [
            18.145503325,
            67.088153255
          ],
          [
            18.146363415,
            67.088234462
          ],
          [
            18.147182282,
            67.088416693
          ],
          [
            18.147739433,
            67.088487142
          ],
          [
            18.148858131,
            67.088658407
          ],
          [
            18.150063812,
            67.088736343
          ],
          [
            18.153722548,
            67.089334824
          ],
          [
            18.154207054,
            67.089520023
          ],
          [
            18.154800969,
            67.089689756
          ],
          [
            18.155298515,
            67.089887723
          ],
          [
            18.156647021,
            67.090180106
          ],
          [
            18.157436429,
            67.090389045
          ],
          [
            18.158240759,
            67.090623763
          ],
          [
            18.159412959,
            67.090624025
          ],
          [
            18.16050392,
            67.090756654
          ],
          [
            18.160990619,
            67.090802493
          ],
          [
            18.161979112,
            67.090767612
          ],
          [
            18.162652454,
            67.090791921
          ],
          [
            18.162997005,
            67.090858309
          ],
          [
            18.163120258,
            67.090938291
          ],
          [
            18.163392593,
            67.091045451
          ],
          [
            18.164428413,
            67.091335964
          ],
          [
            18.164758094,
            67.091607259
          ],
          [
            18.165292131,
            67.091978512
          ],
          [
            18.165575672,
            67.092316113
          ],
          [
            18.166137201,
            67.092569226
          ],
          [
            18.166736957,
            67.092777963
          ],
          [
            18.16774233,
            67.092781847
          ],
          [
            18.168769586,
            67.092859248
          ],
          [
            18.17032139,
            67.093012081
          ],
          [
            18.171173349,
            67.0931891
          ],
          [
            18.17237488,
            67.093619552
          ],
          [
            18.173328326,
            67.093803018
          ],
          [
            18.174093589,
            67.093921006
          ],
          [
            18.175003161,
            67.09410979
          ],
          [
            18.175239934,
            67.094278659
          ],
          [
            18.176023461,
            67.094674815
          ],
          [
            18.17746502,
            67.094912734
          ],
          [
            18.178988533,
            67.095246718
          ],
          [
            18.180031463,
            67.095367559
          ],
          [
            18.180404505,
            67.09547079
          ],
          [
            18.180563378,
            67.095622831
          ],
          [
            18.182086055,
            67.095952574
          ],
          [
            18.18332135,
            67.096159545
          ],
          [
            18.183874327,
            67.096540017
          ],
          [
            18.184958534,
            67.096707471
          ],
          [
            18.18606289,
            67.096796363
          ],
          [
            18.187066007,
            67.096944194
          ],
          [
            18.188219953,
            67.096997102
          ],
          [
            18.189201679,
            67.096885304
          ],
          [
            18.190427296,
            67.096901679
          ],
          [
            18.191994794,
            67.096835599
          ],
          [
            18.193263024,
            67.096642735
          ],
          [
            18.194347283,
            67.096673404
          ],
          [
            18.195141498,
            67.096470961
          ],
          [
            18.196455445,
            67.096318095
          ],
          [
            18.196795543,
            67.096357086
          ],
          [
            18.197093169,
            67.096408009
          ],
          [
            18.197251529,
            67.096523201
          ],
          [
            18.197263374,
            67.096659479
          ],
          [
            18.197134718,
            67.096753834
          ],
          [
            18.197034641,
            67.096932802
          ],
          [
            18.197120267,
            67.096996263
          ],
          [
            18.198455151,
            67.097263391
          ],
          [
            18.199037708,
            67.097421916
          ],
          [
            18.199457876,
            67.097606282
          ],
          [
            18.200146058,
            67.097731748
          ],
          [
            18.200602979,
            67.097672346
          ],
          [
            18.201396096,
            67.097430875
          ],
          [
            18.201753947,
            67.097443385
          ],
          [
            18.202213766,
            67.097401251
          ],
          [
            18.202645063,
            67.09725577
          ],
          [
            18.203160221,
            67.097212217
          ],
          [
            18.203998981,
            67.097121697
          ],
          [
            18.204397222,
            67.09742766
          ],
          [
            18.204717056,
            67.09761022
          ],
          [
            18.205445612,
            67.097842929
          ],
          [
            18.205984266,
            67.09856305
          ],
          [
            18.206301446,
            67.099610619
          ],
          [
            18.206275497,
            67.099975968
          ],
          [
            18.207213384,
            67.100016795
          ],
          [
            18.208177291,
            67.099930743
          ],
          [
            18.208733135,
            67.10018744
          ],
          [
            18.209095416,
            67.100519198
          ],
          [
            18.209123932,
            67.10101713
          ],
          [
            18.209207722,
            67.101184092
          ],
          [
            18.20957449,
            67.101338302
          ],
          [
            18.210778713,
            67.101558678
          ],
          [
            18.212526369,
            67.101752316
          ],
          [
            18.212855534,
            67.101942945
          ],
          [
            18.213465856,
            67.101962217
          ],
          [
            18.214882261,
            67.101949456
          ],
          [
            18.215632979,
            67.101957996
          ],
          [
            18.217042061,
            67.101890136
          ],
          [
            18.217994478,
            67.102044513
          ],
          [
            18.218627089,
            67.102079094
          ],
          [
            18.219669366,
            67.101994939
          ],
          [
            18.220940876,
            67.102111301
          ],
          [
            18.222966293,
            67.102259768
          ],
          [
            18.225105861,
            67.102200738
          ],
          [
            18.225964466,
            67.10219189
          ],
          [
            18.227725488,
            67.102367663
          ],
          [
            18.228601153,
            67.102276314
          ],
          [
            18.230836696,
            67.102568675
          ],
          [
            18.232234491,
            67.102813459
          ],
          [
            18.233902203,
            67.102963163
          ],
          [
            18.235042504,
            67.103034308
          ],
          [
            18.237410147,
            67.103003555
          ],
          [
            18.239053741,
            67.103077775
          ],
          [
            18.240602703,
            67.103096795
          ],
          [
            18.241934608,
            67.10305338
          ],
          [
            18.242923305,
            67.103158003
          ],
          [
            18.244344087,
            67.103282346
          ],
          [
            18.246137907,
            67.103410025
          ],
          [
            18.247815783,
            67.103327218
          ],
          [
            18.249283646,
            67.103312314
          ],
          [
            18.251659075,
            67.103415277
          ],
          [
            18.252538227,
            67.103436096
          ],
          [
            18.253790384,
            67.103413103
          ],
          [
            18.25620856,
            67.103449453
          ],
          [
            18.257293418,
            67.10333354
          ],
          [
            18.259228822,
            67.1033887
          ],
          [
            18.260587147,
            67.103489847
          ],
          [
            18.261474253,
            67.103471713
          ],
          [
            18.262480788,
            67.103571991
          ],
          [
            18.262804319,
            67.103670113
          ],
          [
            18.263284207,
            67.103853674
          ],
          [
            18.263593643,
            67.104000425
          ],
          [
            18.26425379,
            67.10414
          ],
          [
            18.264945438,
            67.1043595
          ],
          [
            18.265561071,
            67.104628896
          ],
          [
            18.266128953,
            67.104697844
          ],
          [
            18.266505764,
            67.104730415
          ],
          [
            18.26681223,
            67.104723251
          ],
          [
            18.268635651,
            67.104902933
          ],
          [
            18.270482344,
            67.104967104
          ],
          [
            18.271234728,
            67.104971911
          ],
          [
            18.27215883,
            67.10507382
          ],
          [
            18.272843133,
            67.10513547
          ],
          [
            18.27333584,
            67.105225818
          ],
          [
            18.273345764,
            67.105436217
          ],
          [
            18.273672681,
            67.10586459
          ],
          [
            18.274114707,
            67.106226146
          ],
          [
            18.274586132,
            67.106804643
          ],
          [
            18.274722981,
            67.106898519
          ],
          [
            18.275445659,
            67.107522525
          ],
          [
            18.275968044,
            67.108009744
          ],
          [
            18.276654363,
            67.108444176
          ],
          [
            18.277354015,
            67.108776977
          ],
          [
            18.279212835,
            67.109621323
          ],
          [
            18.281145597,
            67.110661721
          ],
          [
            18.282052268,
            67.111243643
          ],
          [
            18.282840837,
            67.111638292
          ],
          [
            18.284243391,
            67.112632484
          ],
          [
            18.284860303,
            67.11284898
          ],
          [
            18.285413711,
            67.113150821
          ],
          [
            18.285818267,
            67.113490482
          ],
          [
            18.285892983,
            67.113690136
          ],
          [
            18.286455581,
            67.113951912
          ],
          [
            18.286867486,
            67.114125115
          ],
          [
            18.286568265,
            67.115064239
          ],
          [
            18.286561279,
            67.115508852
          ],
          [
            18.286651406,
            67.115971689
          ],
          [
            18.287130378,
            67.1164435
          ],
          [
            18.287616065,
            67.116693566
          ],
          [
            18.287797074,
            67.116754237
          ],
          [
            18.288241639,
            67.116813438
          ],
          [
            18.289045128,
            67.117071069
          ],
          [
            18.289424197,
            67.117499464
          ],
          [
            18.289464003,
            67.143359551
          ],
          [
            18.289799927,
            67.143530629
          ],
          [
            18.29000512,
            67.143842054
          ],
          [
            18.28984606,
            67.144277199
          ],
          [
            18.289341448,
            67.144833109
          ],
          [
            18.28936896,
            67.144922151
          ],
          [
            18.289678461,
            67.145166166
          ],
          [
            18.290307652,
            67.145404711
          ],
          [
            18.290680454,
            67.14560478
          ],
          [
            18.290972694,
            67.145821812
          ],
          [
            18.29166357,
            67.146006481
          ],
          [
            18.292256362,
            67.146218503
          ],
          [
            18.29312718,
            67.146483418
          ],
          [
            18.293964711,
            67.146701794
          ],
          [
            18.294700788,
            67.146810549
          ],
          [
            18.294990946,
            67.146898017
          ],
          [
            18.295353913,
            67.147115774
          ],
          [
            18.295550439,
            67.147335186
          ],
          [
            18.295706268,
            67.147463394
          ],
          [
            18.296422094,
            67.147682303
          ],
          [
            18.2969483,
            67.147801269
          ],
          [
            18.300758115,
            67.147496764
          ],
          [
            18.301289825,
            67.14746831
          ],
          [
            18.303536273,
            67.148274169
          ],
          [
            18.305386519,
            67.148756682
          ],
          [
            18.306910225,
            67.148759772
          ],
          [
            18.308268269,
            67.149169207
          ],
          [
            18.309577259,
            67.150440775
          ],
          [
            18.311180568,
            67.15089944
          ],
          [
            18.312774418,
            67.15091444
          ],
          [
            18.314578196,
            67.151119053
          ],
          [
            18.318677931,
            67.150998091
          ],
          [
            18.319348693,
            67.151175745
          ],
          [
            18.320729092,
            67.151408143
          ],
          [
            18.321143389,
            67.151569844
          ],
          [
            18.322489716,
            67.152303769
          ],
          [
            18.322944281,
            67.152704237
          ],
          [
            18.324171812,
            67.153214456
          ],
          [
            18.324725742,
            67.153803506
          ],
          [
            18.325407028,
            67.154228546
          ],
          [
            18.32624377,
            67.154610024
          ],
          [
            18.326445829,
            67.154820945
          ],
          [
            18.3275814,
            67.155613006
          ],
          [
            18.328026838,
            67.15608329
          ],
          [
            18.330005615,
            67.157552461
          ],
          [
            18.330723098,
            67.158321835
          ],
          [
            18.332244811,
            67.158871114
          ],
          [
            18.333864637,
            67.160273188
          ],
          [
            18.335941234,
            67.161610276
          ],
          [
            18.33905979,
            67.163889194
          ],
          [
            18.341040024,
            67.165254553
          ],
          [
            18.343198467,
            67.167280656
          ],
          [
            18.346384589,
            67.169786625
          ],
          [
            18.348650547,
            67.171146508
          ],
          [
            18.350873817,
            67.172529665
          ],
          [
            18.356520855,
            67.175373797
          ],
          [
            18.358946818,
            67.176465756
          ],
          [
            18.360237458,
            67.176713973
          ],
          [
            18.362025655,
            67.177602227
          ],
          [
            18.363297188,
            67.179269677
          ],
          [
            18.365786337,
            67.180937761
          ],
          [
            18.369714287,
            67.18165348
          ],
          [
            18.371903575,
            67.181952447
          ],
          [
            18.374876271,
            67.183045171
          ],
          [
            18.375729537,
            67.18346734
          ],
          [
            18.376285639,
            67.183563178
          ],
          [
            18.378208563,
            67.184266584
          ],
          [
            18.378849841,
            67.184557824
          ],
          [
            18.379564822,
            67.184798188
          ],
          [
            18.380164218,
            67.185202357
          ],
          [
            18.381043996,
            67.185511441
          ],
          [
            18.382974964,
            67.185976597
          ],
          [
            18.385361895,
            67.186976288
          ],
          [
            18.387388216,
            67.187469849
          ],
          [
            18.388615876,
            67.1879055
          ],
          [
            18.38945482,
            67.188224819
          ],
          [
            18.389756206,
            67.188316859
          ],
          [
            18.38978605,
            67.18858887
          ],
          [
            18.390007731,
            67.188830689
          ],
          [
            18.391049869,
            67.18905511
          ],
          [
            18.392514481,
            67.189511487
          ],
          [
            18.394660134,
            67.190087862
          ],
          [
            18.396378811,
            67.190706891
          ],
          [
            18.397444501,
            67.191199699
          ],
          [
            18.3984784,
            67.191370523
          ],
          [
            18.400920708,
            67.191585253
          ],
          [
            18.402874097,
            67.192126398
          ],
          [
            18.403169685,
            67.192300698
          ],
          [
            18.403961144,
            67.193279826
          ],
          [
            18.404105314,
            67.193584899
          ],
          [
            18.404480043,
            67.193784223
          ],
          [
            18.404868424,
            67.194386644
          ],
          [
            18.405745171,
            67.195174768
          ],
          [
            18.406402226,
            67.195976188
          ],
          [
            18.407016996,
            67.196100837
          ],
          [
            18.407313312,
            67.196256308
          ],
          [
            18.408562185,
            67.197019682
          ],
          [
            18.410303553,
            67.19828228
          ],
          [
            18.413691508,
            67.199580943
          ],
          [
            18.414040906,
            67.19985202
          ],
          [
            18.414500547,
            67.199998507
          ],
          [
            18.415694639,
            67.200148854
          ],
          [
            18.415961164,
            67.200201769
          ],
          [
            18.416432739,
            67.200381488
          ],
          [
            18.417049879,
            67.20085858
          ],
          [
            18.418318053,
            67.201338211
          ],
          [
            18.419136178,
            67.202078514
          ],
          [
            18.420722674,
            67.203007052
          ],
          [
            18.421926945,
            67.203954815
          ],
          [
            18.441014776,
            67.232373346
          ],
          [
            18.441096882,
            67.232711955
          ],
          [
            18.441366834,
            67.233490442
          ],
          [
            18.441371258,
            67.233632947
          ],
          [
            18.441458353,
            67.233883404
          ],
          [
            18.44192991,
            67.23449388
          ],
          [
            18.442228597,
            67.234768936
          ],
          [
            18.442258355,
            67.234987769
          ],
          [
            18.442412743,
            67.235115888
          ],
          [
            18.442448365,
            67.23526392
          ],
          [
            18.442590704,
            67.235542334
          ],
          [
            18.442748288,
            67.23565922
          ],
          [
            18.442837298,
            67.235699467
          ],
          [
            18.442927866,
            67.235840121
          ],
          [
            18.442993637,
            67.236042058
          ],
          [
            18.443148933,
            67.23626564
          ],
          [
            18.443514658,
            67.236472287
          ],
          [
            18.443710468,
            67.236621214
          ],
          [
            18.443775795,
            67.236697312
          ],
          [
            18.443807703,
            67.236864015
          ],
          [
            18.444087822,
            67.237232471
          ],
          [
            18.44420422,
            67.237307462
          ],
          [
            18.444358108,
            67.237364914
          ],
          [
            18.444507031,
            67.237443544
          ],
          [
            18.444817736,
            67.237545362
          ],
          [
            18.444885906,
            67.237596591
          ],
          [
            18.444919426,
            67.237651673
          ],
          [
            18.444926155,
            67.237743284
          ],
          [
            18.444890524,
            67.237840772
          ],
          [
            18.444642664,
            67.238177178
          ],
          [
            18.444703317,
            67.238354428
          ],
          [
            18.444350566,
            67.238897068
          ],
          [
            18.444305973,
            67.239066044
          ],
          [
            18.444203488,
            67.239177373
          ],
          [
            18.444213604,
            67.239303634
          ],
          [
            18.444068477,
            67.239654231
          ],
          [
            18.44399553,
            67.239950025
          ],
          [
            18.443746269,
            67.240286918
          ],
          [
            18.443718731,
            67.240368918
          ],
          [
            18.44361868,
            67.240506034
          ],
          [
            18.443681039,
            67.240922605
          ],
          [
            18.44370188,
            67.241314067
          ],
          [
            18.44365223,
            67.24149524
          ],
          [
            18.443932231,
            67.241918658
          ],
          [
            18.44422034,
            67.242196283
          ],
          [
            18.444320405,
            67.242352307
          ],
          [
            18.444867551,
            67.242721742
          ],
          [
            18.44542729,
            67.243211877
          ],
          [
            18.445463099,
            67.243290791
          ],
          [
            18.445599798,
            67.243422028
          ],
          [
            18.445599667,
            67.243494234
          ],
          [
            18.445722263,
            67.243651667
          ],
          [
            18.445892673,
            67.243784712
          ],
          [
            18.44602691,
            67.243921551
          ],
          [
            18.446078973,
            67.244014954
          ],
          [
            18.44653775,
            67.244366363
          ],
          [
            18.446621669,
            67.244496174
          ],
          [
            18.446877537,
            67.244721965
          ],
          [
            18.446967018,
            67.244894238
          ],
          [
            18.447095466,
            67.244986761
          ],
          [
            18.447250106,
            67.245242921
          ],
          [
            18.447355221,
            67.245351942
          ],
          [
            18.447357911,
            67.245384595
          ],
          [
            18.447527232,
            67.245521371
          ],
          [
            18.447594676,
            67.245683582
          ],
          [
            18.447709462,
            67.245830064
          ],
          [
            18.447744694,
            67.246282345
          ],
          [
            18.447834697,
            67.246373144
          ],
          [
            18.447970727,
            67.24671854
          ],
          [
            18.44800792,
            67.246968479
          ],
          [
            18.448092734,
            67.247105051
          ],
          [
            18.448436541,
            67.247490805
          ],
          [
            18.448703297,
            67.247823761
          ],
          [
            18.448785255,
            67.247962856
          ],
          [
            18.448979066,
            67.24812815
          ],
          [
            18.44906352,
            67.248237579
          ],
          [
            18.449094657,
            67.248499862
          ],
          [
            18.449305419,
            67.2487216
          ],
          [
            18.449502502,
            67.249033699
          ],
          [
            18.449654746,
            67.249149204
          ],
          [
            18.449906642,
            67.249612047
          ],
          [
            18.450230115,
            67.249890816
          ],
          [
            18.45043152,
            67.250113966
          ],
          [
            18.450468428,
            67.250298381
          ],
          [
            18.450451752,
            67.250414728
          ],
          [
            18.450532982,
            67.250572358
          ],
          [
            18.450587654,
            67.250819369
          ],
          [
            18.450560339,
            67.251024791
          ],
          [
            18.450595451,
            67.25109816
          ],
          [
            18.450572801,
            67.251339282
          ],
          [
            18.450529132,
            67.251468506
          ],
          [
            18.450588779,
            67.251753681
          ],
          [
            18.450578931,
            67.251848909
          ],
          [
            18.450530223,
            67.25191528
          ],
          [
            18.450498957,
            67.252366182
          ],
          [
            18.45055037,
            67.252547671
          ],
          [
            18.450529506,
            67.252608063
          ],
          [
            18.450692072,
            67.252892765
          ],
          [
            18.450732919,
            67.253454061
          ],
          [
            18.450685862,
            67.253707824
          ],
          [
            18.450616294,
            67.253858542
          ],
          [
            18.450634118,
            67.25425006
          ],
          [
            18.450576571,
            67.254445858
          ],
          [
            18.450702902,
            67.254594083
          ],
          [
            18.450820513,
            67.254923718
          ],
          [
            18.45088993,
            67.255047301
          ],
          [
            18.451010025,
            67.255171159
          ],
          [
            18.451257799,
            67.255528942
          ],
          [
            18.451492671,
            67.255759608
          ],
          [
            18.451602154,
            67.255900974
          ],
          [
            18.451988481,
            67.256227967
          ],
          [
            18.452174746,
            67.25634934
          ],
          [
            18.452240823,
            67.256546473
          ],
          [
            18.452218155,
            67.256742831
          ],
          [
            18.452432621,
            67.25688694
          ],
          [
            18.452529157,
            67.256974507
          ],
          [
            18.452547886,
            67.257047627
          ],
          [
            18.452459996,
            67.25720358
          ],
          [
            18.452477101,
            67.25723877
          ],
          [
            18.452610614,
            67.257318283
          ],
          [
            18.453022636,
            67.25767295
          ],
          [
            18.453120296,
            67.257869484
          ],
          [
            18.453222754,
            67.257978972
          ],
          [
            18.453338536,
            67.258193528
          ],
          [
            18.453838706,
            67.258594283
          ],
          [
            18.453944674,
            67.258756364
          ],
          [
            18.453967521,
            67.258886958
          ],
          [
            18.454031356,
            67.258991063
          ],
          [
            18.45409379,
            67.259053479
          ],
          [
            18.45426836,
            67.259132214
          ],
          [
            18.454344632,
            67.25918465
          ],
          [
            18.454699476,
            67.259512234
          ],
          [
            18.454776672,
            67.259696904
          ],
          [
            18.455025538,
            67.260037513
          ],
          [
            18.455003415,
            67.260162834
          ],
          [
            18.455049629,
            67.260352994
          ],
          [
            18.45525248,
            67.260605084
          ],
          [
            18.455839635,
            67.261167048
          ],
          [
            18.456289916,
            67.261672826
          ],
          [
            18.456408981,
            67.261788125
          ],
          [
            18.456553224,
            67.26187724
          ],
          [
            18.456784789,
            67.262155717
          ],
          [
            18.457162326,
            67.262462043
          ],
          [
            18.457196275,
            67.262529976
          ],
          [
            18.457186169,
            67.262650179
          ],
          [
            18.457216791,
            67.262841851
          ],
          [
            18.457129384,
            67.26292678
          ],
          [
            18.457132414,
            67.262975709
          ],
          [
            18.457295095,
            67.263210188
          ],
          [
            18.457332076,
            67.263327041
          ],
          [
            18.457323566,
            67.263559875
          ],
          [
            18.457279566,
            67.263662343
          ],
          [
            18.457306644,
            67.263751225
          ],
          [
            18.457470473,
            67.263969764
          ],
          [
            18.457311066,
            67.264185867
          ],
          [
            18.45716545,
            67.264311084
          ],
          [
            18.457250037,
            67.264453973
          ],
          [
            18.457363993,
            67.264828007
          ],
          [
            18.457709113,
            67.265171174
          ],
          [
            18.457828467,
            67.265244469
          ],
          [
            18.457861638,
            67.265308412
          ],
          [
            18.457773521,
            67.265435516
          ],
          [
            18.457691446,
            67.265686767
          ],
          [
            18.457582392,
            67.265822792
          ],
          [
            18.457486159,
            67.26590985
          ],
          [
            18.457207195,
            67.266097777
          ],
          [
            18.456525669,
            67.26679628
          ],
          [
            18.456389067,
            67.267040012
          ],
          [
            18.456150702,
            67.267275895
          ],
          [
            18.456141391,
            67.267352807
          ],
          [
            18.455849028,
            67.267610412
          ],
          [
            18.455649212,
            67.267700617
          ],
          [
            18.455497378,
            67.267746083
          ],
          [
            18.455440122,
            67.267792225
          ],
          [
            18.455434808,
            67.267850792
          ],
          [
            18.455500879,
            67.268001822
          ],
          [
            18.455433382,
            67.268446473
          ],
          [
            18.455437077,
            67.268526806
          ],
          [
            18.455490386,
            67.268651274
          ],
          [
            18.4555031,
            67.26888004
          ],
          [
            18.455456792,
            67.269267049
          ],
          [
            18.455353286,
            67.269523565
          ],
          [
            18.455358952,
            67.26961969
          ],
          [
            18.455194731,
            67.269818865
          ],
          [
            18.455174929,
            67.269887452
          ],
          [
            18.455225788,
            67.269992475
          ],
          [
            18.455099809,
            67.270119071
          ],
          [
            18.45497449,
            67.270200584
          ],
          [
            18.454905101,
            67.270351703
          ],
          [
            18.454823328,
            67.270428748
          ],
          [
            18.454636635,
            67.270725793
          ],
          [
            18.454562801,
            67.2709172
          ],
          [
            18.454478354,
            67.270997948
          ],
          [
            18.454327045,
            67.271250482
          ],
          [
            18.454425927,
            67.271437442
          ],
          [
            18.454346377,
            67.271709348
          ],
          [
            18.454255512,
            67.271814584
          ],
          [
            18.454152153,
            67.271996782
          ],
          [
            18.453876885,
            67.272215079
          ],
          [
            18.453641033,
            67.272370517
          ],
          [
            18.453523935,
            67.272442133
          ],
          [
            18.453349643,
            67.272509933
          ],
          [
            18.453272187,
            67.272571067
          ],
          [
            18.45320956,
            67.272650195
          ],
          [
            18.453219512,
            67.272704823
          ],
          [
            18.45330376,
            67.272799481
          ],
          [
            18.452911535,
            67.273242874
          ],
          [
            18.452799328,
            67.273404532
          ],
          [
            18.452504127,
            67.273640248
          ],
          [
            18.45235109,
            67.273828247
          ],
          [
            18.452360738,
            67.273880447
          ],
          [
            18.452236707,
            67.274048422
          ],
          [
            18.452269011,
            67.274156233
          ],
          [
            18.452200064,
            67.27420989
          ],
          [
            18.452188768,
            67.274271011
          ],
          [
            18.452063065,
            67.274425612
          ],
          [
            18.451980373,
            67.274748734
          ],
          [
            18.451933615,
            67.274828777
          ],
          [
            18.451801866,
            67.274934774
          ],
          [
            18.451775632,
            67.27502784
          ],
          [
            18.451609928,
            67.275291592
          ],
          [
            18.451412447,
            67.275755714
          ],
          [
            18.451314738,
            67.276059624
          ],
          [
            18.451380885,
            67.276287402
          ],
          [
            18.451450352,
            67.276415224
          ],
          [
            18.451714648,
            67.276716062
          ],
          [
            18.451906805,
            67.276892763
          ],
          [
            18.452065348,
            67.277027461
          ],
          [
            18.452288914,
            67.277178006
          ],
          [
            18.452541403,
            67.277446538
          ],
          [
            18.45273193,
            67.277574072
          ],
          [
            18.453164456,
            67.277769194
          ],
          [
            18.45345535,
            67.277829838
          ],
          [
            18.454090516,
            67.278052382
          ],
          [
            18.45456847,
            67.278286338
          ],
          [
            18.454917658,
            67.278486654
          ],
          [
            18.455253296,
            67.278629473
          ],
          [
            18.455363884,
            67.278764546
          ],
          [
            18.455489328,
            67.278845185
          ],
          [
            18.455633714,
            67.278903797
          ],
          [
            18.455865969,
            67.278967963
          ],
          [
            18.456248453,
            67.279038879
          ],
          [
            18.456816137,
            67.279171246
          ],
          [
            18.457012688,
            67.279248116
          ],
          [
            18.457083648,
            67.279316553
          ],
          [
            18.457098581,
            67.279506399
          ],
          [
            18.457136678,
            67.279561031
          ],
          [
            18.457386792,
            67.279716305
          ],
          [
            18.457675648,
            67.279809463
          ],
          [
            18.457935064,
            67.280086102
          ],
          [
            18.458441884,
            67.280472329
          ],
          [
            18.45884557,
            67.280708898
          ],
          [
            18.45909921,
            67.280915846
          ],
          [
            18.459196641,
            67.281045156
          ],
          [
            18.45921093,
            67.281156795
          ],
          [
            18.459115427,
            67.281383645
          ],
          [
            18.459122149,
            67.281460536
          ],
          [
            18.45919484,
            67.281542175
          ],
          [
            18.459430837,
            67.281708546
          ],
          [
            18.459562373,
            67.281885334
          ],
          [
            18.459667228,
            67.282048192
          ],
          [
            18.459780619,
            67.282326414
          ],
          [
            18.459892724,
            67.282521629
          ],
          [
            18.459972231,
            67.282607952
          ],
          [
            18.460110579,
            67.282691948
          ],
          [
            18.460574023,
            67.283079006
          ],
          [
            18.460864821,
            67.283381505
          ],
          [
            18.461204752,
            67.283630124
          ],
          [
            18.461408396,
            67.283883756
          ],
          [
            18.462967696,
            67.285313461
          ],
          [
            18.463392643,
            67.285787881
          ],
          [
            18.46363069,
            67.286358539
          ],
          [
            18.464086328,
            67.28699965
          ],
          [
            18.464266949,
            67.287218811
          ],
          [
            18.464585763,
            67.287544844
          ],
          [
            18.464718865,
            67.287757701
          ],
          [
            18.464958664,
            67.288341559
          ],
          [
            18.465263873,
            67.288901309
          ],
          [
            18.4653935,
            67.289038417
          ],
          [
            18.46555244,
            67.289355469
          ],
          [
            18.465746599,
            67.289558736
          ],
          [
            18.465932183,
            67.289816319
          ],
          [
            18.466052081,
            67.289925938
          ],
          [
            18.466083289,
            67.29004808
          ],
          [
            18.466174898,
            67.290185623
          ],
          [
            18.466422066,
            67.29047862
          ],
          [
            18.467105411,
            67.290976446
          ],
          [
            18.467761803,
            67.291408091
          ],
          [
            18.469098896,
            67.292915221
          ],
          [
            18.469582264,
            67.293366847
          ],
          [
            18.469888893,
            67.293618218
          ],
          [
            18.470034544,
            67.293696408
          ],
          [
            18.470317531,
            67.293907729
          ],
          [
            18.470603153,
            67.294091616
          ],
          [
            18.470997363,
            67.294424658
          ],
          [
            18.471193152,
            67.29450903
          ],
          [
            18.471410562,
            67.29466564
          ],
          [
            18.471777652,
            67.294883682
          ],
          [
            18.472439662,
            67.295213966
          ],
          [
            18.472901177,
            67.295423047
          ],
          [
            18.474090574,
            67.295875384
          ],
          [
            18.474335142,
            67.295931419
          ],
          [
            18.475462085,
            67.296281342
          ],
          [
            18.475614252,
            67.296314136
          ],
          [
            18.477039557,
            67.29687387
          ],
          [
            18.477490058,
            67.297068861
          ],
          [
            18.477989321,
            67.297235517
          ],
          [
            18.47815611,
            67.297309721
          ],
          [
            18.478562087,
            67.297398378
          ],
          [
            18.47872808,
            67.297490456
          ],
          [
            18.479257338,
            67.297722034
          ],
          [
            18.479548936,
            67.297831948
          ],
          [
            18.480075867,
            67.298093339
          ],
          [
            18.480341508,
            67.298193036
          ],
          [
            18.480630798,
            67.298332764
          ],
          [
            18.481177296,
            67.298625937
          ],
          [
            18.481751437,
            67.298966211
          ],
          [
            18.482312723,
            67.299182877
          ],
          [
            18.482818972,
            67.299426799
          ],
          [
            18.48321977,
            67.299594139
          ],
          [
            18.483749398,
            67.299780446
          ],
          [
            18.483812749,
            67.299817334
          ],
          [
            18.483867616,
            67.299931802
          ],
          [
            18.484395295,
            67.30003346
          ],
          [
            18.48467108,
            67.300122691
          ],
          [
            18.484829592,
            67.300211162
          ],
          [
            18.484938486,
            67.30032584
          ],
          [
            18.485157288,
            67.300434262
          ],
          [
            18.485294461,
            67.300655263
          ],
          [
            18.485321738,
            67.300948932
          ],
          [
            18.4854416,
            67.301115628
          ],
          [
            18.485661995,
            67.301307024
          ],
          [
            18.485696629,
            67.301415626
          ],
          [
            18.485779681,
            67.30151644
          ],
          [
            18.486013625,
            67.301655474
          ],
          [
            18.486440276,
            67.301820288
          ],
          [
            18.486573715,
            67.30193463
          ],
          [
            18.486517939,
            67.302061083
          ],
          [
            18.486554599,
            67.302257401
          ],
          [
            18.48667994,
            67.302416909
          ],
          [
            18.486893737,
            67.302537248
          ],
          [
            18.486978785,
            67.302659377
          ],
          [
            18.487052174,
            67.303118397
          ],
          [
            18.487270059,
            67.30387657
          ],
          [
            18.487428721,
            67.304064068
          ],
          [
            18.48762137,
            67.304353068
          ],
          [
            18.487614886,
            67.304481209
          ],
          [
            18.487467414,
            67.304744102
          ],
          [
            18.487381943,
            67.305013247
          ],
          [
            18.487456216,
            67.305085725
          ],
          [
            18.487514415,
            67.305381336
          ],
          [
            18.48757604,
            67.30551565
          ],
          [
            18.487794733,
            67.305688084
          ],
          [
            18.487836008,
            67.30586774
          ],
          [
            18.487913865,
            67.306044508
          ],
          [
            18.487936071,
            67.306217303
          ],
          [
            18.488213293,
            67.306820508
          ],
          [
            18.48831368,
            67.306975626
          ],
          [
            18.48854231,
            67.307254638
          ],
          [
            18.488739308,
            67.307391813
          ],
          [
            18.488762208,
            67.307571715
          ],
          [
            18.488863492,
            67.307736298
          ],
          [
            18.489167749,
            67.308102003
          ],
          [
            18.489217111,
            67.308236484
          ],
          [
            18.489354554,
            67.308393455
          ],
          [
            18.489470891,
            67.308574938
          ],
          [
            18.489690952,
            67.308696755
          ],
          [
            18.489900063,
            67.308897779
          ],
          [
            18.490038611,
            67.30906659
          ],
          [
            18.490041168,
            67.309951062
          ],
          [
            18.490156078,
            67.310129684
          ],
          [
            18.490253748,
            67.310386803
          ],
          [
            18.490998683,
            67.311196924
          ],
          [
            18.491288122,
            67.311863991
          ],
          [
            18.491803057,
            67.312577712
          ],
          [
            18.491852826,
            67.312913754
          ],
          [
            18.491703973,
            67.313096042
          ],
          [
            18.491619341,
            67.313308262
          ],
          [
            18.491679299,
            67.313490026
          ],
          [
            18.491781027,
            67.313645051
          ],
          [
            18.491970538,
            67.313855776
          ],
          [
            18.491948722,
            67.314103259
          ],
          [
            18.492064423,
            67.314369858
          ],
          [
            18.492193665,
            67.314536427
          ],
          [
            18.492280353,
            67.314763103
          ],
          [
            18.492559296,
            67.31500324
          ],
          [
            18.492943748,
            67.315417468
          ],
          [
            18.493265109,
            67.3157068
          ],
          [
            18.493374075,
            67.315857077
          ],
          [
            18.493461132,
            67.316031479
          ],
          [
            18.493494288,
            67.316163994
          ],
          [
            18.493704479,
            67.316338728
          ],
          [
            18.493845241,
            67.316497986
          ],
          [
            18.494069649,
            67.316617199
          ],
          [
            18.494532534,
            67.316961223
          ],
          [
            18.494698392,
            67.317124812
          ],
          [
            18.494948172,
            67.317434336
          ],
          [
            18.495170592,
            67.317663519
          ],
          [
            18.495405012,
            67.318056459
          ],
          [
            18.495686516,
            67.318263285
          ],
          [
            18.495768577,
            67.318392616
          ],
          [
            18.496159707,
            67.3186998
          ],
          [
            18.49631059,
            67.318894521
          ],
          [
            18.496329804,
            67.319067668
          ],
          [
            18.496420742,
            67.319165963
          ],
          [
            18.496601236,
            67.31923901
          ],
          [
            18.496934789,
            67.319471108
          ],
          [
            18.496987208,
            67.319610434
          ],
          [
            18.497080525,
            67.31973008
          ],
          [
            18.497209922,
            67.319841989
          ],
          [
            18.497285592,
            67.319969052
          ],
          [
            18.497440614,
            67.32009005
          ],
          [
            18.49751813,
            67.320233716
          ],
          [
            18.497661404,
            67.320359657
          ],
          [
            18.497891752,
            67.320493655
          ],
          [
            18.497925747,
            67.320633292
          ],
          [
            18.498026704,
            67.320821717
          ],
          [
            18.498204751,
            67.320928066
          ],
          [
            18.498431508,
            67.320974218
          ],
          [
            18.498578015,
            67.321073969
          ],
          [
            18.498589083,
            67.32117358
          ],
          [
            18.498472521,
            67.321232541
          ],
          [
            18.498389046,
            67.32131233
          ],
          [
            18.498328202,
            67.321429772
          ],
          [
            18.498424806,
            67.321855879
          ],
          [
            18.498775147,
            67.322349079
          ],
          [
            18.498798856,
            67.322562538
          ],
          [
            18.498902647,
            67.322831701
          ],
          [
            18.498956597,
            67.323076252
          ],
          [
            18.499419891,
            67.323809951
          ],
          [
            18.499694221,
            67.324062026
          ],
          [
            18.499898461,
            67.324348537
          ],
          [
            18.500088542,
            67.32483963
          ],
          [
            18.500462489,
            67.325322928
          ],
          [
            18.500693299,
            67.325737309
          ],
          [
            18.500893513,
            67.326262473
          ],
          [
            18.501419114,
            67.326902047
          ],
          [
            18.501871911,
            67.327350626
          ],
          [
            18.502144886,
            67.327547642
          ],
          [
            18.502368696,
            67.327750354
          ],
          [
            18.502562976,
            67.328121841
          ],
          [
            18.502614086,
            67.328443015
          ],
          [
            18.502902686,
            67.32876954
          ],
          [
            18.503405913,
            67.329015311
          ],
          [
            18.504187967,
            67.329299345
          ],
          [
            18.505060852,
            67.329716357
          ],
          [
            18.505359334,
            67.329917716
          ],
          [
            18.505506852,
            67.330107367
          ],
          [
            18.505355832,
            67.330302361
          ],
          [
            18.505266137,
            67.330592411
          ],
          [
            18.505054284,
            67.331524024
          ],
          [
            18.504714307,
            67.332116607
          ],
          [
            18.504505668,
            67.332557809
          ],
          [
            18.50392467,
            67.333322976
          ],
          [
            18.50388961,
            67.333549545
          ],
          [
            18.503619422,
            67.334106454
          ],
          [
            18.503338081,
            67.334875855
          ],
          [
            18.503675069,
            67.33529286
          ],
          [
            18.503961673,
            67.335912669
          ],
          [
            18.504179105,
            67.336889461
          ],
          [
            18.504046181,
            67.337545637
          ],
          [
            18.503941396,
            67.337917677
          ],
          [
            18.50377526,
            67.338302875
          ],
          [
            18.503738741,
            67.33856992
          ],
          [
            18.503987951,
            67.338816269
          ],
          [
            18.504135767,
            67.33914227
          ],
          [
            18.504313739,
            67.339675786
          ],
          [
            18.504597926,
            67.340076292
          ],
          [
            18.504705611,
            67.340558077
          ],
          [
            18.504799012,
            67.341287058
          ],
          [
            18.504912903,
            67.341725137
          ],
          [
            18.505176317,
            67.342155143
          ],
          [
            18.505594017,
            67.342523717
          ],
          [
            18.506230496,
            67.343187713
          ],
          [
            18.506608007,
            67.343624929
          ],
          [
            18.507092335,
            67.344364823
          ],
          [
            18.507940328,
            67.345532549
          ],
          [
            18.508183258,
            67.346166313
          ],
          [
            18.508995039,
            67.347688227
          ],
          [
            18.509456146,
            67.348378199
          ],
          [
            18.510002123,
            67.349036829
          ],
          [
            18.510202761,
            67.349586805
          ],
          [
            18.510483593,
            67.349925672
          ],
          [
            18.510343821,
            67.350318223
          ],
          [
            18.510415206,
            67.350769057
          ],
          [
            18.510269763,
            67.351205536
          ],
          [
            18.51033136,
            67.351753921
          ],
          [
            18.510513149,
            67.352772338
          ],
          [
            18.51064939,
            67.353114602
          ],
          [
            18.511400324,
            67.354070092
          ],
          [
            18.511546325,
            67.354174922
          ],
          [
            18.51158401,
            67.354293244
          ],
          [
            18.511660523,
            67.354377809
          ],
          [
            18.511668813,
            67.354470061
          ],
          [
            18.511719038,
            67.354547952
          ],
          [
            18.51185258,
            67.354673748
          ],
          [
            18.511906447,
            67.354774669
          ],
          [
            18.511960742,
            67.355017891
          ],
          [
            18.512100607,
            67.355243293
          ],
          [
            18.51234475,
            67.355489349
          ],
          [
            18.51252138,
            67.355707804
          ],
          [
            18.513086713,
            67.356496011
          ],
          [
            18.513373754,
            67.356674151
          ],
          [
            18.513838737,
            67.357039081
          ],
          [
            18.514008614,
            67.357234581
          ],
          [
            18.514129016,
            67.357416647
          ],
          [
            18.514269312,
            67.357525255
          ],
          [
            18.514285072,
            67.357624637
          ],
          [
            18.514337106,
            67.357693964
          ],
          [
            18.514491029,
            67.357788873
          ],
          [
            18.514820936,
            67.358077918
          ],
          [
            18.515621709,
            67.358927593
          ],
          [
            18.515885801,
            67.359159799
          ],
          [
            18.516080954,
            67.359275632
          ],
          [
            18.516211315,
            67.359420968
          ],
          [
            18.516325989,
            67.359507069
          ],
          [
            18.516805601,
            67.359824203
          ],
          [
            18.517070143,
            67.359939615
          ],
          [
            18.517219792,
            67.360027322
          ],
          [
            18.517396833,
            67.360267662
          ],
          [
            18.517804255,
            67.36054757
          ],
          [
            18.518146832,
            67.360836314
          ],
          [
            18.518269027,
            67.36091007
          ],
          [
            18.51834706,
            67.361023791
          ],
          [
            18.518991198,
            67.361641165
          ],
          [
            18.519066031,
            67.361774428
          ],
          [
            18.519230651,
            67.361976129
          ],
          [
            18.519318961,
            67.362015398
          ],
          [
            18.519508358,
            67.36227369
          ],
          [
            18.519692102,
            67.362635507
          ],
          [
            18.519728596,
            67.362885243
          ],
          [
            18.519822256,
            67.363037522
          ],
          [
            18.519900534,
            67.363311808
          ],
          [
            18.520079617,
            67.363604404
          ],
          [
            18.520147603,
            67.363663913
          ],
          [
            18.520217363,
            67.363896017
          ],
          [
            18.520491311,
            67.364307982
          ],
          [
            18.520613381,
            67.364723638
          ],
          [
            18.520686387,
            67.364878543
          ],
          [
            18.520945245,
            67.365217428
          ],
          [
            18.520999822,
            67.365337284
          ],
          [
            18.521171755,
            67.365494677
          ],
          [
            18.52158573,
            67.365985251
          ],
          [
            18.522392779,
            67.366818794
          ],
          [
            18.522675265,
            67.367204845
          ],
          [
            18.5228282,
            67.367323536
          ],
          [
            18.522934305,
            67.367369923
          ],
          [
            18.522955178,
            67.367439184
          ],
          [
            18.523226302,
            67.367872019
          ],
          [
            18.523333107,
            67.367980815
          ],
          [
            18.523442051,
            67.36818013
          ],
          [
            18.523480665,
            67.36833832
          ],
          [
            18.523574376,
            67.368541677
          ],
          [
            18.523545115,
            67.368692946
          ],
          [
            18.523562722,
            67.368814805
          ],
          [
            18.523416121,
            67.369083989
          ],
          [
            18.523078506,
            67.369292935
          ],
          [
            18.523012983,
            67.369533218
          ],
          [
            18.523027762,
            67.369623433
          ],
          [
            18.522975046,
            67.36970917
          ],
          [
            18.52289514,
            67.369977953
          ],
          [
            18.522790628,
            67.370213062
          ],
          [
            18.522573813,
            67.370383579
          ],
          [
            18.522251387,
            67.370588481
          ],
          [
            18.522121648,
            67.370894991
          ],
          [
            18.521977956,
            67.371143289
          ],
          [
            18.521800721,
            67.37132263
          ],
          [
            18.521264472,
            67.37214352
          ],
          [
            18.520773743,
            67.372698911
          ],
          [
            18.520606661,
            67.372940435
          ],
          [
            18.520428652,
            67.373289936
          ],
          [
            18.520416959,
            67.373412624
          ],
          [
            18.520438846,
            67.37348798
          ],
          [
            18.520259335,
            67.373614743
          ],
          [
            18.520251955,
            67.373725086
          ],
          [
            18.520179788,
            67.373905549
          ],
          [
            18.520224713,
            67.374179864
          ],
          [
            18.520214941,
            67.374411444
          ],
          [
            18.520055822,
            67.374837596
          ],
          [
            18.520058675,
            67.375165573
          ],
          [
            18.519932425,
            67.375462403
          ],
          [
            18.519938132,
            67.375730326
          ],
          [
            18.520094005,
            67.375808555
          ],
          [
            18.519972785,
            67.375883717
          ],
          [
            18.51984887,
            67.37600056
          ],
          [
            18.519808554,
            67.376181476
          ],
          [
            18.51949857,
            67.376443601
          ],
          [
            18.519204523,
            67.37694029
          ],
          [
            18.518922545,
            67.377530639
          ],
          [
            18.51861451,
            67.377973113
          ],
          [
            18.518279455,
            67.378206555
          ],
          [
            18.518116734,
            67.378590307
          ],
          [
            18.517975157,
            67.378762531
          ],
          [
            18.517802163,
            67.379087873
          ],
          [
            18.517508267,
            67.379352704
          ],
          [
            18.517382447,
            67.379706781
          ],
          [
            18.51719519,
            67.379858975
          ],
          [
            18.517245451,
            67.379905104
          ],
          [
            18.51725289,
            67.379947354
          ],
          [
            18.517202695,
            67.38001233
          ],
          [
            18.517010949,
            67.380175876
          ],
          [
            18.516667099,
            67.380359602
          ],
          [
            18.516517516,
            67.380430916
          ],
          [
            18.515990327,
            67.380623172
          ],
          [
            18.515680239,
            67.380888415
          ],
          [
            18.515480299,
            67.381134565
          ],
          [
            18.515261408,
            67.381457357
          ],
          [
            18.515065201,
            67.381577319
          ],
          [
            18.514807528,
            67.38180874
          ],
          [
            18.514147105,
            67.382091847
          ],
          [
            18.513269037,
            67.382373126
          ],
          [
            18.513080736,
            67.38246417
          ],
          [
            18.512197018,
            67.382824229
          ],
          [
            18.511868619,
            67.382930156
          ],
          [
            18.511704387,
            67.383010577
          ],
          [
            18.511266868,
            67.383123086
          ],
          [
            18.511088402,
            67.383196389
          ],
          [
            18.511029385,
            67.383266585
          ],
          [
            18.511055887,
            67.383362024
          ],
          [
            18.511141962,
            67.383445915
          ],
          [
            18.511261149,
            67.383515226
          ],
          [
            18.511239563,
            67.383669341
          ],
          [
            18.511391666,
            67.383815186
          ],
          [
            18.511434894,
            67.383895207
          ],
          [
            18.511213985,
            67.384133148
          ],
          [
            18.510846002,
            67.38434621
          ],
          [
            18.509916264,
            67.384704697
          ],
          [
            18.509573483,
            67.385116847
          ],
          [
            18.509536051,
            67.385310063
          ],
          [
            18.509566382,
            67.385482806
          ],
          [
            18.50969609,
            67.385815246
          ],
          [
            18.509838076,
            67.386051241
          ],
          [
            18.509882182,
            67.386228606
          ],
          [
            18.509893705,
            67.386512685
          ],
          [
            18.509943578,
            67.386575055
          ],
          [
            18.510651271,
            67.386892464
          ],
          [
            18.510954124,
            67.387065599
          ],
          [
            18.511084077,
            67.387306902
          ],
          [
            18.511299517,
            67.387554722
          ],
          [
            18.511603533,
            67.387752792
          ],
          [
            18.512106387,
            67.387919471
          ],
          [
            18.512307261,
            67.388010371
          ],
          [
            18.512416392,
            67.388096166
          ],
          [
            18.512646199,
            67.388222515
          ],
          [
            18.512990228,
            67.388315932
          ],
          [
            18.512837658,
            67.38842601
          ],
          [
            18.512816109,
            67.388506473
          ],
          [
            18.513015709,
            67.388608636
          ],
          [
            18.513299879,
            67.388693622
          ],
          [
            18.513724263,
            67.388870496
          ],
          [
            18.514153484,
            67.38908586
          ],
          [
            18.514579898,
            67.389266909
          ],
          [
            18.514869519,
            67.389349672
          ],
          [
            18.515187642,
            67.389462243
          ],
          [
            18.515648716,
            67.389707339
          ],
          [
            18.516195257,
            67.390059715
          ],
          [
            18.516563619,
            67.390230836
          ],
          [
            18.516922344,
            67.390329593
          ],
          [
            18.517123927,
            67.390530617
          ],
          [
            18.518105523,
            67.391203925
          ],
          [
            18.518475366,
            67.391364608
          ],
          [
            18.518512987,
            67.391519021
          ],
          [
            18.518844409,
            67.391926792
          ],
          [
            18.519520799,
            67.392264251
          ],
          [
            18.519821266,
            67.392351808
          ],
          [
            18.519989943,
            67.392553701
          ],
          [
            18.519946486,
            67.392883534
          ],
          [
            18.519846417,
            67.393008485
          ],
          [
            18.519836439,
            67.393100472
          ],
          [
            18.51997837,
            67.393171867
          ],
          [
            18.520222724,
            67.393466341
          ],
          [
            18.520200666,
            67.393687988
          ],
          [
            18.520120517,
            67.393929532
          ],
          [
            18.520592447,
            67.39410087
          ],
          [
            18.521503371,
            67.394272607
          ],
          [
            18.521720575,
            67.394341701
          ],
          [
            18.522286393,
            67.39462578
          ],
          [
            18.522863292,
            67.394829121
          ],
          [
            18.523161683,
            67.394899444
          ],
          [
            18.523615691,
            67.394972339
          ],
          [
            18.52391379,
            67.395040067
          ],
          [
            18.524075018,
            67.395091913
          ],
          [
            18.52409967,
            67.395130473
          ],
          [
            18.523460978,
            67.395333518
          ],
          [
            18.523320959,
            67.395408631
          ],
          [
            18.523300199,
            67.395463546
          ],
          [
            18.523324529,
            67.395559676
          ],
          [
            18.100204954,
            67.581611414
          ],
          [
            18.100493338,
            67.581931583
          ],
          [
            18.100577001,
            67.582133639
          ],
          [
            18.1004684,
            67.5822545
          ],
          [
            18.100182772,
            67.582360139
          ],
          [
            18.099945506,
            67.582319625
          ],
          [
            18.099828487,
            67.582338491
          ],
          [
            18.099478153,
            67.582635759
          ],
          [
            18.099479861,
            67.582902962
          ],
          [
            18.09932079,
            67.582995092
          ],
          [
            18.099226911,
            67.583109726
          ],
          [
            18.099182692,
            67.583247179
          ],
          [
            18.099243093,
            67.583380236
          ],
          [
            18.098893286,
            67.583769429
          ],
          [
            18.09890541,
            67.583940303
          ],
          [
            18.099424184,
            67.584258192
          ],
          [
            18.099432555,
            67.584423194
          ],
          [
            18.098995075,
            67.584664317
          ],
          [
            18.09875373,
            67.584722389
          ],
          [
            18.098622583,
            67.58490901
          ],
          [
            18.098651324,
            67.585128216
          ],
          [
            18.098610205,
            67.585289359
          ],
          [
            18.098668438,
            67.585377337
          ],
          [
            18.098683198,
            67.585608689
          ],
          [
            18.098577656,
            67.585753249
          ],
          [
            18.098748691,
            67.586132033
          ],
          [
            18.098709653,
            67.586167492
          ],
          [
            18.098702483,
            67.586265313
          ],
          [
            18.098644257,
            67.586358981
          ],
          [
            18.098655204,
            67.58644103
          ],
          [
            18.098521559,
            67.58660042
          ],
          [
            18.098483039,
            67.586715559
          ],
          [
            18.098286267,
            67.586805489
          ],
          [
            18.098274668,
            67.586945812
          ],
          [
            18.098334207,
            67.587064186
          ],
          [
            18.098381456,
            67.587090257
          ],
          [
            18.09837339,
            67.587155959
          ],
          [
            18.098304283,
            67.587269122
          ],
          [
            18.098371911,
            67.587321786
          ],
          [
            18.098635483,
            67.587429772
          ],
          [
            18.098792996,
            67.587575798
          ],
          [
            18.098889821,
            67.587620191
          ],
          [
            18.099268635,
            67.587885309
          ],
          [
            18.099630899,
            67.587975947
          ],
          [
            18.099643462,
            67.588032257
          ],
          [
            18.099911248,
            67.588070752
          ],
          [
            18.100038473,
            67.588115839
          ],
          [
            18.100252143,
            67.588278767
          ],
          [
            18.100418169,
            67.588463186
          ],
          [
            18.100589878,
            67.588563954
          ],
          [
            18.100725133,
            67.588593461
          ],
          [
            18.100928497,
            67.588729603
          ],
          [
            18.101144055,
            67.588906637
          ],
          [
            18.101439477,
            67.588975436
          ],
          [
            18.101590754,
            67.589099733
          ],
          [
            18.101861521,
            67.589185731
          ],
          [
            18.101945271,
            67.58923294
          ],
          [
            18.102167074,
            67.589280033
          ],
          [
            18.102471459,
            67.589315247
          ],
          [
            18.102842846,
            67.589473828
          ],
          [
            18.102958643,
            67.589508841
          ],
          [
            18.103051456,
            67.589548172
          ],
          [
            18.103076905,
            67.589587517
          ],
          [
            18.103377714,
            67.589721757
          ],
          [
            18.103318128,
            67.589805172
          ],
          [
            18.103368614,
            67.589981562
          ],
          [
            18.103681653,
            67.590106571
          ],
          [
            18.103788339,
            67.590123773
          ],
          [
            18.104051041,
            67.590199631
          ],
          [
            18.104350747,
            67.590300479
          ],
          [
            18.104487159,
            67.590313251
          ],
          [
            18.104791138,
            67.590370315
          ],
          [
            18.105027682,
            67.590527655
          ],
          [
            18.105182164,
            67.590776554
          ],
          [
            18.105378501,
            67.590910259
          ],
          [
            18.105351495,
            67.590985329
          ],
          [
            18.105450959,
            67.591124775
          ],
          [
            18.105610571,
            67.591210353
          ],
          [
            18.105649429,
            67.591299563
          ],
          [
            18.105597702,
            67.591366118
          ],
          [
            18.105596935,
            67.59146124
          ],
          [
            18.105642638,
            67.591525904
          ],
          [
            18.105733668,
            67.591526703
          ],
          [
            18.105890118,
            67.591563495
          ],
          [
            18.105985304,
            67.591670895
          ],
          [
            18.105986016,
            67.591751846
          ],
          [
            18.105750226,
            67.592079043
          ],
          [
            18.105794573,
            67.592209271
          ],
          [
            18.105870824,
            67.59227591
          ],
          [
            18.106015869,
            67.592504427
          ],
          [
            18.106032226,
            67.592651919
          ],
          [
            18.105998713,
            67.592754106
          ],
          [
            18.106085649,
            67.59285009
          ],
          [
            18.106109354,
            67.592926749
          ],
          [
            18.105916002,
            67.59304233
          ],
          [
            18.105793522,
            67.593159105
          ],
          [
            18.105636859,
            67.593246974
          ],
          [
            18.105519479,
            67.593452328
          ],
          [
            18.105363128,
            67.593592899
          ],
          [
            18.105178153,
            67.593847118
          ],
          [
            18.105046907,
            67.593948642
          ],
          [
            18.10502436,
            67.594132867
          ],
          [
            18.105564715,
            67.594446243
          ],
          [
            18.105885573,
            67.594578803
          ],
          [
            18.106064954,
            67.594635727
          ],
          [
            18.106454201,
            67.594901907
          ],
          [
            18.106493721,
            67.59504637
          ],
          [
            18.106562911,
            67.595160697
          ],
          [
            18.106704922,
            67.59531602
          ],
          [
            18.106692104,
            67.595421662
          ],
          [
            18.106630869,
            67.595517969
          ],
          [
            18.106647062,
            67.595664171
          ],
          [
            18.106880861,
            67.596027203
          ],
          [
            18.107074948,
            67.59624449
          ],
          [
            18.107103643,
            67.596358317
          ],
          [
            18.107090321,
            67.596460118
          ],
          [
            18.107147014,
            67.596808599
          ],
          [
            18.106831263,
            67.597218319
          ],
          [
            18.10685561,
            67.597274395
          ],
          [
            18.106985506,
            67.597311928
          ],
          [
            18.107116206,
            67.59738169
          ],
          [
            18.10708178,
            67.597586086
          ],
          [
            18.106983892,
            67.597848418
          ],
          [
            18.106966918,
            67.598004773
          ],
          [
            18.107009773,
            67.598179351
          ],
          [
            18.107121584,
            67.59833844
          ],
          [
            18.107172112,
            67.598467733
          ],
          [
            18.107205504,
            67.598647647
          ],
          [
            18.106898806,
            67.599046733
          ],
          [
            18.106922104,
            67.599122376
          ],
          [
            18.1068319,
            67.599313634
          ],
          [
            18.106646197,
            67.599550539
          ],
          [
            18.106563311,
            67.599615284
          ],
          [
            18.106537743,
            67.59967896
          ],
          [
            18.106567228,
            67.599776412
          ],
          [
            18.106512821,
            67.599852231
          ],
          [
            18.106379748,
            67.599973366
          ],
          [
            18.106211883,
            67.600034557
          ],
          [
            18.105928523,
            67.60019592
          ],
          [
            18.105765108,
            67.600317634
          ],
          [
            18.10571012,
            67.600415383
          ],
          [
            18.105806606,
            67.600481922
          ],
          [
            18.105982535,
            67.600535348
          ],
          [
            18.105884938,
            67.600800259
          ],
          [
            18.105899534,
            67.601017913
          ],
          [
            18.105877187,
            67.601158899
          ],
          [
            18.105900339,
            67.601233262
          ],
          [
            18.106082825,
            67.60146839
          ],
          [
            18.106218106,
            67.601808876
          ],
          [
            18.10619454,
            67.601887975
          ],
          [
            18.10605121,
            67.601982233
          ],
          [
            18.106009982,
            67.602029435
          ],
          [
            18.106011392,
            67.602092594
          ],
          [
            18.1060573,
            67.602160074
          ],
          [
            18.106058666,
            67.602249031
          ],
          [
            18.106007194,
            67.60245246
          ],
          [
            18.105866768,
            67.602621449
          ],
          [
            18.105574438,
            67.602792016
          ],
          [
            18.105592427,
            67.602905159
          ],
          [
            18.105651456,
            67.602995608
          ],
          [
            18.105705142,
            67.60304489
          ],
          [
            18.105823809,
            67.603073607
          ],
          [
            18.105844976,
            67.603106739
          ],
          [
            18.105768985,
            67.603172645
          ],
          [
            18.105750489,
            67.603238762
          ],
          [
            18.105804514,
            67.603290616
          ],
          [
            18.105764175,
            67.603501571
          ],
          [
            18.105720193,
            67.603579767
          ],
          [
            18.105755555,
            67.603879568
          ],
          [
            18.105683123,
            67.604025366
          ],
          [
            18.10572749,
            67.604107062
          ],
          [
            18.105606835,
            67.604246024
          ],
          [
            18.10549301,
            67.604333278
          ],
          [
            18.105501284,
            67.604423387
          ],
          [
            18.10545163,
            67.604562301
          ],
          [
            18.10529295,
            67.604747119
          ],
          [
            18.105284843,
            67.604841402
          ],
          [
            18.105330146,
            67.605061072
          ],
          [
            18.105277621,
            67.60515168
          ],
          [
            18.105330364,
            67.605350573
          ],
          [
            18.105510138,
            67.605525145
          ],
          [
            18.10550648,
            67.605549073
          ],
          [
            18.10541835,
            67.605599731
          ],
          [
            18.105409151,
            67.605646329
          ],
          [
            18.105637673,
            67.605740036
          ],
          [
            18.105751696,
            67.605811394
          ],
          [
            18.105886689,
            67.605861725
          ],
          [
            18.10603654,
            67.60589631
          ],
          [
            18.106339504,
            67.606121439
          ],
          [
            18.106556131,
            67.606254063
          ],
          [
            18.106623119,
            67.606327596
          ],
          [
            18.106636324,
            67.606403432
          ],
          [
            18.106531719,
            67.606614306
          ],
          [
            18.106323218,
            67.606832296
          ],
          [
            18.106303529,
            67.606993857
          ],
          [
            18.106339656,
            67.607168555
          ],
          [
            18.106312109,
            67.607295454
          ],
          [
            18.106344522,
            67.607363192
          ],
          [
            18.106295633,
            67.60745567
          ],
          [
            18.106410954,
            67.607563116
          ],
          [
            18.106479453,
            67.607831341
          ],
          [
            18.106484732,
            67.607898296
          ],
          [
            18.10641977,
            67.608101983
          ],
          [
            18.106458222,
            67.608294693
          ],
          [
            18.10662917,
            67.608518442
          ],
          [
            18.106723082,
            67.60872171
          ],
          [
            18.106676617,
            67.60885928
          ],
          [
            18.106573091,
            67.608947631
          ],
          [
            18.106582891,
            67.609023523
          ],
          [
            18.106679981,
            67.60914679
          ],
          [
            18.10653667,
            67.609319704
          ],
          [
            18.106544582,
            67.609511697
          ],
          [
            18.106358452,
            67.609562911
          ],
          [
            18.106077501,
            67.609795152
          ],
          [
            18.106053184,
            67.609894909
          ],
          [
            18.105984354,
            67.609990345
          ],
          [
            18.105920728,
            67.610283006
          ],
          [
            18.106003102,
            67.61055357
          ],
          [
            18.106007867,
            67.610721137
          ],
          [
            18.105965733,
            67.610787697
          ],
          [
            18.105801081,
            67.610848834
          ],
          [
            18.105734446,
            67.610935203
          ],
          [
            18.105744901,
            67.611042043
          ],
          [
            18.105634866,
            67.611133104
          ],
          [
            18.105477744,
            67.611330795
          ],
          [
            18.105331648,
            67.611587599
          ],
          [
            18.10534297,
            67.611675082
          ],
          [
            18.105443055,
            67.611768634
          ],
          [
            18.105594642,
            67.612025006
          ],
          [
            18.105676095,
            67.61226206
          ],
          [
            18.105811854,
            67.612500669
          ],
          [
            18.106193836,
            67.612759145
          ],
          [
            18.10623979,
            67.612826633
          ],
          [
            18.106212746,
            67.612957401
          ],
          [
            18.106104667,
            67.613089684
          ],
          [
            18.106029466,
            67.613136242
          ],
          [
            18.106044438,
            67.613356483
          ],
          [
            18.105983768,
            67.613593633
          ],
          [
            18.106047817,
            67.614036066
          ],
          [
            18.106018503,
            67.61420169
          ],
          [
            18.106044458,
            67.614323723
          ],
          [
            18.105914742,
            67.614759482
          ],
          [
            18.105971981,
            67.614940242
          ],
          [
            18.105936931,
            67.61519239
          ],
          [
            18.106018324,
            67.615559696
          ],
          [
            18.106142774,
            67.615815286
          ],
          [
            18.106241597,
            67.61616034
          ],
          [
            18.106207267,
            67.616391832
          ],
          [
            18.106274031,
            67.616541467
          ],
          [
            18.106585965,
            67.616937962
          ],
          [
            18.106644972,
            67.617080006
          ],
          [
            18.106687997,
            67.617673726
          ],
          [
            18.106806401,
            67.617830123
          ],
          [
            18.106872579,
            67.618027484
          ],
          [
            18.106844134,
            67.61817375
          ],
          [
            18.106771688,
            67.618293759
          ],
          [
            18.106748127,
            67.618451542
          ],
          [
            18.106880973,
            67.618745662
          ],
          [
            18.106991749,
            67.618921545
          ],
          [
            18.107002384,
            67.619029675
          ],
          [
            18.1071375,
            67.61928893
          ],
          [
            18.107268539,
            67.619464435
          ],
          [
            18.10734164,
            67.619662956
          ],
          [
            18.107241529,
            67.619961461
          ],
          [
            18.107250326,
            67.620055439
          ],
          [
            18.107360307,
            67.620303565
          ],
          [
            18.107487187,
            67.620446905
          ],
          [
            18.107453331,
            67.620603592
          ],
          [
            18.107506813,
            67.620833431
          ],
          [
            18.107462191,
            67.621063827
          ],
          [
            18.107500235,
            67.621226896
          ],
          [
            18.107489852,
            67.62138185
          ],
          [
            18.107545788,
            67.621552317
          ],
          [
            18.107462316,
            67.621691878
          ],
          [
            18.107450849,
            67.621986532
          ],
          [
            18.107498089,
            67.622147854
          ],
          [
            18.107427747,
            67.622280681
          ],
          [
            18.107084228,
            67.622612647
          ],
          [
            18.106909552,
            67.622742288
          ],
          [
            18.106818216,
            67.62289466
          ],
          [
            18.106501845,
            67.623176325
          ],
          [
            18.106478399,
            67.623255933
          ],
          [
            18.106513386,
            67.623426415
          ],
          [
            18.106444431,
            67.623543896
          ],
          [
            18.106417008,
            67.62372447
          ],
          [
            18.106452041,
            67.623921772
          ],
          [
            18.106409968,
            67.624119219
          ],
          [
            18.106465197,
            67.624502603
          ],
          [
            18.106455853,
            67.625249863
          ],
          [
            18.106427803,
            67.62545216
          ],
          [
            18.106354261,
            67.625692321
          ],
          [
            18.10637728,
            67.625953693
          ],
          [
            18.106316,
            67.626078696
          ],
          [
            18.106310527,
            67.626247375
          ],
          [
            18.106363361,
            67.626426467
          ],
          [
            18.106474217,
            67.626613439
          ],
          [
            18.106361255,
            67.626913077
          ],
          [
            18.106472622,
            67.627633856
          ],
          [
            18.106589747,
            67.627870515
          ],
          [
            18.10659867,
            67.627967408
          ],
          [
            18.106582367,
            67.628129901
          ],
          [
            18.106503582,
            67.628381655
          ],
          [
            18.106522699,
            67.628585636
          ],
          [
            18.1064722,
            67.628690005
          ],
          [
            18.106571686,
            67.629052143
          ],
          [
            18.106672874,
            67.629268661
          ],
          [
            18.106701631,
            67.629416276
          ],
          [
            18.106681227,
            67.629520096
          ],
          [
            18.106715513,
            67.62963185
          ],
          [
            18.10691143,
            67.629907929
          ],
          [
            18.106946822,
            67.630028605
          ],
          [
            18.106936136,
            67.630141767
          ],
          [
            18.107032588,
            67.630479701
          ],
          [
            18.107212772,
            67.630869729
          ],
          [
            18.10713833,
            67.631155881
          ],
          [
            18.107218229,
            67.631601387
          ],
          [
            18.107180428,
            67.6317796
          ],
          [
            18.107249432,
            67.631874115
          ],
          [
            18.107304017,
            67.632040405
          ],
          [
            18.107219184,
            67.632191386
          ],
          [
            18.107167771,
            67.632526922
          ],
          [
            18.107061913,
            67.632697439
          ],
          [
            18.106878899,
            67.632841282
          ],
          [
            18.106774982,
            67.63302709
          ],
          [
            18.106859334,
            67.633163459
          ],
          [
            18.106633826,
            67.633660553
          ],
          [
            18.106426049,
            67.63387381
          ],
          [
            18.106398906,
            67.634030107
          ],
          [
            18.106315936,
            67.634169559
          ],
          [
            18.106295135,
            67.634323185
          ],
          [
            18.106087102,
            67.634587528
          ],
          [
            18.106303389,
            67.634708769
          ],
          [
            18.10631231,
            67.634880243
          ],
          [
            18.106002765,
            67.63515108
          ],
          [
            18.105331636,
            67.63559782
          ],
          [
            18.105473152,
            67.635923293
          ],
          [
            18.105777027,
            67.636376974
          ],
          [
            18.105824888,
            67.636593147
          ],
          [
            18.105584852,
            67.63714537
          ],
          [
            18.105461569,
            67.637319325
          ],
          [
            18.105434078,
            67.637516717
          ],
          [
            18.1053053,
            67.637801831
          ],
          [
            18.104801089,
            67.638284554
          ],
          [
            18.104763569,
            67.638378654
          ],
          [
            18.104764117,
            67.638511157
          ],
          [
            18.104827226,
            67.638614719
          ],
          [
            18.10483841,
            67.638726834
          ],
          [
            18.104752778,
            67.638910171
          ],
          [
            18.104791588,
            67.639184567
          ],
          [
            18.104732107,
            67.63933965
          ],
          [
            18.104619205,
            67.639440208
          ],
          [
            18.104568559,
            67.639561055
          ],
          [
            18.104601512,
            67.639610915
          ],
          [
            18.104548992,
            67.63966617
          ],
          [
            18.104041956,
            67.63971732
          ],
          [
            18.103975909,
            67.63977031
          ],
          [
            18.104090946,
            67.640019294
          ],
          [
            18.10422321,
            67.640426977
          ],
          [
            18.104431927,
            67.640631297
          ],
          [
            18.104612456,
            67.640874011
          ],
          [
            18.104628827,
            67.640949419
          ],
          [
            18.104440412,
            67.641029941
          ],
          [
            18.104232309,
            67.641189074
          ],
          [
            18.104167631,
            67.641303868
          ],
          [
            18.104132686,
            67.64175129
          ],
          [
            18.103960822,
            67.642062447
          ],
          [
            18.104069521,
            67.642441543
          ],
          [
            18.104115769,
            67.642799096
          ],
          [
            18.104399144,
            67.643298596
          ],
          [
            18.104485037,
            67.643501437
          ],
          [
            18.104557096,
            67.64385345
          ],
          [
            18.104482822,
            67.644304129
          ],
          [
            18.104592513,
            67.644690783
          ],
          [
            18.104914493,
            67.645078493
          ],
          [
            18.105248588,
            67.645354926
          ],
          [
            18.105770757,
            67.645854991
          ],
          [
            18.105877501,
            67.646065011
          ],
          [
            18.106369024,
            67.646686805
          ],
          [
            18.106668077,
            67.647329867
          ],
          [
            18.107076365,
            67.64787014
          ],
          [
            18.107285576,
            67.648253311
          ],
          [
            18.10714402,
            67.648630652
          ],
          [
            18.107088054,
            67.648956055
          ],
          [
            18.107317069,
            67.64938914
          ],
          [
            18.107121649,
            67.650207504
          ],
          [
            18.107154184,
            67.650453269
          ],
          [
            18.106896528,
            67.651001284
          ],
          [
            18.106820103,
            67.651322059
          ],
          [
            18.107066647,
            67.65241102
          ],
          [
            18.107021439,
            67.652493603
          ],
          [
            18.107099452,
            67.652583869
          ],
          [
            18.107138478,
            67.652728944
          ],
          [
            18.107130236,
            67.652891273
          ],
          [
            18.107278969,
            67.653366119
          ],
          [
            18.107249177,
            67.653540174
          ],
          [
            18.107361445,
            67.653939044
          ],
          [
            18.107514692,
            67.654298153
          ],
          [
            18.107618566,
            67.654409296
          ],
          [
            18.107689555,
            67.654546217
          ],
          [
            18.107683784,
            67.654702214
          ],
          [
            18.107871298,
            67.654921123
          ],
          [
            18.108039083,
            67.655165551
          ],
          [
            18.108205032,
            67.655520646
          ],
          [
            18.108549149,
            67.655824548
          ],
          [
            18.108959524,
            67.656304439
          ],
          [
            18.10904385,
            67.656442362
          ],
          [
            18.109134072,
            67.656824046
          ],
          [
            18.109069698,
            67.65686174
          ],
          [
            18.108873397,
            67.656900709
          ],
          [
            18.10862426,
            67.656989713
          ],
          [
            18.108308224,
            67.657072462
          ],
          [
            18.105896116,
            67.657788771
          ],
          [
            18.105404107,
            67.658014427
          ],
          [
            18.104265039,
            67.658642188
          ],
          [
            18.104084962,
            67.658804034
          ],
          [
            18.103862647,
            67.658896289
          ],
          [
            18.103222939,
            67.659079511
          ],
          [
            18.103024149,
            67.659149947
          ],
          [
            18.10225542,
            67.659306723
          ],
          [
            18.101619983,
            67.65952254
          ],
          [
            18.101424276,
            67.659541375
          ],
          [
            18.101074353,
            67.659543046
          ],
          [
            18.100736899,
            67.659689041
          ],
          [
            18.100335735,
            67.659902883
          ],
          [
            18.10013808,
            67.659956951
          ],
          [
            18.099800592,
            67.660102953
          ],
          [
            18.099729775,
            67.660249638
          ],
          [
            18.099711737,
            67.660367535
          ],
          [
            18.099597645,
            67.660461942
          ],
          [
            18.098890615,
            67.66080252
          ],
          [
            18.098842388,
            67.660866625
          ],
          [
            18.098843906,
            67.660981626
          ],
          [
            18.098890524,
            67.661085676
          ],
          [
            18.099136227,
            67.661239107
          ],
          [
            18.099462172,
            67.661370815
          ],
          [
            18.09958628,
            67.66137988
          ],
          [
            18.099857116,
            67.661367248
          ],
          [
            18.100108102,
            67.6613297
          ],
          [
            18.100968248,
            67.661120255
          ],
          [
            18.101246027,
            67.661110021
          ],
          [
            18.101875939,
            67.661047709
          ],
          [
            18.102400205,
            67.660939327
          ],
          [
            18.102713475,
            67.660920835
          ],
          [
            18.103465216,
            67.660901752
          ],
          [
            18.103864378,
            67.660930959
          ],
          [
            18.104210874,
            67.660938399
          ],
          [
            18.104437657,
            67.660970822
          ],
          [
            18.104692654,
            67.660990073
          ],
          [
            18.106645084,
            67.660987418
          ],
          [
            18.107294518,
            67.660999292
          ],
          [
            18.108041372,
            67.66109658
          ],
          [
            18.108562118,
            67.661141194
          ],
          [
            18.109072729,
            67.66121002
          ],
          [
            18.109239554,
            67.661241033
          ],
          [
            18.109317618,
            67.661305304
          ],
          [
            18.109242897,
            67.661447022
          ],
          [
            18.10931331,
            67.661683352
          ],
          [
            18.109169152,
            67.662496328
          ],
          [
            18.109346862,
            67.662920274
          ],
          [
            18.109340008,
            67.663021528
          ],
          [
            18.109380417,
            67.663180045
          ],
          [
            18.109457525,
            67.663313868
          ],
          [
            18.109415616,
            67.663606651
          ],
          [
            18.109354191,
            67.663799942
          ],
          [
            18.109366959,
            67.663873022
          ],
          [
            18.109322015,
            67.663962352
          ],
          [
            18.109326239,
            67.664072247
          ],
          [
            18.109438405,
            67.664322964
          ],
          [
            18.109712393,
            67.664694543
          ],
          [
            18.109846591,
            67.665321548
          ],
          [
            18.110089399,
            67.665863096
          ],
          [
            18.110389936,
            67.666851059
          ],
          [
            18.110421223,
            67.667093175
          ],
          [
            18.110502113,
            67.667256
          ],
          [
            18.110392194,
            67.667794029
          ],
          [
            18.11042415,
            67.668041196
          ],
          [
            18.110335226,
            67.668690074
          ],
          [
            18.110344996,
            67.66891995
          ],
          [
            18.110218463,
            67.66917514
          ],
          [
            18.110343352,
            67.669370005
          ],
          [
            18.110433369,
            67.669603438
          ],
          [
            18.110478495,
            67.669900924
          ],
          [
            18.110446404,
            67.670321203
          ],
          [
            18.110383359,
            67.670656099
          ],
          [
            18.110379428,
            67.671088491
          ],
          [
            18.110424333,
            67.671641329
          ],
          [
            18.110586213,
            67.671916398
          ],
          [
            18.11056369,
            67.672313139
          ],
          [
            18.110515273,
            67.672516858
          ],
          [
            18.110549793,
            67.6726292
          ],
          [
            18.110703821,
            67.672831769
          ],
          [
            18.110748661,
            67.672972153
          ],
          [
            18.110872276,
            67.673200957
          ],
          [
            18.110995947,
            67.67364287
          ],
          [
            18.111161276,
            67.673881176
          ],
          [
            18.111531143,
            67.674187618
          ],
          [
            18.111955376,
            67.674432609
          ],
          [
            18.112212137,
            67.674646134
          ],
          [
            18.112472143,
            67.675044458
          ],
          [
            18.112550252,
            67.675127745
          ],
          [
            18.113041652,
            67.67553979
          ],
          [
            18.11320127,
            67.675785898
          ],
          [
            18.113675741,
            67.676283252
          ],
          [
            18.113881346,
            67.676412981
          ],
          [
            18.114107582,
            67.676598812
          ],
          [
            18.114404376,
            67.676755116
          ],
          [
            18.114580543,
            67.676918766
          ],
          [
            18.115189666,
            67.677300393
          ],
          [
            18.115488652,
            67.677420701
          ],
          [
            18.116000348,
            67.677673177
          ],
          [
            18.116394648,
            67.677958616
          ],
          [
            18.117155244,
            67.678309214
          ],
          [
            18.117445006,
            67.678622253
          ],
          [
            18.117841853,
            67.678874265
          ],
          [
            18.118078575,
            67.678982877
          ],
          [
            18.118625861,
            67.679196178
          ],
          [
            18.11880555,
            67.679493267
          ],
          [
            18.118680904,
            67.679893531
          ],
          [
            18.11915965,
            67.680151738
          ],
          [
            18.119213672,
            67.680204658
          ],
          [
            18.119821104,
            67.680465633
          ],
          [
            18.12009503,
            67.680547884
          ],
          [
            18.120393427,
            67.680663059
          ],
          [
            18.120651278,
            67.680725064
          ],
          [
            18.121277985,
            67.680977978
          ],
          [
            18.121356632,
            67.681276922
          ],
          [
            18.121450042,
            67.68142669
          ],
          [
            18.121427694,
            67.681781409
          ],
          [
            18.121217152,
            67.682355282
          ],
          [
            18.121140081,
            67.682492776
          ],
          [
            18.121185343,
            67.682635718
          ],
          [
            18.121503686,
            67.682907151
          ],
          [
            18.121756863,
            67.683303018
          ],
          [
            18.121822092,
            67.683920584
          ],
          [
            18.121930999,
            67.684244645
          ],
          [
            18.121993865,
            67.684366733
          ],
          [
            18.122232552,
            67.684595972
          ],
          [
            18.122392306,
            67.68484208
          ],
          [
            18.122574215,
            67.684943997
          ],
          [
            18.122874049,
            67.685192042
          ],
          [
            18.122840987,
            67.685363289
          ],
          [
            18.122882348,
            67.685522631
          ],
          [
            18.12299568,
            67.68570426
          ],
          [
            18.123128431,
            67.685822528
          ],
          [
            18.123179992,
            67.68606043
          ],
          [
            18.123339276,
            67.686170323
          ],
          [
            18.123601259,
            67.686273047
          ],
          [
            18.123822577,
            67.686381776
          ],
          [
            18.123943385,
            67.686621007
          ],
          [
            18.124136607,
            67.686832638
          ],
          [
            18.124099359,
            67.687024959
          ],
          [
            18.124262062,
            67.687161032
          ],
          [
            18.124325073,
            67.687540468
          ],
          [
            18.124641531,
            67.687636919
          ],
          [
            18.124937734,
            67.687683879
          ],
          [
            18.125221975,
            67.687691676
          ],
          [
            18.125593763,
            67.687682097
          ],
          [
            18.125971999,
            67.687722263
          ],
          [
            18.126886283,
            67.687794381
          ],
          [
            18.127567291,
            67.687878752
          ],
          [
            18.128353825,
            67.687924385
          ],
          [
            18.128808542,
            67.687968364
          ],
          [
            18.129429098,
            67.687959355
          ],
          [
            18.130239102,
            67.687973038
          ],
          [
            18.130490411,
            67.687886953
          ],
          [
            18.131281283,
            67.687806493
          ],
          [
            18.132025529,
            67.687792527
          ],
          [
            18.132622502,
            67.687867952
          ],
          [
            18.133029747,
            67.687865557
          ],
          [
            18.134154578,
            67.687988814
          ],
          [
            18.135336142,
            67.688202874
          ],
          [
            18.136037431,
            67.688282886
          ],
          [
            18.137135154,
            67.688356757
          ],
          [
            18.138074064,
            67.688537293
          ],
          [
            18.138552698,
            67.68865823
          ],
          [
            18.13897147,
            67.688717286
          ],
          [
            18.139403913,
            67.688722282
          ],
          [
            18.140241603,
            67.688867961
          ],
          [
            18.140592064,
            67.688986049
          ],
          [
            18.1411257,
            67.689104634
          ],
          [
            18.141702559,
            67.689078024
          ],
          [
            18.141910157,
            67.689106936
          ],
          [
            18.155508395,
            67.694340502
          ],
          [
            18.155686586,
            67.69435551
          ],
          [
            18.155854739,
            67.694425838
          ],
          [
            18.155988251,
            67.694521745
          ],
          [
            18.15613396,
            67.694684366
          ],
          [
            18.156298187,
            67.694698324
          ],
          [
            18.156477057,
            67.694692316
          ],
          [
            18.156588435,
            67.694619337
          ],
          [
            18.156672249,
            67.694520627
          ],
          [
            18.156839779,
            67.694480708
          ],
          [
            18.157062666,
            67.694388551
          ],
          [
            18.157437711,
            67.69427121
          ],
          [
            18.157567504,
            67.694549631
          ],
          [
            18.157730615,
            67.69473948
          ],
          [
            18.157970991,
            67.69517594
          ],
          [
            18.15813601,
            67.695327688
          ],
          [
            18.158239749,
            67.695354599
          ],
          [
            18.158541,
            67.695359405
          ],
          [
            18.158697486,
            67.695340692
          ],
          [
            18.159081658,
            67.695318981
          ],
          [
            18.159415647,
            67.695336288
          ],
          [
            18.160186815,
            67.695472628
          ],
          [
            18.160467711,
            67.695532933
          ],
          [
            18.160763396,
            67.69562709
          ],
          [
            18.160992924,
            67.695769744
          ],
          [
            18.161108848,
            67.69591586
          ],
          [
            18.161561498,
            67.696231472
          ],
          [
            18.161668321,
            67.696281955
          ],
          [
            18.161725858,
            67.696351739
          ],
          [
            18.161812032,
            67.696350102
          ],
          [
            18.161931653,
            67.696366214
          ],
          [
            18.16205676,
            67.69639797
          ],
          [
            18.162176001,
            67.696463961
          ],
          [
            18.162284049,
            67.696497349
          ],
          [
            18.162603228,
            67.696559556
          ],
          [
            18.162604236,
            67.696619914
          ],
          [
            18.162972538,
            67.696687749
          ],
          [
            18.16335427,
            67.696778955
          ],
          [
            18.163544422,
            67.696813271
          ],
          [
            18.163835777,
            67.696795866
          ],
          [
            18.163955173,
            67.696800263
          ],
          [
            18.164043616,
            67.696862353
          ],
          [
            18.164138593,
            67.696893776
          ],
          [
            18.164171366,
            67.696984801
          ],
          [
            18.164321951,
            67.697013851
          ],
          [
            18.164576302,
            67.69700776
          ],
          [
            18.164684627,
            67.696980494
          ],
          [
            18.164822495,
            67.696992515
          ],
          [
            18.164937773,
            67.697072696
          ],
          [
            18.165062373,
            67.697090281
          ],
          [
            18.165426724,
            67.697096732
          ],
          [
            18.165616853,
            67.697134342
          ],
          [
            18.165850509,
            67.697210974
          ],
          [
            18.166034372,
            67.697254003
          ],
          [
            18.166227559,
            67.697342017
          ],
          [
            18.166405724,
            67.697446252
          ],
          [
            18.166470879,
            67.697573849
          ],
          [
            18.166633869,
            67.697590713
          ],
          [
            18.166924858,
            67.697678225
          ],
          [
            18.167283961,
            67.697805619
          ],
          [
            18.167464758,
            67.697905816
          ],
          [
            18.167363004,
            67.697983428
          ],
          [
            18.167419432,
            67.698121817
          ],
          [
            18.167731697,
            67.69842672
          ],
          [
            18.167899113,
            67.698504593
          ],
          [
            18.168067496,
            67.698535969
          ],
          [
            18.168166247,
            67.698596527
          ],
          [
            18.168032108,
            67.698747791
          ],
          [
            18.168102239,
            67.698830142
          ],
          [
            18.168276794,
            67.698909205
          ],
          [
            18.168327094,
            67.698973336
          ],
          [
            18.168212869,
            67.699197269
          ],
          [
            18.168310006,
            67.699406612
          ],
          [
            18.168405963,
            67.69947254
          ],
          [
            18.168521515,
            67.699500921
          ],
          [
            18.16859514,
            67.699583204
          ],
          [
            18.168737803,
            67.699658882
          ],
          [
            18.169036376,
            67.699723669
          ],
          [
            18.169374433,
            67.699742557
          ],
          [
            18.169503745,
            67.699769349
          ],
          [
            18.169781346,
            67.699861087
          ],
          [
            18.170039136,
            67.700042178
          ],
          [
            18.170028932,
            67.700098147
          ],
          [
            18.170072536,
            67.700191619
          ],
          [
            18.170270056,
            67.700339312
          ],
          [
            18.17063157,
            67.700404236
          ],
          [
            18.170811922,
            67.700473899
          ],
          [
            18.171259687,
            67.700583683
          ],
          [
            18.171849618,
            67.7006576
          ],
          [
            18.171873308,
            67.700785975
          ],
          [
            18.171978608,
            67.700923448
          ],
          [
            18.172158461,
            67.701096697
          ],
          [
            18.172414806,
            67.701212738
          ],
          [
            18.172930524,
            67.701361091
          ],
          [
            18.174045655,
            67.701575201
          ],
          [
            18.174488604,
            67.701674448
          ],
          [
            18.175494323,
            67.701960991
          ],
          [
            18.176269249,
            67.702219998
          ],
          [
            18.17698729,
            67.702525225
          ],
          [
            18.177279968,
            67.702598078
          ],
          [
            18.17747298,
            67.702630303
          ],
          [
            18.177707936,
            67.702716188
          ],
          [
            18.17814772,
            67.702844707
          ],
          [
            18.178230856,
            67.702892274
          ],
          [
            18.178390869,
            67.702939734
          ],
          [
            18.178503221,
            67.703050503
          ],
          [
            18.178921619,
            67.703283007
          ],
          [
            18.179024557,
            67.703401925
          ],
          [
            18.179244264,
            67.703558487
          ],
          [
            18.179373429,
            67.703610508
          ],
          [
            18.179517898,
            67.703699422
          ],
          [
            18.179611754,
            67.70380257
          ],
          [
            18.180066202,
            67.704123381
          ],
          [
            18.180170714,
            67.704227658
          ],
          [
            18.180233565,
            67.704334042
          ],
          [
            18.180476985,
            67.704511412
          ],
          [
            18.180747731,
            67.704763954
          ],
          [
            18.181006617,
            67.704845398
          ],
          [
            18.181277048,
            67.704881477
          ],
          [
            18.181677511,
            67.705002755
          ],
          [
            18.181986751,
            67.705121772
          ],
          [
            18.182450343,
            67.705244509
          ],
          [
            18.18296207,
            67.705361032
          ],
          [
            18.183358447,
            67.705584645
          ],
          [
            18.183673991,
            67.705698229
          ],
          [
            18.184192621,
            67.70592086
          ],
          [
            18.184551111,
            67.706015034
          ],
          [
            18.185868703,
            67.706625006
          ],
          [
            18.187457449,
            67.707168755
          ],
          [
            18.188856137,
            67.707568657
          ],
          [
            18.190601258,
            67.708151817
          ],
          [
            18.190857158,
            67.708300051
          ],
          [
            18.191019625,
            67.70842498
          ],
          [
            18.191681961,
            67.708738926
          ],
          [
            18.191949188,
            67.708759839
          ],
          [
            18.192461252,
            67.708854239
          ],
          [
            18.192708474,
            67.708916211
          ],
          [
            18.192885322,
            67.708980335
          ],
          [
            18.193258714,
            67.709220548
          ],
          [
            18.193365387,
            67.709249832
          ],
          [
            18.193561976,
            67.70934814
          ],
          [
            18.193719609,
            67.709462233
          ],
          [
            18.193959835,
            67.709559999
          ],
          [
            18.194276675,
            67.709728225
          ],
          [
            18.194587819,
            67.709830212
          ],
          [
            18.194852049,
            67.709894515
          ],
          [
            18.1954538,
            67.710093636
          ],
          [
            18.19590505,
            67.710183678
          ],
          [
            18.196275808,
            67.710236461
          ],
          [
            18.196471083,
            67.710279943
          ],
          [
            18.196730808,
            67.710369807
          ],
          [
            18.196945312,
            67.710402855
          ],
          [
            18.197125432,
            67.710465653
          ],
          [
            18.197475911,
            67.710555665
          ],
          [
            18.197634466,
            67.710602157
          ],
          [
            18.197745866,
            67.710686211
          ],
          [
            18.198259141,
            67.710950185
          ],
          [
            18.198898952,
            67.711161577
          ],
          [
            18.199521469,
            67.711289005
          ],
          [
            18.199749318,
            67.711320602
          ],
          [
            18.199833526,
            67.711401175
          ],
          [
            18.199972967,
            67.711459372
          ],
          [
            18.200481684,
            67.711592049
          ],
          [
            18.200989273,
            67.711750239
          ],
          [
            18.201152855,
            67.711815792
          ],
          [
            18.201830487,
            67.712192481
          ],
          [
            18.202557124,
            67.712435925
          ],
          [
            18.20336491,
            67.71268474
          ],
          [
            18.204217881,
            67.713028627
          ],
          [
            18.204421309,
            67.71308858
          ],
          [
            18.204604769,
            67.713189585
          ],
          [
            18.205191815,
            67.713450069
          ],
          [
            18.205590338,
            67.713550946
          ],
          [
            18.20589746,
            67.71364403
          ],
          [
            18.206141031,
            67.713740466
          ],
          [
            18.206463183,
            67.71381296
          ],
          [
            18.206830131,
            67.713937174
          ],
          [
            18.207653812,
            67.714252087
          ],
          [
            18.208069694,
            67.714436901
          ],
          [
            18.20859104,
            67.714597447
          ],
          [
            18.208965338,
            67.71476748
          ],
          [
            18.209698195,
            67.715003175
          ],
          [
            18.211162153,
            67.715570208
          ],
          [
            18.212823245,
            67.716161548
          ],
          [
            18.213928105,
            67.716539215
          ],
          [
            18.214355536,
            67.716700915
          ],
          [
            18.214845408,
            67.716846538
          ],
          [
            18.21512451,
            67.716964189
          ],
          [
            18.215427288,
            67.717122356
          ],
          [
            18.216311611,
            67.717668553
          ],
          [
            18.21655145,
            67.717759912
          ],
          [
            18.216811972,
            67.718011698
          ],
          [
            18.216961895,
            67.718189635
          ],
          [
            18.217330692,
            67.718488519
          ],
          [
            18.217799538,
            67.718816757
          ],
          [
            18.218190847,
            67.719142143
          ],
          [
            18.218579743,
            67.719439496
          ],
          [
            18.218857472,
            67.719618374
          ],
          [
            18.219236426,
            67.719917125
          ],
          [
            18.219580542,
            67.720114832
          ],
          [
            18.220059504,
            67.720439408
          ],
          [
            18.2201689,
            67.720550697
          ],
          [
            18.220183469,
            67.720655337
          ],
          [
            18.220240352,
            67.720740356
          ],
          [
            18.22033726,
            67.720775088
          ],
          [
            18.220626823,
            67.720819249
          ],
          [
            18.220747291,
            67.720853739
          ],
          [
            18.221010114,
            67.720945473
          ],
          [
            18.221156822,
            67.721015462
          ],
          [
            18.221646608,
            67.721304125
          ],
          [
            18.221841833,
            67.721482223
          ],
          [
            18.222133779,
            67.721647768
          ],
          [
            18.222433158,
            67.721777453
          ],
          [
            18.222593124,
            67.721889473
          ],
          [
            18.223123143,
            67.722175137
          ],
          [
            18.223680573,
            67.722422165
          ],
          [
            18.223962559,
            67.722589098
          ],
          [
            18.224424301,
            67.722952185
          ],
          [
            18.224525739,
            67.723002207
          ],
          [
            18.224601904,
            67.723029499
          ],
          [
            18.224700446,
            67.723041216
          ],
          [
            18.224828227,
            67.723038554
          ],
          [
            18.225076012,
            67.723108722
          ],
          [
            18.225170138,
            67.723151157
          ],
          [
            18.22523542,
            67.723213074
          ],
          [
            18.225902908,
            67.723400106
          ],
          [
            18.226941543,
            67.723819566
          ],
          [
            18.227398761,
            67.724076612
          ],
          [
            18.227527626,
            67.724132726
          ],
          [
            18.227628388,
            67.724263272
          ],
          [
            18.227728783,
            67.724299251
          ],
          [
            18.22785744,
            67.724397546
          ],
          [
            18.228158814,
            67.724508028
          ],
          [
            18.228305751,
            67.724535829
          ],
          [
            18.228523927,
            67.724615254
          ],
          [
            18.228755469,
            67.724648527
          ],
          [
            18.229045409,
            67.724651772
          ],
          [
            18.229211555,
            67.724711322
          ],
          [
            18.229731712,
            67.725043084
          ],
          [
            18.229822136,
            67.725214639
          ],
          [
            18.229903022,
            67.725304505
          ],
          [
            18.230056208,
            67.725415315
          ],
          [
            18.230382119,
            67.725538301
          ],
          [
            18.230543013,
            67.725572343
          ],
          [
            18.23134991,
            67.725641542
          ],
          [
            18.23151889,
            67.725693382
          ],
          [
            18.231689779,
            67.725770768
          ],
          [
            18.232014077,
            67.725961508
          ],
          [
            18.232430228,
            67.726164032
          ],
          [
            18.232590667,
            67.726281144
          ],
          [
            18.232729641,
            67.726426609
          ],
          [
            18.232949316,
            67.726569926
          ],
          [
            18.233369977,
            67.726653536
          ],
          [
            18.233651946,
            67.726684976
          ],
          [
            18.233965764,
            67.726781256
          ],
          [
            18.234439524,
            67.726854059
          ],
          [
            18.235023638,
            67.727139099
          ],
          [
            18.235088692,
            67.727286649
          ],
          [
            18.235136706,
            67.727342359
          ],
          [
            18.235272797,
            67.72740478
          ],
          [
            18.235316012,
            67.727486106
          ],
          [
            18.235452502,
            67.727553637
          ],
          [
            18.235848116,
            67.727706534
          ],
          [
            18.236007587,
            67.727766137
          ],
          [
            18.236386512,
            67.727832304
          ],
          [
            18.23662977,
            67.727930626
          ],
          [
            18.23704742,
            67.728062824
          ],
          [
            18.237397634,
            67.728194483
          ],
          [
            18.237624637,
            67.728255914
          ],
          [
            18.23784828,
            67.728362113
          ],
          [
            18.238079332,
            67.728432443
          ],
          [
            18.238440505,
            67.728530747
          ],
          [
            18.238755036,
            67.728591219
          ],
          [
            18.23926609,
            67.728755625
          ],
          [
            18.239769914,
            67.728868988
          ],
          [
            18.240564042,
            67.72921179
          ],
          [
            18.241018825,
            67.729477776
          ],
          [
            18.24124598,
            67.729585204
          ],
          [
            18.241529168,
            67.729676691
          ],
          [
            18.241679187,
            67.729788803
          ],
          [
            18.241829821,
            67.729820381
          ],
          [
            18.241947782,
            67.729865108
          ],
          [
            18.242273578,
            67.730073706
          ],
          [
            18.242504956,
            67.730325507
          ],
          [
            18.242533475,
            67.730390376
          ],
          [
            18.242792498,
            67.730429729
          ],
          [
            18.243228094,
            67.730531041
          ],
          [
            18.243633053,
            67.73071705
          ],
          [
            18.243785349,
            67.730770342
          ],
          [
            18.244353681,
            67.730889368
          ],
          [
            18.244503471,
            67.730909457
          ],
          [
            18.244575551,
            67.731104215
          ],
          [
            18.2446278,
            67.731126649
          ],
          [
            18.244928459,
            67.731225604
          ],
          [
            18.245567885,
            67.731348968
          ],
          [
            18.24578102,
            67.731448883
          ],
          [
            18.246157953,
            67.731531663
          ],
          [
            18.246363391,
            67.731618871
          ],
          [
            18.246594101,
            67.731684087
          ],
          [
            18.246851959,
            67.731796284
          ],
          [
            18.246931865,
            67.731872091
          ],
          [
            18.247086757,
            67.731915127
          ],
          [
            18.247201688,
            67.732008447
          ],
          [
            18.247473675,
            67.732172894
          ],
          [
            18.247590753,
            67.732206114
          ],
          [
            18.247732748,
            67.73221223
          ],
          [
            18.24793883,
            67.732263648
          ],
          [
            18.248582535,
            67.732486646
          ],
          [
            18.248781508,
            67.732533032
          ],
          [
            18.249022769,
            67.73255978
          ],
          [
            18.249269428,
            67.732568577
          ],
          [
            18.249831346,
            67.732558573
          ],
          [
            18.250230831,
            67.732676751
          ],
          [
            18.251449859,
            67.732755394
          ],
          [
            18.251669126,
            67.732714643
          ],
          [
            18.251957695,
            67.732698687
          ],
          [
            18.252482054,
            67.73272616
          ],
          [
            18.253075375,
            67.732729859
          ],
          [
            18.253829657,
            67.732679392
          ],
          [
            18.253944553,
            67.732639788
          ],
          [
            18.254344739,
            67.732585536
          ],
          [
            18.254742554,
            67.732632284
          ],
          [
            18.25505101,
            67.732700463
          ],
          [
            18.255153735,
            67.732765789
          ],
          [
            18.255159472,
            67.732884587
          ],
          [
            18.2551275,
            67.732951398
          ],
          [
            18.254993298,
            67.733090905
          ],
          [
            18.254876979,
            67.733156086
          ],
          [
            18.25467478,
            67.733332133
          ],
          [
            18.254592091,
            67.733440403
          ],
          [
            18.254527563,
            67.733698005
          ],
          [
            18.254521843,
            67.733755582
          ],
          [
            18.25457338,
            67.733812528
          ],
          [
            18.254696297,
            67.733877631
          ],
          [
            18.254901093,
            67.733955898
          ],
          [
            18.255047825,
            67.733979846
          ],
          [
            18.255589469,
            67.734009129
          ],
          [
            18.256342516,
            67.734085769
          ],
          [
            18.256770634,
            67.734149498
          ],
          [
            18.257174751,
            67.734177805
          ],
          [
            18.257452763,
            67.734224667
          ],
          [
            18.257744206,
            67.734239355
          ],
          [
            18.25860946,
            67.734356452
          ],
          [
            18.258884536,
            67.734407196
          ],
          [
            18.259100949,
            67.734476749
          ],
          [
            18.259485739,
            67.734544984
          ],
          [
            18.260017961,
            67.734699172
          ],
          [
            18.260854455,
            67.73483077
          ],
          [
            18.261171772,
            67.734866792
          ],
          [
            18.261697017,
            67.734955866
          ],
          [
            18.262021966,
            67.735031416
          ],
          [
            18.262296064,
            67.735057232
          ],
          [
            18.262576396,
            67.73510981
          ],
          [
            18.262739481,
            67.735153324
          ],
          [
            18.262904616,
            67.735215996
          ],
          [
            18.263316364,
            67.735283799
          ],
          [
            18.264324494,
            67.735538042
          ],
          [
            18.264909704,
            67.735714421
          ],
          [
            18.265586331,
            67.735831838
          ],
          [
            18.266090726,
            67.735977495
          ],
          [
            18.266634821,
            67.736178794
          ],
          [
            18.266766254,
            67.736210007
          ],
          [
            18.267015474,
            67.736239399
          ],
          [
            18.267606926,
            67.736285237
          ],
          [
            18.268192781,
            67.736436017
          ],
          [
            18.268397724,
            67.736460978
          ],
          [
            18.268594533,
            67.736473279
          ],
          [
            18.26887413,
            67.736471509
          ],
          [
            18.269582524,
            67.736445184
          ],
          [
            18.269718929,
            67.7364597
          ],
          [
            18.270082279,
            67.736547423
          ],
          [
            18.270260234,
            67.736603491
          ],
          [
            18.270567084,
            67.736761143
          ],
          [
            18.270742495,
            67.736824921
          ],
          [
            18.270930674,
            67.736882103
          ],
          [
            18.271372274,
            67.736976283
          ],
          [
            18.271467262,
            67.737013171
          ],
          [
            18.27189597,
            67.737112672
          ],
          [
            18.272030172,
            67.73716941
          ],
          [
            18.272256613,
            67.737300169
          ],
          [
            18.272387524,
            67.737451595
          ],
          [
            18.272755817,
            67.737615957
          ],
          [
            18.272897401,
            67.737834995
          ],
          [
            18.273048025,
            67.737950303
          ],
          [
            18.272903539,
            67.738111108
          ],
          [
            18.272869642,
            67.738234402
          ],
          [
            18.273010645,
            67.738323007
          ],
          [
            18.273287782,
            67.738423571
          ],
          [
            18.273559335,
            67.738597102
          ],
          [
            18.273748557,
            67.738695192
          ],
          [
            18.273880169,
            67.73872768
          ],
          [
            18.274030034,
            67.738741976
          ],
          [
            18.274751266,
            67.738771669
          ],
          [
            18.275029057,
            67.738846642
          ],
          [
            18.275361854,
            67.738962914
          ],
          [
            18.275796311,
            67.739084031
          ],
          [
            18.276767924,
            67.739309462
          ],
          [
            18.277035631,
            67.739447074
          ],
          [
            18.277194715,
            67.739484242
          ],
          [
            18.277547192,
            67.739501756
          ],
          [
            18.278218588,
            67.739662646
          ],
          [
            18.278852238,
            67.739911059
          ],
          [
            18.279256147,
            67.74003007
          ],
          [
            18.27963411,
            67.740095792
          ],
          [
            18.280431323,
            67.740172892
          ],
          [
            18.280981678,
            67.74027428
          ],
          [
            18.281866755,
            67.740477859
          ],
          [
            18.282201475,
            67.740580044
          ],
          [
            18.283164897,
            67.741071335
          ],
          [
            18.283646397,
            67.741283738
          ],
          [
            18.283909913,
            67.741351226
          ],
          [
            18.284559211,
            67.741618592
          ],
          [
            18.285085858,
            67.741780467
          ],
          [
            18.286007676,
            67.74213567
          ],
          [
            18.287421386,
            67.74276709
          ],
          [
            18.287722524,
            67.743025818
          ],
          [
            18.288028111,
            67.743138699
          ],
          [
            18.288307911,
            67.743231526
          ],
          [
            18.289107016,
            67.743355891
          ],
          [
            18.289913754,
            67.743457109
          ],
          [
            18.2902619,
            67.743527128
          ],
          [
            18.29060863,
            67.743615063
          ],
          [
            18.291409319,
            67.743940164
          ],
          [
            18.292500492,
            67.744269672
          ],
          [
            18.292744568,
            67.744374555
          ],
          [
            18.293359981,
            67.744855987
          ],
          [
            18.293494583,
            67.745008618
          ],
          [
            18.293639262,
            67.745067732
          ],
          [
            18.294225008,
            67.74552406
          ],
          [
            18.294800087,
            67.745758036
          ],
          [
            18.295097704,
            67.745920897
          ],
          [
            18.295381566,
            67.746036611
          ],
          [
            18.295523043,
            67.746144138
          ],
          [
            18.295720641,
            67.746258808
          ],
          [
            18.296035099,
            67.746406357
          ],
          [
            18.296035099,
            67.746406357
          ],
          [
            18.296123356,
            67.746453407
          ],
          [
            18.296217482,
            67.746660284
          ],
          [
            18.296362087,
            67.746767495
          ],
          [
            18.296439813,
            67.746976727
          ],
          [
            18.296704408,
            67.747168378
          ],
          [
            18.296714189,
            67.747208208
          ],
          [
            18.296305655,
            67.747595297
          ],
          [
            18.296072317,
            67.747750357
          ],
          [
            18.296041808,
            67.747881281
          ],
          [
            18.295900007,
            67.748009694
          ],
          [
            18.29586488,
            67.74820171
          ],
          [
            18.29579041,
            67.748232304
          ],
          [
            18.295760279,
            67.748262222
          ],
          [
            18.295796085,
            67.748442635
          ],
          [
            18.295708019,
            67.748711208
          ],
          [
            18.295794534,
            67.748794056
          ],
          [
            18.295814573,
            67.748930521
          ],
          [
            18.295969383,
            67.74902916
          ],
          [
            18.295996683,
            67.74907714
          ],
          [
            18.29605396,
            67.749198308
          ],
          [
            18.296091555,
            67.749395527
          ],
          [
            18.29599915,
            67.749466374
          ],
          [
            18.295833351,
            67.749525716
          ],
          [
            18.29559122,
            67.749688272
          ],
          [
            18.295581232,
            67.749817833
          ],
          [
            18.295484841,
            67.749903469
          ],
          [
            18.295466336,
            67.750095231
          ],
          [
            18.29536507,
            67.750187255
          ],
          [
            18.295317098,
            67.750415237
          ],
          [
            18.295236218,
            67.750490116
          ],
          [
            18.295210097,
            67.750557848
          ],
          [
            18.295253007,
            67.750752882
          ],
          [
            18.294744423,
            67.751191991
          ],
          [
            18.294634739,
            67.751309393
          ],
          [
            18.294489657,
            67.751564105
          ],
          [
            18.294376434,
            67.751700497
          ],
          [
            18.29432772,
            67.751816969
          ],
          [
            18.29409614,
            67.752041437
          ],
          [
            18.293961214,
            67.752234972
          ],
          [
            18.293898543,
            67.752376907
          ],
          [
            18.29378726,
            67.752426999
          ],
          [
            18.293502825,
            67.752519708
          ],
          [
            18.293355858,
            67.752599801
          ],
          [
            18.29331945,
            67.752937023
          ],
          [
            18.293277136,
            67.753009209
          ],
          [
            18.293129523,
            67.753135604
          ],
          [
            18.293010768,
            67.753324684
          ],
          [
            18.29279802,
            67.753569904
          ],
          [
            18.292478352,
            67.753749419
          ],
          [
            18.292410347,
            67.753893538
          ],
          [
            18.292083569,
            67.754058431
          ],
          [
            18.292017738,
            67.75411835
          ],
          [
            18.291854693,
            67.754465916
          ],
          [
            18.291914239,
            67.754713301
          ],
          [
            18.291863949,
            67.754815067
          ],
          [
            18.291748665,
            67.754879947
          ],
          [
            18.291630089,
            67.755018523
          ],
          [
            18.291664786,
            67.755241036
          ],
          [
            18.291645355,
            67.755424395
          ],
          [
            18.291732326,
            67.755511446
          ],
          [
            18.291744107,
            67.755570183
          ],
          [
            18.291637927,
            67.755668591
          ],
          [
            18.291533505,
            67.755731202
          ],
          [
            18.291462816,
            67.755850111
          ],
          [
            18.291409673,
            67.756029774
          ],
          [
            18.29124384,
            67.756141715
          ],
          [
            18.290927866,
            67.756251732
          ],
          [
            18.290678643,
            67.756362837
          ],
          [
            18.29058065,
            67.756433766
          ],
          [
            18.290086082,
            67.756954707
          ],
          [
            18.290002594,
            67.757267393
          ],
          [
            18.2899239,
            67.757363278
          ],
          [
            18.289636007,
            67.757895802
          ],
          [
            18.289185263,
            67.758306656
          ],
          [
            18.28908353,
            67.758499682
          ],
          [
            18.288811482,
            67.758762631
          ],
          [
            18.28870904,
            67.758844146
          ],
          [
            18.288619006,
            67.758885494
          ],
          [
            18.288205622,
            67.759020132
          ],
          [
            18.28811271,
            67.759086774
          ],
          [
            18.288060186,
            67.759220134
          ],
          [
            18.287868877,
            67.759418502
          ],
          [
            18.287818101,
            67.759667575
          ],
          [
            18.288001817,
            67.759976904
          ],
          [
            18.288011463,
            67.760176164
          ],
          [
            18.288109134,
            67.760352725
          ],
          [
            18.288016455,
            67.760538004
          ],
          [
            18.288008066,
            67.76066859
          ],
          [
            18.28794602,
            67.760869428
          ],
          [
            18.287812742,
            67.760974557
          ],
          [
            18.287813441,
            67.761086067
          ],
          [
            18.287789495,
            67.761122202
          ],
          [
            18.287846077,
            67.761184467
          ],
          [
            18.28791121,
            67.761642184
          ],
          [
            18.288001989,
            67.761817554
          ],
          [
            18.288122022,
            67.761902001
          ],
          [
            18.288192623,
            67.762096615
          ],
          [
            18.288298246,
            67.762202322
          ],
          [
            18.288341311,
            67.76229425
          ],
          [
            18.288781306,
            67.76262002
          ],
          [
            18.288875379,
            67.76266909
          ],
          [
            18.289088641,
            67.762899409
          ],
          [
            18.289117279,
            67.762959995
          ],
          [
            18.289329859,
            67.763131408
          ],
          [
            18.289354104,
            67.763307789
          ],
          [
            18.289379181,
            67.763334762
          ],
          [
            18.289524507,
            67.763395677
          ],
          [
            18.289566891,
            67.763428699
          ],
          [
            18.289647286,
            67.763663143
          ],
          [
            18.289636679,
            67.763772721
          ],
          [
            18.289579681,
            67.763811462
          ],
          [
            18.28932859,
            67.763905759
          ],
          [
            18.289038472,
            67.764051149
          ],
          [
            18.28880804,
            67.76423561
          ],
          [
            18.288701124,
            67.76427511
          ],
          [
            18.288596005,
            67.76438402
          ],
          [
            18.288279926,
            67.764546636
          ],
          [
            18.288151078,
            67.764693781
          ],
          [
            18.288088529,
            67.764732607
          ],
          [
            18.287990922,
            67.764755132
          ],
          [
            18.287960314,
            67.764780847
          ],
          [
            18.28784807,
            67.764822531
          ],
          [
            18.287738496,
            67.764889425
          ],
          [
            18.287659545,
            67.764983208
          ],
          [
            18.287518471,
            67.765067413
          ],
          [
            18.287477897,
            67.765156405
          ],
          [
            18.287331735,
            67.7652975
          ],
          [
            18.286964841,
            67.765505072
          ],
          [
            18.286015879,
            67.766144418
          ],
          [
            18.285852162,
            67.766224758
          ],
          [
            18.285473523,
            67.766636608
          ],
          [
            18.285446267,
            67.766799042
          ],
          [
            18.285381495,
            67.766869463
          ],
          [
            18.285125707,
            67.767024844
          ],
          [
            18.285091103,
            67.767065348
          ],
          [
            18.28510646,
            67.76731551
          ],
          [
            18.28507918,
            67.767372736
          ],
          [
            18.284762378,
            67.767581647
          ],
          [
            18.284507673,
            67.767642324
          ],
          [
            18.284409862,
            67.767873161
          ],
          [
            18.284406562,
            67.768052065
          ],
          [
            18.284303193,
            67.768230382
          ],
          [
            18.284277499,
            67.768512729
          ],
          [
            18.284196974,
            67.768644408
          ],
          [
            18.284080721,
            67.768753483
          ],
          [
            18.284029938,
            67.768956253
          ],
          [
            18.283907699,
            67.769113814
          ],
          [
            18.283909269,
            67.769233727
          ],
          [
            18.28394256,
            67.769285826
          ],
          [
            18.28423749,
            67.769500185
          ],
          [
            18.284256593,
            67.769628248
          ],
          [
            18.284413083,
            67.769952018
          ],
          [
            18.284550232,
            67.770040416
          ],
          [
            18.284630805,
            67.770171756
          ],
          [
            18.284855605,
            67.770248303
          ],
          [
            18.285115077,
            67.770599968
          ],
          [
            18.2855403,
            67.770837597
          ],
          [
            18.28563818,
            67.770922382
          ],
          [
            18.285629753,
            67.770947759
          ],
          [
            18.285706765,
            67.770992882
          ],
          [
            18.285781332,
            67.771014896
          ],
          [
            18.285803312,
            67.771065062
          ],
          [
            18.286058977,
            67.771170597
          ],
          [
            18.286037688,
            67.771231941
          ],
          [
            18.286165757,
            67.771339413
          ],
          [
            18.286253423,
            67.771380165
          ],
          [
            18.286304136,
            67.771388004
          ],
          [
            18.286418326,
            67.771468141
          ],
          [
            18.286612959,
            67.771521998
          ],
          [
            18.286664905,
            67.77159275
          ],
          [
            18.287016022,
            67.77175996
          ],
          [
            18.287016926,
            67.771820966
          ],
          [
            18.2867637,
            67.772057687
          ],
          [
            18.286673082,
            67.772273999
          ],
          [
            18.286548759,
            67.772401778
          ],
          [
            18.286439348,
            67.772593811
          ],
          [
            18.28641802,
            67.772775295
          ],
          [
            18.286438757,
            67.772817967
          ],
          [
            18.286531406,
            67.772927099
          ],
          [
            18.286844319,
            67.773201764
          ],
          [
            18.287464579,
            67.773468691
          ],
          [
            18.287575702,
            67.773599035
          ],
          [
            18.287772964,
            67.773700437
          ],
          [
            18.287993892,
            67.7738721
          ],
          [
            18.288147102,
            67.773940394
          ],
          [
            18.288311658,
            67.774039221
          ],
          [
            18.288789086,
            67.774182422
          ],
          [
            18.288823748,
            67.774203389
          ],
          [
            18.288867508,
            67.774310192
          ],
          [
            18.289200533,
            67.774544632
          ],
          [
            18.290070683,
            67.775102521
          ],
          [
            18.290382302,
            67.775211392
          ],
          [
            18.290595133,
            67.775306413
          ],
          [
            18.290745141,
            67.775420811
          ],
          [
            18.291592225,
            67.775684274
          ],
          [
            18.292050948,
            67.77587995
          ],
          [
            18.29257352,
            67.776142204
          ],
          [
            18.292688224,
            67.776229504
          ],
          [
            18.293092522,
            67.776370735
          ],
          [
            18.293412312,
            67.77655624
          ],
          [
            18.293675055,
            67.776662779
          ],
          [
            18.293911924,
            67.776831122
          ],
          [
            18.294057399,
            67.776902599
          ],
          [
            18.294676271,
            67.777106986
          ],
          [
            18.29529465,
            67.777338143
          ],
          [
            18.295757024,
            67.777571675
          ],
          [
            18.296546869,
            67.777847542
          ],
          [
            18.296717125,
            67.777979039
          ],
          [
            18.296858623,
            67.778036041
          ],
          [
            18.296988114,
            67.778176046
          ],
          [
            18.297029091,
            67.778463325
          ],
          [
            18.297111605,
            67.778651373
          ],
          [
            18.297253598,
            67.778810908
          ],
          [
            18.297423446,
            67.778938467
          ],
          [
            18.297622825,
            67.779049799
          ],
          [
            18.29785447,
            67.779464319
          ],
          [
            18.297948998,
            67.779569362
          ],
          [
            18.297972883,
            67.779793799
          ],
          [
            18.297940075,
            67.779877121
          ],
          [
            18.297591577,
            67.780126955
          ],
          [
            18.297295154,
            67.780474592
          ],
          [
            18.297162089,
            67.780594937
          ],
          [
            18.297084623,
            67.780744484
          ],
          [
            18.297035128,
            67.780971274
          ],
          [
            18.296948029,
            67.781152191
          ],
          [
            18.29694644,
            67.781214143
          ],
          [
            18.297056286,
            67.781323939
          ],
          [
            18.297087805,
            67.781543301
          ],
          [
            18.297044393,
            67.781596601
          ],
          [
            18.29705733,
            67.781871982
          ],
          [
            18.296979383,
            67.782062049
          ],
          [
            18.296962279,
            67.78224258
          ],
          [
            18.297061077,
            67.783073233
          ],
          [
            18.29698944,
            67.783575197
          ],
          [
            18.296957392,
            67.784155436
          ],
          [
            18.296878908,
            67.784397209
          ],
          [
            18.296719633,
            67.784565279
          ],
          [
            18.296620687,
            67.78471271
          ],
          [
            18.29652097,
            67.784950862
          ],
          [
            18.296829251,
            67.786281717
          ],
          [
            18.296845221,
            67.78712752
          ],
          [
            18.296776268,
            67.787453543
          ],
          [
            18.296785197,
            67.787537451
          ],
          [
            18.296738566,
            67.787655824
          ],
          [
            18.296573769,
            67.787916071
          ],
          [
            18.296535427,
            67.788045716
          ],
          [
            18.296538622,
            67.788196966
          ],
          [
            18.296478426,
            67.788297935
          ],
          [
            18.296400553,
            67.788535831
          ],
          [
            18.296439269,
            67.788657256
          ],
          [
            18.296780608,
            67.789137675
          ],
          [
            18.296989766,
            67.789527376
          ],
          [
            18.297075723,
            67.789789618
          ],
          [
            18.297197947,
            67.790371413
          ],
          [
            18.297340181,
            67.790700496
          ],
          [
            18.29732809,
            67.790754761
          ],
          [
            18.297475171,
            67.790877584
          ],
          [
            18.297716307,
            67.791296421
          ],
          [
            18.297746003,
            67.791407512
          ],
          [
            18.29768849,
            67.79179034
          ],
          [
            18.297221475,
            67.792507225
          ],
          [
            18.297095924,
            67.792924391
          ],
          [
            18.297253676,
            67.793412654
          ],
          [
            18.297281402,
            67.793757002
          ],
          [
            18.297141436,
            67.794120805
          ],
          [
            18.297114201,
            67.79445247
          ],
          [
            18.297199465,
            67.794917625
          ],
          [
            18.297173123,
            67.795005909
          ],
          [
            18.297033684,
            67.795122956
          ],
          [
            18.297062724,
            67.795311799
          ],
          [
            18.297121999,
            67.795364978
          ],
          [
            18.29727228,
            67.79543367
          ],
          [
            18.297594577,
            67.795523402
          ],
          [
            18.297672774,
            67.795586433
          ],
          [
            18.297916312,
            67.796279022
          ],
          [
            18.298181631,
            67.796504825
          ],
          [
            18.298185421,
            67.796792076
          ],
          [
            18.298294408,
            67.796976321
          ],
          [
            18.298232872,
            67.797237526
          ],
          [
            18.298122412,
            67.797458916
          ],
          [
            18.298016135,
            67.797551799
          ],
          [
            18.297858546,
            67.797750246
          ],
          [
            18.297707296,
            67.797840433
          ],
          [
            18.297634547,
            67.797912524
          ],
          [
            18.297589281,
            67.797990956
          ],
          [
            18.297607907,
            67.798081934
          ],
          [
            18.297540907,
            67.798208019
          ],
          [
            18.29752361,
            67.798462877
          ],
          [
            18.297464252,
            67.798614325
          ],
          [
            18.297406501,
            67.798716433
          ],
          [
            18.297220551,
            67.798903553
          ],
          [
            18.297030553,
            67.79918158
          ],
          [
            18.297052036,
            67.799705561
          ],
          [
            18.29700826,
            67.799810052
          ],
          [
            18.296797926,
            67.800026094
          ],
          [
            18.29681784,
            67.800277563
          ],
          [
            18.296859872,
            67.800414489
          ],
          [
            18.296877719,
            67.800839893
          ],
          [
            18.29684553,
            67.801053222
          ],
          [
            18.296877265,
            67.801351231
          ],
          [
            18.296927485,
            67.801436121
          ],
          [
            18.297041307,
            67.801538211
          ],
          [
            18.297231896,
            67.802038852
          ],
          [
            18.297421148,
            67.802204682
          ],
          [
            18.29744695,
            67.802253605
          ],
          [
            18.297472345,
            67.802492013
          ],
          [
            18.297510245,
            67.802590068
          ],
          [
            18.297515456,
            67.802961158
          ],
          [
            18.297416903,
            67.803131372
          ],
          [
            18.297487735,
            67.803280837
          ],
          [
            18.297424142,
            67.80365038
          ],
          [
            18.297452706,
            67.803725216
          ],
          [
            18.297385426,
            67.803931293
          ],
          [
            18.29741321,
            67.804063245
          ],
          [
            18.297397993,
            67.804242572
          ],
          [
            18.297366032,
            67.804393603
          ],
          [
            18.297220148,
            67.804699509
          ],
          [
            18.297278202,
            67.804986735
          ],
          [
            18.297198314,
            67.805203385
          ],
          [
            18.297185531,
            67.805341146
          ],
          [
            18.297228908,
            67.80542614
          ],
          [
            18.297289808,
            67.805482315
          ],
          [
            18.297309132,
            67.805663712
          ],
          [
            18.297283243,
            67.805871753
          ],
          [
            18.297163515,
            67.805972209
          ],
          [
            18.297151512,
            67.806052855
          ],
          [
            18.297169684,
            67.806158998
          ],
          [
            18.297268815,
            67.806380708
          ],
          [
            18.29727903,
            67.80647659
          ],
          [
            18.297188923,
            67.806597359
          ],
          [
            18.297188419,
            67.806657065
          ],
          [
            18.297244401,
            67.806731485
          ],
          [
            18.297431434,
            67.806811695
          ],
          [
            18.2974951,
            67.806893784
          ],
          [
            18.297943936,
            67.807304837
          ],
          [
            18.297977704,
            67.807364021
          ],
          [
            18.297982172,
            67.807470372
          ],
          [
            18.298136702,
            67.80769643
          ],
          [
            18.29814554,
            67.807779354
          ],
          [
            18.297954704,
            67.808114496
          ],
          [
            18.297828815,
            67.808414906
          ],
          [
            18.297711839,
            67.808541276
          ],
          [
            18.297627703,
            67.808589279
          ],
          [
            18.297619518,
            67.808641315
          ],
          [
            18.297675279,
            67.808778032
          ],
          [
            18.297659785,
            67.808954768
          ],
          [
            18.297523395,
            67.809156705
          ],
          [
            18.297517142,
            67.809226881
          ],
          [
            18.297611093,
            67.809464244
          ],
          [
            18.297586761,
            67.809558056
          ],
          [
            18.297671551,
            67.809645015
          ],
          [
            18.297780998,
            67.809705642
          ],
          [
            18.297817255,
            67.809788148
          ],
          [
            18.297960801,
            67.80997544
          ],
          [
            18.298130061,
            67.810081876
          ],
          [
            18.298500649,
            67.810273495
          ],
          [
            18.298608772,
            67.810386054
          ],
          [
            18.298629389,
            67.810450629
          ],
          [
            18.298606217,
            67.810619696
          ],
          [
            18.298649333,
            67.810702098
          ],
          [
            18.298825008,
            67.810933024
          ],
          [
            18.298961109,
            67.811050347
          ],
          [
            18.299071172,
            67.811181045
          ],
          [
            18.299231818,
            67.811464112
          ],
          [
            18.299392581,
            67.811555103
          ],
          [
            18.299431056,
            67.81165834
          ],
          [
            18.299549585,
            67.811739593
          ],
          [
            18.299606416,
            67.811821785
          ],
          [
            18.299670766,
            67.812038834
          ],
          [
            18.299813291,
            67.812280647
          ],
          [
            18.299841984,
            67.812485261
          ],
          [
            18.300023379,
            67.812640827
          ],
          [
            18.30012594,
            67.812958521
          ],
          [
            18.300586555,
            67.813478404
          ],
          [
            18.300684368,
            67.813687156
          ],
          [
            18.30078671,
            67.813745294
          ],
          [
            18.300826244,
            67.813794007
          ],
          [
            18.300914439,
            67.813976949
          ],
          [
            18.300998705,
            67.814058723
          ],
          [
            18.3010822,
            67.814197612
          ],
          [
            18.301128492,
            67.814438296
          ],
          [
            18.301221335,
            67.814600402
          ],
          [
            18.301290509,
            67.814669428
          ],
          [
            18.301426861,
            67.814724452
          ],
          [
            18.301726282,
            67.814956084
          ],
          [
            18.302117823,
            67.815149972
          ],
          [
            18.302269186,
            67.815409818
          ],
          [
            18.302337258,
            67.815468478
          ],
          [
            18.302461691,
            67.815669036
          ],
          [
            18.303037331,
            67.815914621
          ],
          [
            18.303111986,
            67.815970584
          ],
          [
            18.303114265,
            67.816056204
          ],
          [
            18.303154639,
            67.816112691
          ],
          [
            18.303717691,
            67.816368848
          ],
          [
            18.303745594,
            67.816565687
          ],
          [
            18.303868803,
            67.816626101
          ],
          [
            18.304011266,
            67.816738132
          ],
          [
            18.304238712,
            67.816809932
          ],
          [
            18.304379306,
            67.816968713
          ],
          [
            18.304517618,
            67.817041873
          ],
          [
            18.304631066,
            67.817203664
          ],
          [
            18.304753796,
            67.817323783
          ],
          [
            18.304961027,
            67.817463376
          ],
          [
            18.305190911,
            67.817750572
          ],
          [
            18.305578309,
            67.818097656
          ],
          [
            18.305642589,
            67.818184924
          ],
          [
            18.30575182,
            67.818242955
          ],
          [
            18.305970212,
            67.818294126
          ],
          [
            18.306171082,
            67.818374116
          ],
          [
            18.30637944,
            67.818524073
          ],
          [
            18.306399808,
            67.818586056
          ],
          [
            18.306757792,
            67.818850528
          ],
          [
            18.306938804,
            67.819065792
          ],
          [
            18.307202108,
            67.819279798
          ],
          [
            18.307382926,
            67.819557359
          ],
          [
            18.307489749,
            67.819656955
          ],
          [
            18.307973418,
            67.819940268
          ],
          [
            18.308423564,
            67.82016699
          ],
          [
            18.308630644,
            67.820368876
          ],
          [
            18.308652963,
            67.820448998
          ],
          [
            18.308698272,
            67.820487239
          ],
          [
            18.308921687,
            67.820585051
          ],
          [
            18.309173564,
            67.820627919
          ],
          [
            18.309244918,
            67.820652784
          ],
          [
            18.309320714,
            67.82071911
          ],
          [
            18.309591028,
            67.820805821
          ],
          [
            18.309757921,
            67.820888923
          ],
          [
            18.310002919,
            67.82112397
          ],
          [
            18.310230233,
            67.821258059
          ],
          [
            18.310591186,
            67.82142125
          ],
          [
            18.310730377,
            67.821502179
          ],
          [
            18.311152226,
            67.82165665
          ],
          [
            18.311311717,
            67.821734672
          ],
          [
            18.311557017,
            67.821972308
          ],
          [
            18.311646073,
            67.822098129
          ],
          [
            18.3118279,
            67.822256273
          ],
          [
            18.31187034,
            67.822395786
          ],
          [
            18.312078402,
            67.822478255
          ],
          [
            18.312427338,
            67.8226572
          ],
          [
            18.312624372,
            67.822892978
          ],
          [
            18.312746804,
            67.822945611
          ],
          [
            18.312978879,
            67.823123748
          ],
          [
            18.313108171,
            67.823176276
          ],
          [
            18.313140888,
            67.823225091
          ],
          [
            18.313280099,
            67.823306018
          ],
          [
            18.313305958,
            67.823354938
          ],
          [
            18.313388911,
            67.823423749
          ],
          [
            18.313588555,
            67.823555662
          ],
          [
            18.313921575,
            67.823714083
          ],
          [
            18.314344041,
            67.823873728
          ],
          [
            18.314413838,
            67.823947931
          ],
          [
            18.31450634,
            67.823977661
          ],
          [
            18.314569001,
            67.824049377
          ],
          [
            18.314784503,
            67.824136921
          ],
          [
            18.314966825,
            67.824235355
          ],
          [
            18.315058413,
            67.824384496
          ],
          [
            18.315367991,
            67.824637676
          ],
          [
            18.315431902,
            67.824813912
          ],
          [
            18.316631827,
            67.82662672
          ],
          [
            18.316854697,
            67.826734886
          ],
          [
            18.316876952,
            67.826778726
          ],
          [
            18.317112692,
            67.826850217
          ],
          [
            18.317116485,
            67.826885503
          ],
          [
            18.31722071,
            67.826930295
          ],
          [
            18.317245336,
            67.826996188
          ],
          [
            18.317424686,
            67.827141442
          ],
          [
            18.317468429,
            67.827330749
          ],
          [
            18.317927664,
            67.827685986
          ],
          [
            18.317992393,
            67.82785288
          ],
          [
            18.318038716,
            67.827902977
          ],
          [
            18.318176881,
            67.827991428
          ],
          [
            18.318277263,
            67.828109176
          ],
          [
            18.318490089,
            67.828293678
          ],
          [
            18.318522457,
            67.828377125
          ],
          [
            18.318518555,
            67.828558327
          ],
          [
            18.318615093,
            67.828749032
          ],
          [
            18.318685235,
            67.829074894
          ],
          [
            18.318840255,
            67.829319928
          ],
          [
            18.319137685,
            67.829529639
          ],
          [
            18.31918159,
            67.829665926
          ],
          [
            18.319134212,
            67.829823496
          ],
          [
            18.31915723,
            67.83003742
          ],
          [
            18.31909547,
            67.830115684
          ],
          [
            18.319081369,
            67.830202054
          ],
          [
            18.319108377,
            67.830290001
          ],
          [
            18.319242383,
            67.830393978
          ],
          [
            18.31933585,
            67.830556012
          ],
          [
            18.319188067,
            67.830867547
          ],
          [
            18.319100813,
            67.830926322
          ],
          [
            18.319093407,
            67.830966198
          ],
          [
            18.319253759,
            67.831314975
          ],
          [
            18.319261353,
            67.831385548
          ],
          [
            18.319216964,
            67.831516563
          ],
          [
            18.31911086,
            67.831617599
          ],
          [
            18.318934016,
            67.831876562
          ],
          [
            18.318877182,
            67.832109384
          ],
          [
            18.318797042,
            67.832234321
          ],
          [
            18.318646973,
            67.832307313
          ],
          [
            18.318550881,
            67.832392731
          ],
          [
            18.318408955,
            67.832867645
          ],
          [
            18.318593103,
            67.833057006
          ],
          [
            18.318620535,
            67.833257608
          ],
          [
            18.31864769,
            67.833292536
          ],
          [
            18.318673896,
            67.833318642
          ],
          [
            18.319022178,
            67.833456885
          ],
          [
            18.319276125,
            67.833751208
          ],
          [
            18.319326305,
            67.83400006
          ],
          [
            18.319280819,
            67.834175272
          ],
          [
            18.319334278,
            67.834291531
          ],
          [
            18.319421257,
            67.834338795
          ],
          [
            18.319444806,
            67.834448886
          ],
          [
            18.31940288,
            67.834657179
          ],
          [
            18.319507476,
            67.834759399
          ],
          [
            18.319558516,
            67.834961848
          ],
          [
            18.319623895,
            67.835080132
          ],
          [
            18.319610268,
            67.835170912
          ],
          [
            18.319553387,
            67.835240266
          ],
          [
            18.319542276,
            67.835300081
          ],
          [
            18.319573566,
            67.835427725
          ],
          [
            18.319688279,
            67.835569552
          ],
          [
            18.319554288,
            67.835629044
          ],
          [
            18.319516968,
            67.835662752
          ],
          [
            18.319430361,
            67.835836387
          ],
          [
            18.319433874,
            67.835977712
          ],
          [
            18.319402156,
            67.836009126
          ],
          [
            18.319396885,
            67.836068851
          ],
          [
            18.319403198,
            67.836344884
          ],
          [
            18.319481116,
            67.836416587
          ],
          [
            18.319506946,
            67.836493507
          ],
          [
            18.319497117,
            67.836619573
          ],
          [
            18.319554856,
            67.836775529
          ],
          [
            18.319800394,
            67.837045682
          ],
          [
            18.319850776,
            67.83713327
          ],
          [
            18.319846551,
            67.837257041
          ],
          [
            18.319749119,
            67.837400032
          ],
          [
            18.319735396,
            67.83748561
          ],
          [
            18.319767284,
            67.837538321
          ],
          [
            18.319750636,
            67.837596725
          ],
          [
            18.319804852,
            67.837657046
          ],
          [
            18.319852735,
            67.83779264
          ],
          [
            18.319887839,
            67.837988264
          ],
          [
            18.319828467,
            67.838349691
          ],
          [
            18.319695354,
            67.838547898
          ],
          [
            18.319646121,
            67.838829644
          ],
          [
            18.319697787,
            67.838874799
          ],
          [
            18.319676019,
            67.838933452
          ],
          [
            18.319541686,
            67.839076892
          ],
          [
            18.319483181,
            67.839185592
          ],
          [
            18.319584578,
            67.839344854
          ],
          [
            18.319443404,
            67.839424779
          ],
          [
            18.319441846,
            67.839497259
          ],
          [
            18.319313016,
            67.839691865
          ],
          [
            18.319372025,
            67.839876789
          ],
          [
            18.319462014,
            67.839983023
          ],
          [
            18.31954224,
            67.840040259
          ],
          [
            18.319644767,
            67.840510035
          ],
          [
            18.319602311,
            67.840638097
          ],
          [
            18.319610681,
            67.84071583
          ],
          [
            18.319673149,
            67.840904216
          ],
          [
            18.319729569,
            67.840949359
          ],
          [
            18.319794359,
            67.841072236
          ],
          [
            18.319875318,
            67.84112762
          ],
          [
            18.319966473,
            67.841234165
          ],
          [
            18.320040054,
            67.841351597
          ],
          [
            18.320033816,
            67.841424246
          ],
          [
            18.32014217,
            67.84151637
          ],
          [
            18.320189881,
            67.841611195
          ],
          [
            18.32021869,
            67.8419222
          ],
          [
            18.32015832,
            67.842188563
          ],
          [
            18.320190513,
            67.842400419
          ],
          [
            18.320135984,
            67.842625285
          ],
          [
            18.320242823,
            67.842746808
          ],
          [
            18.320231197,
            67.842778131
          ],
          [
            18.320307145,
            67.842961002
          ],
          [
            18.320300148,
            67.843070115
          ],
          [
            18.320364741,
            67.843182377
          ],
          [
            18.32026223,
            67.843309945
          ],
          [
            18.320059912,
            67.843485761
          ],
          [
            18.320004885,
            67.843706034
          ],
          [
            18.319834644,
            67.843901177
          ],
          [
            18.319636914,
            67.844050025
          ],
          [
            18.31961235,
            67.844135342
          ],
          [
            18.319440034,
            67.844346089
          ],
          [
            18.319280985,
            67.844610428
          ],
          [
            18.319197366,
            67.844669753
          ],
          [
            18.319108906,
            67.84478861
          ],
          [
            18.318971555,
            67.845045537
          ],
          [
            18.318962481,
            67.845170254
          ],
          [
            18.318999159,
            67.84533674
          ],
          [
            18.318869228,
            67.845732288
          ],
          [
            18.318908101,
            67.845779824
          ],
          [
            18.318930595,
            67.845884238
          ],
          [
            18.318981005,
            67.845934429
          ],
          [
            18.318989952,
            67.846087183
          ],
          [
            18.318914272,
            67.846150633
          ],
          [
            18.318878254,
            67.846373445
          ],
          [
            18.318734473,
            67.846466253
          ],
          [
            18.318646613,
            67.846590764
          ],
          [
            18.318519574,
            67.846664911
          ],
          [
            18.318493294,
            67.846991132
          ],
          [
            18.318316887,
            67.847186518
          ],
          [
            18.31817627,
            67.847387038
          ],
          [
            18.318026822,
            67.847481097
          ],
          [
            18.317929835,
            67.84768725
          ],
          [
            18.317846641,
            67.847744753
          ],
          [
            18.317692243,
            67.847915801
          ],
          [
            18.317577019,
            67.848155318
          ],
          [
            18.317581831,
            67.848276691
          ],
          [
            18.317538765,
            67.848336518
          ],
          [
            18.317391961,
            67.848429075
          ],
          [
            18.317174827,
            67.848634815
          ],
          [
            18.317011336,
            67.848802364
          ],
          [
            18.316975496,
            67.848887469
          ],
          [
            18.316809792,
            67.849076374
          ],
          [
            18.316568268,
            67.849285601
          ],
          [
            18.316474349,
            67.849486337
          ],
          [
            18.316326319,
            67.849644307
          ],
          [
            18.316210446,
            67.849717705
          ],
          [
            18.315947524,
            67.850097138
          ],
          [
            18.315980421,
            67.850354727
          ],
          [
            18.316198909,
            67.850628392
          ],
          [
            18.316504852,
            67.850893787
          ],
          [
            18.316595239,
            67.85088191
          ],
          [
            18.316459316,
            67.850972588
          ],
          [
            18.315932868,
            67.851134588
          ],
          [
            18.315677534,
            67.851228615
          ],
          [
            18.315677534,
            67.851228615
          ],
          [
            18.315707118,
            67.85130483
          ],
          [
            18.315905871,
            67.851562051
          ],
          [
            18.31592803,
            67.851668643
          ],
          [
            18.315771705,
            67.852054375
          ],
          [
            18.315785572,
            67.852183287
          ],
          [
            18.315705664,
            67.852285389
          ],
          [
            18.315562095,
            67.852640663
          ],
          [
            18.315481101,
            67.852732694
          ],
          [
            18.315176581,
            67.852983501
          ],
          [
            18.315186857,
            67.853277908
          ],
          [
            18.315248765,
            67.853406084
          ],
          [
            18.315243288,
            67.85345459
          ],
          [
            18.315174188,
            67.853508104
          ],
          [
            18.315094567,
            67.853662659
          ],
          [
            18.315054122,
            67.853883193
          ],
          [
            18.314960573,
            67.854007697
          ],
          [
            18.31486543,
            67.854067663
          ],
          [
            18.314839683,
            67.854126567
          ],
          [
            18.314853484,
            67.85435434
          ],
          [
            18.314692917,
            67.854502063
          ],
          [
            18.314566111,
            67.85466541
          ],
          [
            18.31462704,
            67.855132552
          ],
          [
            18.314755827,
            67.855285933
          ],
          [
            18.314777768,
            67.855390511
          ],
          [
            18.314730092,
            67.855494136
          ],
          [
            18.314364001,
            67.855868955
          ],
          [
            18.314304129,
            67.855958644
          ],
          [
            18.314302755,
            67.85618797
          ],
          [
            18.314231299,
            67.856447556
          ],
          [
            18.3140758,
            67.85665515
          ],
          [
            18.313923964,
            67.856799545
          ],
          [
            18.313739315,
            67.85693063
          ],
          [
            18.313658247,
            67.857052237
          ],
          [
            18.313144361,
            67.857429091
          ],
          [
            18.312987504,
            67.857575536
          ],
          [
            18.312815337,
            67.857968866
          ],
          [
            18.312769685,
            67.858176752
          ],
          [
            18.312546843,
            67.858341964
          ],
          [
            18.312493003,
            67.85852235
          ],
          [
            18.312355611,
            67.858704014
          ],
          [
            18.312338816,
            67.858791092
          ],
          [
            18.312130357,
            67.85923628
          ],
          [
            18.312089921,
            67.859298068
          ],
          [
            18.312017094,
            67.859350485
          ],
          [
            18.311882448,
            67.859411741
          ],
          [
            18.311810887,
            67.859621995
          ],
          [
            18.311719143,
            67.859741791
          ],
          [
            18.311447375,
            67.85988999
          ],
          [
            18.311096323,
            67.860566249
          ],
          [
            18.310802872,
            67.860756216
          ],
          [
            18.310629254,
            67.860893048
          ],
          [
            18.310366416,
            67.861173314
          ],
          [
            18.310238459,
            67.861248278
          ],
          [
            18.310191312,
            67.861296355
          ],
          [
            18.310147826,
            67.861427252
          ],
          [
            18.310051413,
            67.861503707
          ],
          [
            18.309886115,
            67.861620678
          ],
          [
            18.309417674,
            67.861886325
          ],
          [
            18.309161893,
            67.861988892
          ],
          [
            18.308854199,
            67.862338902
          ],
          [
            18.308619725,
            67.86244509
          ],
          [
            18.308442761,
            67.862599729
          ],
          [
            18.308385857,
            67.862703204
          ],
          [
            18.308031797,
            67.862913823
          ],
          [
            18.308003842,
            67.862945821
          ],
          [
            18.308061205,
            67.863041633
          ],
          [
            18.308037478,
            67.863113031
          ],
          [
            18.308049315,
            67.86322335
          ],
          [
            18.307867663,
            67.863480666
          ],
          [
            18.307891937,
            67.863511867
          ],
          [
            18.308066894,
            67.863582205
          ],
          [
            18.308162873,
            67.863647829
          ],
          [
            18.308322797,
            67.863724316
          ],
          [
            18.308308097,
            67.863831094
          ],
          [
            18.308481381,
            67.864227037
          ],
          [
            18.308522359,
            67.864413866
          ],
          [
            18.308500213,
            67.86474373
          ],
          [
            18.30857579,
            67.864862942
          ],
          [
            18.308651093,
            67.864930854
          ],
          [
            18.308679239,
            67.865046844
          ],
          [
            18.308636795,
            67.86518759
          ],
          [
            18.30856189,
            67.865269635
          ],
          [
            18.308506461,
            67.865386901
          ],
          [
            18.308326064,
            67.865878435
          ],
          [
            18.308302713,
            67.866093114
          ],
          [
            18.308403685,
            67.866277466
          ],
          [
            18.30844843,
            67.866316148
          ],
          [
            18.308648155,
            67.866394017
          ],
          [
            18.30873631,
            67.866512955
          ],
          [
            18.308890313,
            67.866615699
          ],
          [
            18.309081154,
            67.866783126
          ],
          [
            18.3094023,
            67.866969592
          ],
          [
            18.309614064,
            67.86712408
          ],
          [
            18.309695215,
            67.867360476
          ],
          [
            18.309716635,
            67.867559931
          ],
          [
            18.310016795,
            67.867862379
          ],
          [
            18.310409129,
            67.868140287
          ],
          [
            18.310706988,
            67.868213546
          ],
          [
            18.31076048,
            67.868244273
          ],
          [
            18.311201439,
            67.86840367
          ],
          [
            18.311344239,
            67.868435135
          ],
          [
            18.311717569,
            67.868484106
          ],
          [
            18.31196307,
            67.868537134
          ],
          [
            18.312446553,
            67.868676951
          ],
          [
            18.313086312,
            67.868766008
          ],
          [
            18.313543244,
            67.868866271
          ],
          [
            18.313657161,
            67.868940235
          ],
          [
            18.31372089,
            67.868962393
          ],
          [
            18.314074447,
            67.869034795
          ],
          [
            18.314654412,
            67.869189953
          ],
          [
            18.314772321,
            67.869249135
          ],
          [
            18.315419562,
            67.869407467
          ],
          [
            18.315858909,
            67.869499581
          ],
          [
            18.316096686,
            67.869584266
          ],
          [
            18.316404812,
            67.869648946
          ],
          [
            18.316606245,
            67.869706847
          ],
          [
            18.317870703,
            67.870151544
          ],
          [
            18.318169379,
            67.870244242
          ],
          [
            18.318640205,
            67.870452419
          ],
          [
            18.31878673,
            67.870501126
          ],
          [
            18.319515425,
            67.870879052
          ],
          [
            18.319617781,
            67.870916855
          ],
          [
            18.319616488,
            67.871018781
          ],
          [
            18.319670284,
            67.871061961
          ],
          [
            18.319839848,
            67.871096418
          ],
          [
            18.320504949,
            67.871283083
          ],
          [
            18.320900481,
            67.871476196
          ],
          [
            18.321867654,
            67.871899054
          ],
          [
            18.321809316,
            67.87211561
          ],
          [
            18.321766969,
            67.872155871
          ],
          [
            18.321555028,
            67.872247147
          ],
          [
            18.32148246,
            67.872331884
          ],
          [
            18.321489573,
            67.872397793
          ],
          [
            18.321231686,
            67.872604206
          ],
          [
            18.321180528,
            67.87267101
          ],
          [
            18.321164806,
            67.87274167
          ],
          [
            18.321055575,
            67.872919395
          ],
          [
            18.32096159,
            67.873022065
          ],
          [
            18.320859193,
            67.873371333
          ],
          [
            18.320826525,
            67.874343227
          ],
          [
            18.320874821,
            67.875153038
          ],
          [
            18.320633924,
            67.875394953
          ],
          [
            18.320720255,
            67.875437642
          ],
          [
            18.320949499,
            67.875614576
          ],
          [
            18.320961828,
            67.875728819
          ],
          [
            18.320852857,
            67.87580091
          ],
          [
            18.320856849,
            67.87594609
          ],
          [
            18.320590976,
            67.876403494
          ],
          [
            18.320505628,
            67.876910944
          ],
          [
            18.320556442,
            67.877165436
          ],
          [
            18.320661549,
            67.877273855
          ],
          [
            18.320785701,
            67.877342371
          ],
          [
            18.320826836,
            67.877398956
          ],
          [
            18.320897174,
            67.877617939
          ],
          [
            18.320918515,
            67.877815667
          ],
          [
            18.320775038,
            67.877892688
          ],
          [
            18.320388661,
            67.877991038
          ],
          [
            18.320221393,
            67.878064022
          ],
          [
            18.320056495,
            67.878158976
          ],
          [
            18.3200184,
            67.878238782
          ],
          [
            18.320370992,
            67.878801135
          ],
          [
            18.320398494,
            67.879055985
          ],
          [
            18.320490054,
            67.879147007
          ],
          [
            18.320563042,
            67.879282326
          ],
          [
            18.320690525,
            67.8793816
          ],
          [
            18.320727593,
            67.879508667
          ],
          [
            18.32092807,
            67.879743259
          ],
          [
            18.320926372,
            67.879835711
          ],
          [
            18.320865636,
            67.880030296
          ],
          [
            18.320906776,
            67.880086882
          ],
          [
            18.320932188,
            67.880214127
          ],
          [
            18.321415383,
            67.88071167
          ],
          [
            18.321639309,
            67.881078691
          ],
          [
            18.321797453,
            67.881689831
          ],
          [
            18.32186343,
            67.882869644
          ],
          [
            18.321959717,
            67.883192315
          ],
          [
            18.322249284,
            67.883543263
          ],
          [
            18.322460789,
            67.883663253
          ],
          [
            18.322719144,
            67.883892554
          ],
          [
            18.322819487,
            67.884172693
          ],
          [
            18.322799699,
            67.884313836
          ],
          [
            18.322845808,
            67.884524388
          ],
          [
            18.322901469,
            67.884607157
          ],
          [
            18.323003772,
            67.884689211
          ],
          [
            18.323028252,
            67.884807669
          ],
          [
            18.323030626,
            67.884829639
          ],
          [
            18.322910908,
            67.884910698
          ],
          [
            18.322910168,
            67.885011937
          ],
          [
            18.323015817,
            67.885210478
          ],
          [
            18.323104905,
            67.885567526
          ],
          [
            18.323086842,
            67.885789831
          ],
          [
            18.322899146,
            67.886078175
          ],
          [
            18.322840622,
            67.886237664
          ],
          [
            18.32276377,
            67.886305451
          ],
          [
            18.322693761,
            67.886436569
          ],
          [
            18.322652235,
            67.886519674
          ],
          [
            18.322647745,
            67.886633928
          ],
          [
            18.322540697,
            67.886733897
          ],
          [
            18.322577905,
            67.88700258
          ],
          [
            18.32268417,
            67.887137343
          ],
          [
            18.322714038,
            67.887235089
          ],
          [
            18.322714077,
            67.887458773
          ],
          [
            18.322792085,
            67.887734
          ],
          [
            18.322754054,
            67.888007371
          ],
          [
            18.322698364,
            67.88811734
          ],
          [
            18.32258583,
            67.888237274
          ],
          [
            18.322590624,
            67.888326311
          ],
          [
            18.322536331,
            67.888359878
          ],
          [
            18.322448281,
            67.888483073
          ],
          [
            18.322409203,
            67.888612792
          ],
          [
            18.322508215,
            67.888680379
          ],
          [
            18.322504463,
            67.888734994
          ],
          [
            18.322482809,
            67.888802613
          ],
          [
            18.322358561,
            67.888948187
          ],
          [
            18.322409079,
            67.889058345
          ],
          [
            18.322497168,
            67.889158834
          ],
          [
            18.322687719,
            67.889314128
          ],
          [
            18.322712551,
            67.889499242
          ],
          [
            18.322584156,
            67.889695799
          ],
          [
            18.322574996,
            67.889745042
          ],
          [
            18.322644966,
            67.88994583
          ],
          [
            18.322608337,
            67.890077871
          ],
          [
            18.32254109,
            67.890184402
          ],
          [
            18.322550339,
            67.890269979
          ],
          [
            18.322486137,
            67.890323714
          ],
          [
            18.322498031,
            67.89051475
          ],
          [
            18.322456082,
            67.890693424
          ],
          [
            18.322518973,
            67.890870491
          ],
          [
            18.32307326,
            67.891788409
          ],
          [
            18.323273622,
            67.89202271
          ],
          [
            18.323609318,
            67.892294496
          ],
          [
            18.323645495,
            67.892386254
          ],
          [
            18.323652577,
            67.892613629
          ],
          [
            18.324068442,
            67.893302888
          ],
          [
            18.324167211,
            67.893406872
          ],
          [
            18.324507758,
            67.893642317
          ],
          [
            18.325076019,
            67.893959984
          ],
          [
            18.325331175,
            67.894134098
          ],
          [
            18.325714367,
            67.894358996
          ],
          [
            18.326253954,
            67.894654022
          ],
          [
            18.326367363,
            67.894731405
          ],
          [
            18.326404624,
            67.894833036
          ],
          [
            18.326475412,
            67.894920964
          ],
          [
            18.326753056,
            67.895140887
          ],
          [
            18.329593638,
            67.896296607
          ],
          [
            18.329479761,
            67.896809627
          ],
          [
            18.329318183,
            67.897295554
          ],
          [
            18.328441687,
            67.897499988
          ],
          [
            18.327905247,
            67.8976719
          ],
          [
            18.327635945,
            67.897741052
          ],
          [
            18.32683898,
            67.897828011
          ],
          [
            18.32642447,
            67.897979286
          ],
          [
            18.326113389,
            67.898141376
          ],
          [
            18.325099288,
            67.898432128
          ],
          [
            18.324900995,
            67.89857413
          ],
          [
            18.324534494,
            67.89867842
          ],
          [
            18.324033158,
            67.898911804
          ],
          [
            18.323946544,
            67.899022238
          ],
          [
            18.323927564,
            67.899166101
          ],
          [
            18.323804747,
            67.899263152
          ],
          [
            18.323226492,
            67.899520614
          ],
          [
            18.323058167,
            67.899622978
          ],
          [
            18.322893742,
            67.899764336
          ],
          [
            18.322826786,
            67.899887904
          ],
          [
            18.322496688,
            67.900071628
          ],
          [
            18.322037067,
            67.900164651
          ],
          [
            18.321483534,
            67.900418328
          ],
          [
            18.321008004,
            67.900547313
          ],
          [
            18.319570302,
            67.901104758
          ],
          [
            18.318265528,
            67.901731532
          ],
          [
            18.317335819,
            67.902146023
          ],
          [
            18.316832564,
            67.902396232
          ],
          [
            18.316551922,
            67.902583315
          ],
          [
            18.316280435,
            67.902788138
          ],
          [
            18.316082511,
            67.902983867
          ],
          [
            18.316004681,
            67.903213142
          ],
          [
            18.315576781,
            67.903871402
          ],
          [
            18.31552723,
            67.904007996
          ],
          [
            18.315201508,
            67.90456705
          ],
          [
            18.314895919,
            67.904920238
          ],
          [
            18.314271621,
            67.905485718
          ],
          [
            18.314122838,
            67.905693311
          ],
          [
            18.31340203,
            67.906510834
          ],
          [
            18.313105271,
            67.906658822
          ],
          [
            18.312924177,
            67.906726301
          ],
          [
            18.312628311,
            67.906789515
          ],
          [
            18.312220667,
            67.90711682
          ],
          [
            18.311754255,
            67.907389337
          ],
          [
            18.310928949,
            67.907773633
          ],
          [
            18.310477306,
            67.908108691
          ],
          [
            18.310281242,
            67.908315788
          ],
          [
            18.310146117,
            67.908423294
          ],
          [
            18.309999598,
            67.908597565
          ],
          [
            18.30987069,
            67.908953221
          ],
          [
            18.309632428,
            67.90913411
          ],
          [
            18.309492269,
            67.909440108
          ],
          [
            18.309424184,
            67.909883925
          ],
          [
            18.309113984,
            67.910479694
          ],
          [
            18.308727814,
            67.911058089
          ],
          [
            18.308542492,
            67.911228121
          ],
          [
            18.308302163,
            67.911297974
          ],
          [
            18.308106186,
            67.911432397
          ],
          [
            18.307452264,
            67.911791656
          ],
          [
            18.306998909,
            67.912252764
          ],
          [
            18.306723583,
            67.912393706
          ],
          [
            18.306477591,
            67.912554217
          ],
          [
            18.306253582,
            67.912729398
          ],
          [
            18.30591754,
            67.913067598
          ],
          [
            18.305687191,
            67.913245412
          ],
          [
            18.305342577,
            67.913454469
          ],
          [
            18.305071016,
            67.913661498
          ],
          [
            18.304917417,
            67.913840674
          ],
          [
            18.304441697,
            67.914184009
          ],
          [
            18.304257993,
            67.914360943
          ],
          [
            18.304047322,
            67.914435302
          ],
          [
            18.303715937,
            67.914657748
          ],
          [
            18.303528578,
            67.914756807
          ],
          [
            18.303084249,
            67.914933598
          ],
          [
            18.302921198,
            67.915064891
          ],
          [
            18.302670742,
            67.915343655
          ],
          [
            18.302495688,
            67.91548522
          ],
          [
            18.302213951,
            67.915679076
          ],
          [
            18.301924919,
            67.915817752
          ],
          [
            18.301748821,
            67.916002092
          ],
          [
            18.301489389,
            67.916213126
          ],
          [
            18.301252686,
            67.916343286
          ],
          [
            18.300433533,
            67.916718174
          ],
          [
            18.300246124,
            67.916867519
          ],
          [
            18.300017751,
            67.916959802
          ],
          [
            18.299602869,
            67.917309522
          ],
          [
            18.29939581,
            67.917411459
          ],
          [
            18.299004426,
            67.917534442
          ],
          [
            18.298737315,
            67.917687794
          ],
          [
            18.2980738,
            67.91797679
          ],
          [
            18.297490266,
            67.918264283
          ],
          [
            18.296692882,
            67.9185632
          ],
          [
            18.29644021,
            67.918705634
          ],
          [
            18.296226148,
            67.918863717
          ],
          [
            18.295594234,
            67.91913954
          ],
          [
            18.295380673,
            67.919394964
          ],
          [
            18.29507015,
            67.91962455
          ],
          [
            18.29482629,
            67.919777245
          ],
          [
            18.294474799,
            67.919793287
          ],
          [
            18.29409359,
            67.919882219
          ],
          [
            18.293837607,
            67.919905437
          ],
          [
            18.293468049,
            67.91996696
          ],
          [
            18.293196727,
            67.91998364
          ],
          [
            18.292867066,
            67.920066537
          ],
          [
            18.292826666,
            67.920066202
          ],
          [
            18.292534389,
            67.920153122
          ],
          [
            18.292207159,
            67.920226548
          ],
          [
            18.291836763,
            67.920327382
          ],
          [
            18.291621851,
            67.92039603
          ],
          [
            18.291601483,
            67.920424277
          ],
          [
            18.290970912,
            67.920750082
          ],
          [
            18.29038661,
            67.921022829
          ],
          [
            18.290314022,
            67.92103339
          ],
          [
            18.289949661,
            67.921137242
          ],
          [
            18.289892497,
            67.921220055
          ],
          [
            18.28985176,
            67.921240842
          ],
          [
            18.289791998,
            67.921240088
          ],
          [
            18.289253879,
            67.921410659
          ],
          [
            18.289140137,
            67.921493556
          ],
          [
            18.289134186,
            67.921522222
          ],
          [
            18.288986497,
            67.921591792
          ],
          [
            18.288987335,
            67.92161392
          ],
          [
            18.288712576,
            67.921728753
          ],
          [
            18.288430525,
            67.921801759
          ],
          [
            18.288149983,
            67.92184501
          ],
          [
            18.288147468,
            67.921855571
          ],
          [
            18.287931634,
            67.921899324
          ],
          [
            18.287480101,
            67.921955567
          ],
          [
            18.287229147,
            67.922124127
          ],
          [
            18.28711113,
            67.922324538
          ],
          [
            18.287144825,
            67.92237944
          ],
          [
            18.28725907,
            67.922464851
          ],
          [
            18.287271475,
            67.922565015
          ],
          [
            18.287729882,
            67.9229277
          ],
          [
            18.287887545,
            67.923238585
          ],
          [
            18.287889641,
            67.92337697
          ],
          [
            18.287813365,
            67.923436146
          ],
          [
            18.287905566,
            67.923585009
          ],
          [
            18.288034145,
            67.923683252
          ],
          [
            18.287855675,
            67.923760071
          ],
          [
            18.287650898,
            67.923959191
          ],
          [
            18.28741512,
            67.924316459
          ],
          [
            18.287490852,
            67.924477499
          ],
          [
            18.287436426,
            67.924611116
          ],
          [
            18.287160144,
            67.924774131
          ],
          [
            18.287050256,
            67.924891347
          ],
          [
            18.286888409,
            67.92525465
          ],
          [
            18.286800851,
            67.925341408
          ],
          [
            18.286501163,
            67.925527393
          ],
          [
            18.286077962,
            67.925828361
          ],
          [
            18.285947504,
            67.926226047
          ],
          [
            18.286001956,
            67.926425023
          ],
          [
            18.286245525,
            67.926787799
          ],
          [
            18.286252549,
            67.92717026
          ],
          [
            18.286006912,
            67.927267653
          ],
          [
            18.286129752,
            67.92743277
          ],
          [
            18.286159428,
            67.927739759
          ],
          [
            18.287015144,
            67.928580546
          ],
          [
            18.287077613,
            67.928694338
          ],
          [
            18.286785886,
            67.929252906
          ],
          [
            18.286641148,
            67.929328155
          ],
          [
            18.28658096,
            67.929396863
          ],
          [
            18.286225215,
            67.929586456
          ],
          [
            18.286091398,
            67.929722901
          ],
          [
            18.286010811,
            67.929930802
          ],
          [
            18.285989532,
            67.930158781
          ],
          [
            18.285886603,
            67.930397132
          ],
          [
            18.285814201,
            67.930497342
          ],
          [
            18.285461929,
            67.930830661
          ],
          [
            18.28514891,
            67.931064423
          ],
          [
            18.284757933,
            67.931297417
          ],
          [
            18.284024461,
            67.931854488
          ],
          [
            18.283595912,
            67.932070522
          ],
          [
            18.283197371,
            67.932215947
          ],
          [
            18.282913998,
            67.932376597
          ],
          [
            18.282545821,
            67.932691467
          ],
          [
            18.282518604,
            67.93282954
          ],
          [
            18.282505753,
            67.933050839
          ],
          [
            18.28257623,
            67.933269503
          ],
          [
            18.282506088,
            67.933528459
          ],
          [
            18.282486176,
            67.933718901
          ],
          [
            18.282497693,
            67.934038762
          ],
          [
            18.282541,
            67.934307969
          ],
          [
            18.282337112,
            67.934434755
          ],
          [
            18.282349827,
            67.934524714
          ],
          [
            18.282534173,
            67.934638452
          ],
          [
            18.282529067,
            67.934738331
          ],
          [
            18.282379668,
            67.935096376
          ],
          [
            18.282182809,
            67.935400349
          ],
          [
            18.28211472,
            67.935626757
          ],
          [
            18.282273801,
            67.936403956
          ],
          [
            18.282401115,
            67.936534665
          ],
          [
            18.282526642,
            67.936811533
          ],
          [
            18.282397395,
            67.937218277
          ],
          [
            18.282276897,
            67.937306121
          ],
          [
            18.282292035,
            67.937364889
          ],
          [
            18.282602911,
            67.937800392
          ],
          [
            18.283163964,
            67.938056953
          ],
          [
            18.283320446,
            67.938204311
          ],
          [
            18.28328508,
            67.938385938
          ],
          [
            18.28270494,
            67.939127812
          ],
          [
            18.282729747,
            67.939236189
          ],
          [
            18.282864279,
            67.939488083
          ],
          [
            18.282898255,
            67.939690352
          ],
          [
            18.282867187,
            67.939975889
          ],
          [
            18.282583123,
            67.940520041
          ],
          [
            18.282572495,
            67.940770418
          ],
          [
            18.282418626,
            67.941187658
          ],
          [
            18.282461586,
            67.941364944
          ],
          [
            18.282795957,
            67.941732377
          ],
          [
            18.283158917,
            67.942089055
          ],
          [
            18.283384436,
            67.942411841
          ],
          [
            18.283432202,
            67.94251967
          ],
          [
            18.283512948,
            67.942608152
          ],
          [
            18.283536667,
            67.942690546
          ],
          [
            18.283490665,
            67.942769654
          ],
          [
            18.283327634,
            67.942877538
          ],
          [
            18.283263567,
            67.942947165
          ],
          [
            18.283251381,
            67.94301184
          ],
          [
            18.282990829,
            67.943284255
          ],
          [
            18.282889536,
            67.943642038
          ],
          [
            18.28299484,
            67.944053121
          ],
          [
            18.283073984,
            67.94415154
          ],
          [
            18.283293298,
            67.944554965
          ],
          [
            18.283387336,
            67.944624549
          ],
          [
            18.283361224,
            67.944702756
          ],
          [
            18.283627604,
            67.94491561
          ],
          [
            18.283694007,
            67.945016807
          ],
          [
            18.283739097,
            67.945226244
          ],
          [
            18.283687024,
            67.94534759
          ],
          [
            18.283552433,
            67.945428792
          ],
          [
            18.283383581,
            67.945619785
          ],
          [
            18.283247298,
            67.945671314
          ],
          [
            18.283158187,
            67.945729148
          ],
          [
            18.283131617,
            67.945786738
          ],
          [
            18.283159016,
            67.945851717
          ],
          [
            18.283151773,
            67.94592618
          ],
          [
            18.282834627,
            67.946116975
          ],
          [
            18.282662807,
            67.946251075
          ],
          [
            18.282560465,
            67.946367426
          ],
          [
            18.282393079,
            67.946469217
          ],
          [
            18.28226469,
            67.946587426
          ],
          [
            18.282218897,
            67.94666776
          ],
          [
            18.282216542,
            67.946732202
          ],
          [
            18.282302723,
            67.946872562
          ],
          [
            18.2822673,
            67.946916741
          ],
          [
            18.282206865,
            67.946949127
          ],
          [
            18.281840942,
            67.947045733
          ],
          [
            18.281333383,
            67.94708378
          ],
          [
            18.281315177,
            67.94711269
          ],
          [
            18.281348865,
            67.947254287
          ],
          [
            18.281268653,
            67.947365157
          ],
          [
            18.281176864,
            67.947426779
          ],
          [
            18.280882603,
            67.94749406
          ],
          [
            18.280588392,
            67.947541592
          ],
          [
            18.280327724,
            67.947573547
          ],
          [
            18.28019057,
            67.947577956
          ],
          [
            18.279672974,
            67.947704695
          ],
          [
            18.279372237,
            67.947832564
          ],
          [
            18.279104115,
            67.947999168
          ],
          [
            18.278603455,
            67.94822914
          ],
          [
            18.278355991,
            67.94838169
          ],
          [
            18.278237472,
            67.948459692
          ],
          [
            18.278228584,
            67.948505542
          ],
          [
            18.27792912,
            67.948781435
          ],
          [
            18.277609169,
            67.949172535
          ],
          [
            18.277405776,
            67.949353668
          ],
          [
            18.277315811,
            67.949545747
          ],
          [
            18.277339704,
            67.949651296
          ],
          [
            18.277305922,
            67.949845766
          ],
          [
            18.277205558,
            67.949934451
          ],
          [
            18.277005421,
            67.950035318
          ],
          [
            18.276884613,
            67.950119543
          ],
          [
            18.276630148,
            67.950469644
          ],
          [
            18.276607057,
            67.950549136
          ],
          [
            18.276627363,
            67.95079295
          ],
          [
            18.276479602,
            67.950953054
          ],
          [
            18.276439297,
            67.951047742
          ],
          [
            18.276417115,
            67.9512728
          ],
          [
            18.276196488,
            67.951649254
          ],
          [
            18.276136037,
            67.95180117
          ],
          [
            18.276051883,
            67.952389137
          ],
          [
            18.276072414,
            67.953135059
          ],
          [
            18.276111049,
            67.95341052
          ],
          [
            18.276084707,
            67.953570277
          ],
          [
            18.275992495,
            67.953748831
          ],
          [
            18.275802402,
            67.953991342
          ],
          [
            18.275511719,
            67.954321311
          ],
          [
            18.275203762,
            67.954606023
          ],
          [
            18.274320231,
            67.9556665
          ],
          [
            18.274097961,
            67.956013377
          ],
          [
            18.273961676,
            67.956484115
          ],
          [
            18.273862883,
            67.956662817
          ],
          [
            18.273845423,
            67.956776724
          ],
          [
            18.273998781,
            67.957031025
          ],
          [
            18.273887278,
            67.957312422
          ],
          [
            18.273920099,
            67.957612694
          ],
          [
            18.274856399,
            67.958996229
          ],
          [
            18.274864572,
            67.959086108
          ],
          [
            18.27493668,
            67.959205343
          ],
          [
            18.274888422,
            67.959291587
          ],
          [
            18.274786149,
            67.959388946
          ],
          [
            18.274685338,
            67.959475168
          ],
          [
            18.274585212,
            67.9595256
          ],
          [
            18.274085437,
            67.959943063
          ],
          [
            18.273559855,
            67.960167826
          ],
          [
            18.272013643,
            67.961162835
          ],
          [
            18.271222634,
            67.961596644
          ],
          [
            18.270475425,
            67.962118299
          ],
          [
            18.26979685,
            67.962482398
          ],
          [
            18.26908143,
            67.963100728
          ],
          [
            18.268928961,
            67.96342594
          ],
          [
            18.26873162,
            67.963603004
          ],
          [
            18.268401712,
            67.963951067
          ],
          [
            18.268258718,
            67.9642995
          ],
          [
            18.268195532,
            67.964396634
          ],
          [
            18.268126808,
            67.964449553
          ],
          [
            18.267872,
            67.964899669
          ],
          [
            18.267791389,
            67.965144832
          ],
          [
            18.267653485,
            67.965377466
          ],
          [
            18.267432149,
            67.965676817
          ],
          [
            18.267395596,
            67.965777175
          ],
          [
            18.267386568,
            67.965939818
          ],
          [
            18.267508197,
            67.966411573
          ],
          [
            18.267430657,
            67.966550811
          ],
          [
            18.267713752,
            67.967263431
          ],
          [
            18.267867588,
            67.967495808
          ],
          [
            18.268022329,
            67.96807407
          ],
          [
            18.267971853,
            67.968220215
          ],
          [
            18.267780107,
            67.968520271
          ],
          [
            18.267738864,
            67.96913032
          ],
          [
            18.26766233,
            67.969329856
          ],
          [
            18.267322726,
            67.969627614
          ],
          [
            18.266879983,
            67.970069993
          ],
          [
            18.265792127,
            67.97091032
          ],
          [
            18.265472809,
            67.971135087
          ],
          [
            18.264974951,
            67.97142657
          ],
          [
            18.264837406,
            67.971564223
          ],
          [
            18.264377753,
            67.971912767
          ],
          [
            18.264157506,
            67.971989067
          ],
          [
            18.264021609,
            67.972113163
          ],
          [
            18.26392062,
            67.972145618
          ],
          [
            18.263669795,
            67.972185527
          ],
          [
            18.26358709,
            67.972233675
          ],
          [
            18.263506259,
            67.97225657
          ],
          [
            18.263277667,
            67.972277036
          ],
          [
            18.263167517,
            67.972397001
          ],
          [
            18.262822708,
            67.972555368
          ],
          [
            18.262790059,
            67.972611286
          ],
          [
            18.262580991,
            67.972753831
          ],
          [
            18.262523486,
            67.972848308
          ],
          [
            18.26230223,
            67.973080865
          ],
          [
            18.262173533,
            67.973155624
          ],
          [
            18.262015411,
            67.973230878
          ],
          [
            18.261560202,
            67.973343119
          ],
          [
            18.261081635,
            67.973561569
          ],
          [
            18.260739494,
            67.973605475
          ],
          [
            18.259727162,
            67.973772623
          ],
          [
            18.259388046,
            67.973869375
          ],
          [
            18.2590843,
            67.973987678
          ],
          [
            18.258696536,
            67.974116004
          ],
          [
            18.25832428,
            67.974292047
          ],
          [
            18.257758171,
            67.974463972
          ],
          [
            18.257325148,
            67.974707478
          ],
          [
            18.257141311,
            67.97475978
          ],
          [
            18.256896836,
            67.97479834
          ],
          [
            18.25676385,
            67.974837485
          ],
          [
            18.256545013,
            67.974926057
          ],
          [
            18.256334918,
            67.975032937
          ],
          [
            18.256037235,
            67.97514744
          ],
          [
            18.255457715,
            67.975564411
          ],
          [
            18.255183081,
            67.97567975
          ],
          [
            18.255056329,
            67.975798762
          ],
          [
            18.254875024,
            67.976092154
          ],
          [
            18.254760124,
            67.97650254
          ],
          [
            18.254690983,
            67.97666487
          ],
          [
            18.254534267,
            67.97691725
          ],
          [
            18.253989414,
            67.977625209
          ],
          [
            18.253875948,
            67.977718149
          ],
          [
            18.253348119,
            67.978514399
          ],
          [
            18.25335968,
            67.978611394
          ],
          [
            18.253066505,
            67.979149036
          ],
          [
            18.253057123,
            67.979317735
          ],
          [
            18.252839749,
            67.97955637
          ],
          [
            18.252843648,
            67.979699017
          ],
          [
            18.252806575,
            67.979800529
          ],
          [
            18.252555585,
            67.979949913
          ],
          [
            18.252316756,
            67.980503864
          ],
          [
            18.252226484,
            67.980598876
          ],
          [
            18.252169083,
            67.980749937
          ],
          [
            18.252099975,
            67.980802766
          ],
          [
            18.252005381,
            67.980971677
          ],
          [
            18.2518595,
            67.981122987
          ],
          [
            18.251838701,
            67.981195918
          ],
          [
            18.251873122,
            67.981319599
          ],
          [
            18.251902132,
            67.981700503
          ],
          [
            18.251866446,
            67.982088639
          ],
          [
            18.251917625,
            67.982160364
          ],
          [
            18.251955468,
            67.982285215
          ],
          [
            18.252002929,
            67.982738392
          ],
          [
            18.252032569,
            67.982876911
          ],
          [
            18.252077982,
            67.982927827
          ],
          [
            18.252299433,
            67.983080353
          ],
          [
            18.252823629,
            67.983269619
          ],
          [
            18.253096556,
            67.983413897
          ],
          [
            18.25330566,
            67.983490356
          ],
          [
            18.253977262,
            67.983678374
          ],
          [
            18.254117955,
            67.983758438
          ],
          [
            18.254348029,
            67.983845616
          ],
          [
            18.254709284,
            67.98401547
          ],
          [
            18.254839449,
            67.98417199
          ],
          [
            18.255145579,
            67.984401832
          ],
          [
            18.255163841,
            67.984499943
          ],
          [
            18.255057485,
            67.984680125
          ],
          [
            18.255017191,
            67.984837044
          ],
          [
            18.254728169,
            67.985190072
          ],
          [
            18.254713919,
            67.985262901
          ],
          [
            18.25470963,
            67.985336791
          ],
          [
            18.254743133,
            67.985397738
          ],
          [
            18.254844561,
            67.985478462
          ],
          [
            18.254899327,
            67.985552593
          ],
          [
            18.254968291,
            67.985745812
          ],
          [
            18.254956717,
            67.985896101
          ],
          [
            18.254753262,
            67.986053527
          ],
          [
            18.254593825,
            67.986318656
          ],
          [
            18.254509721,
            67.986691534
          ],
          [
            18.254412773,
            67.986850885
          ],
          [
            18.254394914,
            67.987056461
          ],
          [
            18.254351055,
            67.987155702
          ],
          [
            18.254345446,
            67.987247972
          ],
          [
            18.254428609,
            67.987493172
          ],
          [
            18.2545461,
            67.987619672
          ],
          [
            18.254665168,
            67.987821086
          ],
          [
            18.254612366,
            67.987904546
          ],
          [
            18.254478669,
            67.988037648
          ],
          [
            18.254384236,
            67.988235041
          ],
          [
            18.254420126,
            67.988320277
          ],
          [
            18.254292897,
            67.988840296
          ],
          [
            18.254300975,
            67.988958086
          ],
          [
            18.254359072,
            67.989103055
          ],
          [
            18.254344075,
            67.989435136
          ],
          [
            18.254382004,
            67.989533846
          ],
          [
            18.25455679,
            67.989735298
          ],
          [
            18.254552329,
            67.990115078
          ],
          [
            18.254486242,
            67.990369605
          ],
          [
            18.254500651,
            67.990615042
          ],
          [
            18.254567976,
            67.990670121
          ],
          [
            18.254754999,
            67.990758267
          ],
          [
            18.255177705,
            67.991039199
          ],
          [
            18.255512934,
            67.991347803
          ],
          [
            18.255713836,
            67.99163471
          ],
          [
            18.256121372,
            67.99192333
          ],
          [
            18.256412872,
            67.992181262
          ],
          [
            18.256537,
            67.992372742
          ],
          [
            18.25678854,
            67.993099679
          ],
          [
            18.256879685,
            67.993246401
          ],
          [
            18.256908505,
            67.993371116
          ],
          [
            18.256769748,
            67.993643174
          ],
          [
            18.256517434,
            67.993922588
          ],
          [
            18.255895005,
            67.994460578
          ],
          [
            18.255757631,
            67.994634315
          ],
          [
            18.25559415,
            67.9947656
          ],
          [
            18.255359771,
            67.994904555
          ],
          [
            18.254902703,
            67.995388623
          ],
          [
            18.254645176,
            67.995870881
          ],
          [
            18.254339358,
            67.996207957
          ],
          [
            18.253980663,
            67.996843505
          ],
          [
            18.253356976,
            67.997654294
          ],
          [
            18.25334855,
            67.997771197
          ],
          [
            18.253131457,
            67.997938039
          ],
          [
            18.252887475,
            67.998186543
          ],
          [
            18.252520999,
            67.998663757
          ],
          [
            18.252357561,
            67.998817154
          ],
          [
            18.25213143,
            67.999276526
          ],
          [
            18.252009626,
            67.999403984
          ],
          [
            18.251962783,
            67.999512559
          ],
          [
            18.251979574,
            67.999805254
          ],
          [
            18.251957835,
            67.999888817
          ],
          [
            18.251844228,
            68.000064927
          ],
          [
            18.25161821,
            68.000308423
          ],
          [
            18.251451205,
            68.000554183
          ],
          [
            18.251373586,
            68.000789279
          ],
          [
            18.250833995,
            68.001626392
          ],
          [
            18.250614678,
            68.001890488
          ],
          [
            18.250537565,
            68.002070617
          ],
          [
            18.250350035,
            68.002310756
          ],
          [
            18.250123832,
            68.002476102
          ],
          [
            18.250041153,
            68.002603845
          ],
          [
            18.250060833,
            68.002720615
          ],
          [
            18.249957395,
            68.002821982
          ],
          [
            18.249587904,
            68.002929659
          ],
          [
            18.249432008,
            68.003067683
          ],
          [
            18.249162528,
            68.003517371
          ],
          [
            18.249130768,
            68.003676885
          ],
          [
            18.249153412,
            68.003849764
          ],
          [
            18.249115193,
            68.004028963
          ],
          [
            18.248962145,
            68.004280497
          ],
          [
            18.249096767,
            68.004924559
          ],
          [
            18.24908928,
            68.005266681
          ],
          [
            18.249053088,
            68.005322486
          ],
          [
            18.2488509,
            68.005553204
          ],
          [
            18.248460502,
            68.00578838
          ],
          [
            18.248360616,
            68.006065516
          ],
          [
            18.247907623,
            68.006238664
          ],
          [
            18.247699842,
            68.006300986
          ],
          [
            18.247603251,
            68.006385091
          ],
          [
            18.247353663,
            68.00652778
          ],
          [
            18.247197835,
            68.006724419
          ],
          [
            18.247267462,
            68.006866874
          ],
          [
            18.247612746,
            68.007137143
          ],
          [
            18.2476164,
            68.007255513
          ],
          [
            18.247651227,
            68.007346275
          ],
          [
            18.247554308,
            68.007583051
          ],
          [
            18.247424849,
            68.007665496
          ],
          [
            18.247291385,
            68.007782224
          ],
          [
            18.247256956,
            68.007925922
          ],
          [
            18.247264122,
            68.008084515
          ],
          [
            18.246993533,
            68.008547654
          ],
          [
            18.24679951,
            68.009175074
          ],
          [
            18.246521005,
            68.009649394
          ],
          [
            18.246526871,
            68.009800461
          ],
          [
            18.246644178,
            68.009948522
          ],
          [
            18.246650767,
            68.010123002
          ],
          [
            18.246566849,
            68.010282528
          ],
          [
            18.246501911,
            68.010496555
          ],
          [
            18.246507952,
            68.010611987
          ],
          [
            18.24639355,
            68.010685092
          ],
          [
            18.246213463,
            68.010713551
          ],
          [
            18.245850434,
            68.010871368
          ],
          [
            18.245729426,
            68.011002943
          ],
          [
            18.245598121,
            68.01122952
          ],
          [
            18.245479577,
            68.011257772
          ],
          [
            18.244667029,
            68.011319659
          ],
          [
            18.2445303,
            68.011355613
          ],
          [
            18.244441566,
            68.011407477
          ],
          [
            18.244308865,
            68.011527168
          ],
          [
            18.244275201,
            68.011598411
          ],
          [
            18.244241931,
            68.011751047
          ],
          [
            18.244298276,
            68.011817779
          ],
          [
            18.244293678,
            68.011888351
          ],
          [
            18.243975064,
            68.012099812
          ],
          [
            18.243501299,
            68.012294196
          ],
          [
            18.24304092,
            68.01245183
          ],
          [
            18.242972788,
            68.012491066
          ],
          [
            18.242964216,
            68.012537426
          ],
          [
            18.243027723,
            68.01264773
          ],
          [
            18.243126553,
            68.01275601
          ],
          [
            18.243287566,
            68.012867716
          ],
          [
            18.243342317,
            68.01300373
          ],
          [
            18.243295673,
            68.013094715
          ],
          [
            18.243038171,
            68.013401951
          ],
          [
            18.242911539,
            68.013598046
          ],
          [
            18.242679158,
            68.013860975
          ],
          [
            18.242648571,
            68.013990462
          ],
          [
            18.242728144,
            68.014297212
          ],
          [
            18.242664464,
            68.014422601
          ],
          [
            18.242819898,
            68.014654422
          ],
          [
            18.24283344,
            68.014811515
          ],
          [
            18.242950199,
            68.015036833
          ],
          [
            18.243048652,
            68.015142686
          ],
          [
            18.243067227,
            68.015216367
          ],
          [
            18.243329952,
            68.015378764
          ],
          [
            18.24339501,
            68.015439227
          ],
          [
            18.243351147,
            68.015626113
          ],
          [
            18.243499325,
            68.016034554
          ],
          [
            18.243534686,
            68.016269431
          ],
          [
            18.243582222,
            68.016400756
          ],
          [
            18.243667706,
            68.016526351
          ],
          [
            18.244056216,
            68.016897651
          ],
          [
            18.244215083,
            68.016996038
          ],
          [
            18.244514168,
            68.017119131
          ],
          [
            18.244633691,
            68.017195349
          ],
          [
            18.244819394,
            68.01735549
          ],
          [
            18.245062903,
            68.017515093
          ],
          [
            18.245117421,
            68.017590373
          ],
          [
            18.245107305,
            68.017863968
          ],
          [
            18.24499647,
            68.018452111
          ],
          [
            18.245075747,
            68.018658033
          ],
          [
            18.24506914,
            68.018716504
          ],
          [
            18.245106982,
            68.01876908
          ],
          [
            18.245561383,
            68.019047748
          ],
          [
            18.245641974,
            68.019123637
          ],
          [
            18.245766026,
            68.019168157
          ],
          [
            18.245970272,
            68.019207181
          ],
          [
            18.246254973,
            68.019282002
          ],
          [
            18.247099117,
            68.019544374
          ],
          [
            18.247343923,
            68.019627083
          ],
          [
            18.247670264,
            68.01977748
          ],
          [
            18.248057237,
            68.019902185
          ],
          [
            18.248241168,
            68.019995126
          ],
          [
            18.248701546,
            68.020348972
          ],
          [
            18.248919217,
            68.020430202
          ],
          [
            18.249370447,
            68.020629956
          ],
          [
            18.249464128,
            68.020726202
          ],
          [
            18.249494683,
            68.020793531
          ],
          [
            18.249492839,
            68.02090048
          ],
          [
            18.249428089,
            68.020960296
          ],
          [
            18.249297131,
            68.021011917
          ],
          [
            18.248950069,
            68.021090401
          ],
          [
            18.248380413,
            68.02139271
          ],
          [
            18.248163401,
            68.021552023
          ],
          [
            18.248101319,
            68.021956777
          ],
          [
            18.248037376,
            68.022106508
          ],
          [
            18.247888037,
            68.022342008
          ],
          [
            18.247914915,
            68.02260381
          ],
          [
            18.247871758,
            68.022755457
          ],
          [
            18.247437835,
            68.023313989
          ],
          [
            18.246875863,
            68.023942758
          ],
          [
            18.246762998,
            68.02413053
          ],
          [
            18.246620234,
            68.024295246
          ],
          [
            18.246174775,
            68.024621625
          ],
          [
            18.246007141,
            68.02488057
          ],
          [
            18.245939898,
            68.025155837
          ],
          [
            18.24579876,
            68.025284405
          ],
          [
            18.245755142,
            68.025398579
          ],
          [
            18.245723573,
            68.025503796
          ],
          [
            18.245794461,
            68.025651794
          ],
          [
            18.245796836,
            68.025930126
          ],
          [
            18.245862832,
            68.026301097
          ],
          [
            18.245832829,
            68.026510869
          ],
          [
            18.24570701,
            68.026818432
          ],
          [
            18.245840676,
            68.027384778
          ],
          [
            18.245852724,
            68.027609904
          ],
          [
            18.245951455,
            68.027813378
          ],
          [
            18.245953457,
            68.028412229
          ],
          [
            18.245862885,
            68.02882741
          ],
          [
            18.245667234,
            68.029204845
          ],
          [
            18.245476011,
            68.029964429
          ],
          [
            18.245606558,
            68.030321665
          ],
          [
            18.245620416,
            68.031027356
          ],
          [
            18.245793365,
            68.032078271
          ],
          [
            18.245815696,
            68.032570195
          ],
          [
            18.245741357,
            68.03288918
          ],
          [
            18.245732041,
            68.033057454
          ],
          [
            18.246018489,
            68.034417621
          ],
          [
            18.245995565,
            68.034700717
          ],
          [
            18.245931547,
            68.034998612
          ],
          [
            18.245811081,
            68.035198599
          ],
          [
            18.245795335,
            68.035560817
          ],
          [
            18.245754527,
            68.035724143
          ],
          [
            18.245619138,
            68.035914583
          ],
          [
            18.24557533,
            68.036042059
          ],
          [
            18.245461242,
            68.036146476
          ],
          [
            18.245392647,
            68.036246055
          ],
          [
            18.24529895,
            68.036466446
          ],
          [
            18.245115935,
            68.037591124
          ],
          [
            18.245126466,
            68.037801517
          ],
          [
            18.244865065,
            68.038781898
          ],
          [
            18.244771993,
            68.039005994
          ],
          [
            18.24460026,
            68.039215915
          ],
          [
            18.244279895,
            68.039823543
          ],
          [
            18.244083761,
            68.040120803
          ],
          [
            18.244089959,
            68.040287927
          ],
          [
            18.243376524,
            68.041146859
          ],
          [
            18.243331694,
            68.041230982
          ],
          [
            18.243393668,
            68.041809363
          ],
          [
            18.243454766,
            68.042006118
          ],
          [
            18.243537101,
            68.042624884
          ],
          [
            18.243585634,
            68.042750084
          ],
          [
            18.243754963,
            68.042921865
          ],
          [
            18.243826764,
            68.043066318
          ],
          [
            18.243922738,
            68.043781401
          ],
          [
            18.243797102,
            68.044291295
          ],
          [
            18.243806224,
            68.044625634
          ],
          [
            18.243926067,
            68.044817228
          ],
          [
            18.244085244,
            68.045401886
          ],
          [
            18.244159388,
            68.045578494
          ],
          [
            18.244167276,
            68.045679908
          ],
          [
            18.244264692,
            68.045875768
          ],
          [
            18.244364462,
            68.04629214
          ],
          [
            18.244379013,
            68.046468978
          ],
          [
            18.244526312,
            68.04677885
          ],
          [
            18.244522107,
            68.046886751
          ],
          [
            18.244623119,
            68.047140765
          ],
          [
            18.2446926,
            68.047441401
          ],
          [
            18.24470329,
            68.047765787
          ],
          [
            18.245073851,
            68.048980456
          ],
          [
            18.245118406,
            68.049110877
          ],
          [
            18.245380117,
            68.049513254
          ],
          [
            18.24558705,
            68.049915547
          ],
          [
            18.246118706,
            68.050661719
          ],
          [
            18.246285616,
            68.05127865
          ],
          [
            18.246401017,
            68.051397792
          ],
          [
            18.246471535,
            68.051625493
          ],
          [
            18.246521891,
            68.051948919
          ],
          [
            18.246651359,
            68.05229436
          ],
          [
            18.24689127,
            68.052648851
          ],
          [
            18.247130276,
            68.053143262
          ],
          [
            18.247202755,
            68.053556642
          ],
          [
            18.24732891,
            68.053779584
          ],
          [
            18.247429439,
            68.054180046
          ],
          [
            18.247587969,
            68.054422178
          ],
          [
            18.247840831,
            68.054700912
          ],
          [
            18.248260197,
            68.055035911
          ],
          [
            18.248414659,
            68.055198886
          ],
          [
            18.248426316,
            68.055260562
          ],
          [
            18.248376668,
            68.055382837
          ],
          [
            18.248723507,
            68.055670926
          ],
          [
            18.249025249,
            68.05584596
          ],
          [
            18.249142151,
            68.055951458
          ],
          [
            18.249196301,
            68.056058148
          ],
          [
            18.249424601,
            68.056326193
          ],
          [
            18.249573241,
            68.056641559
          ],
          [
            18.249639064,
            68.056712117
          ],
          [
            18.249715216,
            68.056736676
          ],
          [
            18.24981043,
            68.056804205
          ],
          [
            18.249959973,
            68.056979649
          ],
          [
            18.250072218,
            68.057246181
          ],
          [
            18.250311257,
            68.057422403
          ],
          [
            18.250466728,
            68.057494985
          ],
          [
            18.250568466,
            68.057610668
          ],
          [
            18.250650488,
            68.057776254
          ],
          [
            18.251222959,
            68.05836091
          ],
          [
            18.251628283,
            68.058811307
          ],
          [
            18.251673992,
            68.058977581
          ],
          [
            18.252214837,
            68.059743592
          ],
          [
            18.252244439,
            68.05986436
          ],
          [
            18.252801354,
            68.060553303
          ],
          [
            18.252826044,
            68.060686551
          ],
          [
            18.25273952,
            68.060854085
          ],
          [
            18.252898238,
            68.061047934
          ],
          [
            18.252966915,
            68.061226462
          ],
          [
            18.25310915,
            68.061360418
          ],
          [
            18.253184477,
            68.061543852
          ],
          [
            18.253751299,
            68.062335074
          ],
          [
            18.254010643,
            68.062560019
          ],
          [
            18.254067926,
            68.062594997
          ],
          [
            18.254216021,
            68.062640827
          ],
          [
            18.254458246,
            68.062752005
          ],
          [
            18.25461565,
            68.062874544
          ],
          [
            18.254924173,
            68.062985832
          ],
          [
            18.25499529,
            68.06305281
          ],
          [
            18.255279296,
            68.063153356
          ],
          [
            18.255566949,
            68.063310869
          ],
          [
            18.255836382,
            68.063400504
          ],
          [
            18.255956816,
            68.063464165
          ],
          [
            18.256193469,
            68.063556835
          ],
          [
            18.256529089,
            68.063781718
          ],
          [
            18.257022119,
            68.063965491
          ],
          [
            18.257749453,
            68.064276684
          ],
          [
            18.257794274,
            68.064318075
          ],
          [
            18.258216358,
            68.064545199
          ],
          [
            18.25829307,
            68.0646034
          ],
          [
            18.258528247,
            68.064710975
          ],
          [
            18.258960767,
            68.065078002
          ],
          [
            18.259353745,
            68.065365135
          ],
          [
            18.259626534,
            68.065481979
          ],
          [
            18.259871865,
            68.065699714
          ],
          [
            18.260231231,
            68.065765503
          ],
          [
            18.260274852,
            68.065796986
          ],
          [
            18.260349775,
            68.065922165
          ],
          [
            18.26080304,
            68.066078086
          ],
          [
            18.260925891,
            68.066106989
          ],
          [
            18.261170611,
            68.066265225
          ],
          [
            18.261396352,
            68.066376674
          ],
          [
            18.261653828,
            68.066530976
          ],
          [
            18.261876555,
            68.066617682
          ],
          [
            18.261983796,
            68.066681555
          ],
          [
            18.263501615,
            68.06730283
          ],
          [
            18.264181249,
            68.067493319
          ],
          [
            18.264308935,
            68.067507253
          ],
          [
            18.2646019,
            68.06759896
          ],
          [
            18.264845144,
            68.067772091
          ],
          [
            18.264893308,
            68.067840696
          ],
          [
            18.264886898,
            68.067923867
          ],
          [
            18.265011913,
            68.068024626
          ],
          [
            18.265137907,
            68.068241913
          ],
          [
            18.26503063,
            68.068422256
          ],
          [
            18.265050761,
            68.068641342
          ],
          [
            18.265116049,
            68.068687337
          ],
          [
            18.265201255,
            68.068814817
          ],
          [
            18.265816849,
            68.069457657
          ],
          [
            18.26622123,
            68.069701178
          ],
          [
            18.266220814,
            68.069752012
          ],
          [
            18.266316555,
            68.069884266
          ],
          [
            18.266362324,
            68.069987624
          ],
          [
            18.266393907,
            68.070191639
          ],
          [
            18.266265615,
            68.070444256
          ],
          [
            18.266258245,
            68.07065513
          ],
          [
            18.266275139,
            68.070739143
          ],
          [
            18.266500985,
            68.071149359
          ],
          [
            18.266526103,
            68.071381995
          ],
          [
            18.266572827,
            68.07152005
          ],
          [
            18.267148967,
            68.071920567
          ],
          [
            18.267264354,
            68.071969423
          ],
          [
            18.267315671,
            68.072009463
          ],
          [
            18.267321266,
            68.07205523
          ],
          [
            18.267394091,
            68.072108538
          ],
          [
            18.26771002,
            68.072224642
          ],
          [
            18.267781181,
            68.072264334
          ],
          [
            18.267823484,
            68.07231196
          ],
          [
            18.267799031,
            68.072410315
          ],
          [
            18.267824799,
            68.072458224
          ],
          [
            18.268267001,
            68.07268499
          ],
          [
            18.26854256,
            68.072904675
          ],
          [
            18.268794061,
            68.0731446
          ],
          [
            18.26881301,
            68.07327014
          ],
          [
            18.268929499,
            68.073474996
          ],
          [
            18.269001643,
            68.073509038
          ],
          [
            18.269238446,
            68.073890075
          ],
          [
            18.269396551,
            68.07406152
          ],
          [
            18.269450307,
            68.074185633
          ],
          [
            18.26966103,
            68.074244893
          ],
          [
            18.269727955,
            68.074290397
          ],
          [
            18.269835988,
            68.07441603
          ],
          [
            18.26983935,
            68.074466511
          ],
          [
            18.269981126,
            68.074616781
          ],
          [
            18.269981608,
            68.074721664
          ],
          [
            18.270218661,
            68.074896052
          ],
          [
            18.270337177,
            68.074948185
          ],
          [
            18.270410522,
            68.075066872
          ],
          [
            18.270556158,
            68.075145039
          ],
          [
            18.270597643,
            68.075202397
          ],
          [
            18.270570149,
            68.075325498
          ],
          [
            18.27064262,
            68.075412603
          ],
          [
            18.270690319,
            68.075541883
          ],
          [
            18.270898862,
            68.075736402
          ],
          [
            18.270983826,
            68.075916802
          ],
          [
            18.271072004,
            68.075944221
          ],
          [
            18.271195409,
            68.075957086
          ],
          [
            18.271291169,
            68.075990686
          ],
          [
            18.271349838,
            68.076050254
          ],
          [
            18.271348478,
            68.076242368
          ],
          [
            18.271525842,
            68.076405877
          ],
          [
            18.271520949,
            68.076495691
          ],
          [
            18.271978027,
            68.076576889
          ],
          [
            18.272156389,
            68.076621584
          ],
          [
            18.272274665,
            68.076758444
          ],
          [
            18.272219533,
            68.07690228
          ],
          [
            18.272274169,
            68.076944229
          ],
          [
            18.272183533,
            68.077113373
          ],
          [
            18.272236227,
            68.077254559
          ],
          [
            18.272417966,
            68.077526673
          ],
          [
            18.272551103,
            68.077574177
          ],
          [
            18.272675544,
            68.077594609
          ],
          [
            18.273847707,
            68.077739533
          ],
          [
            18.274026618,
            68.077788005
          ],
          [
            18.274573098,
            68.077955991
          ],
          [
            18.274927374,
            68.078127563
          ],
          [
            18.27507626,
            68.078179126
          ],
          [
            18.275248928,
            68.078282058
          ],
          [
            18.275405744,
            68.078317039
          ],
          [
            18.27589795,
            68.078508781
          ],
          [
            18.276932979,
            68.078840762
          ],
          [
            18.277457886,
            68.078847377
          ],
          [
            18.277760891,
            68.078837922
          ],
          [
            18.277982304,
            68.078850211
          ],
          [
            18.278275687,
            68.078895274
          ],
          [
            18.278593214,
            68.078893127
          ],
          [
            18.278728618,
            68.078944936
          ],
          [
            18.278776686,
            68.079000905
          ],
          [
            18.278670738,
            68.079370644
          ],
          [
            18.278680871,
            68.079446286
          ],
          [
            18.27874142,
            68.079519716
          ],
          [
            18.279119564,
            68.079818472
          ],
          [
            18.279391765,
            68.079957453
          ],
          [
            18.279518596,
            68.08004607
          ],
          [
            18.28008764,
            68.080356424
          ],
          [
            18.280209742,
            68.080409746
          ],
          [
            18.280427807,
            68.080447367
          ],
          [
            18.280547011,
            68.080453978
          ],
          [
            18.280661873,
            68.080478366
          ],
          [
            18.280730856,
            68.080513732
          ],
          [
            18.28084758,
            68.080602532
          ],
          [
            18.281213579,
            68.080785254
          ],
          [
            18.281299765,
            68.080848089
          ],
          [
            18.281471676,
            68.081045812
          ],
          [
            18.281724498,
            68.081240742
          ],
          [
            18.281886262,
            68.081312284
          ],
          [
            18.282263376,
            68.081401268
          ],
          [
            18.282320567,
            68.081449484
          ],
          [
            18.282348754,
            68.081508352
          ],
          [
            18.282426177,
            68.081556194
          ],
          [
            18.282934034,
            68.081788059
          ],
          [
            18.283099005,
            68.08185827
          ],
          [
            18.283547984,
            68.082004039
          ],
          [
            18.284363237,
            68.082384331
          ],
          [
            18.284964391,
            68.082605598
          ],
          [
            18.285410723,
            68.082702429
          ],
          [
            18.285537708,
            68.082716479
          ],
          [
            18.286403734,
            68.083021246
          ],
          [
            18.286911797,
            68.083178536
          ],
          [
            18.287924098,
            68.083539948
          ],
          [
            18.289280332,
            68.083944063
          ],
          [
            18.289873674,
            68.084156614
          ],
          [
            18.290236852,
            68.084242051
          ],
          [
            18.290427125,
            68.084273865
          ],
          [
            18.29048535,
            68.084329647
          ],
          [
            18.290651858,
            68.084385919
          ],
          [
            18.291593492,
            68.084824464
          ],
          [
            18.29302737,
            68.085301778
          ],
          [
            18.293287285,
            68.085473823
          ],
          [
            18.293409782,
            68.085507129
          ],
          [
            18.293547407,
            68.085595486
          ],
          [
            18.293673166,
            68.085647396
          ],
          [
            18.293915891,
            68.085688182
          ],
          [
            18.294283004,
            68.085892175
          ],
          [
            18.294549747,
            68.086080425
          ],
          [
            18.294693625,
            68.086140836
          ],
          [
            18.294933828,
            68.086212014
          ],
          [
            18.295495904,
            68.086453925
          ],
          [
            18.296019547,
            68.08673579
          ],
          [
            18.296231479,
            68.086822689
          ],
          [
            18.297090194,
            68.087248466
          ],
          [
            18.298052666,
            68.087568528
          ],
          [
            18.299109897,
            68.087887995
          ],
          [
            18.300275943,
            68.088403856
          ],
          [
            18.300709434,
            68.088645734
          ],
          [
            18.302129037,
            68.089375366
          ],
          [
            18.302480621,
            68.089588499
          ],
          [
            18.302621903,
            68.08962999
          ],
          [
            18.30286569,
            68.089750395
          ],
          [
            18.303184161,
            68.089847853
          ],
          [
            18.303309248,
            68.089918735
          ],
          [
            18.303353421,
            68.090040528
          ],
          [
            18.303598209,
            68.090264604
          ],
          [
            18.303826709,
            68.090396691
          ],
          [
            18.304016254,
            68.090564938
          ],
          [
            18.304545243,
            68.090883338
          ],
          [
            18.305753643,
            68.091771346
          ],
          [
            18.306005978,
            68.09192825
          ],
          [
            18.306095344,
            68.092009958
          ],
          [
            18.306260803,
            68.092102813
          ],
          [
            18.306356037,
            68.092202102
          ],
          [
            18.306479204,
            68.092259121
          ],
          [
            18.307090627,
            68.09277821
          ],
          [
            18.30748603,
            68.09303726
          ],
          [
            18.307583074,
            68.093077083
          ],
          [
            18.308381854,
            68.093772053
          ],
          [
            18.308825797,
            68.094087053
          ],
          [
            18.309224997,
            68.094324525
          ],
          [
            18.309605932,
            68.094480177
          ],
          [
            18.309787749,
            68.094592934
          ],
          [
            18.310498056,
            68.094970984
          ],
          [
            18.31138065,
            68.095321629
          ],
          [
            18.311555356,
            68.095504077
          ],
          [
            18.31170449,
            68.095625066
          ],
          [
            18.312737306,
            68.096272437
          ],
          [
            18.313380298,
            68.09670111
          ],
          [
            18.313745645,
            68.096841881
          ],
          [
            18.314032941,
            68.096933596
          ],
          [
            18.314314561,
            68.097057044
          ],
          [
            18.314605789,
            68.097152479
          ],
          [
            18.314744812,
            68.097249646
          ],
          [
            18.314900025,
            68.097413507
          ],
          [
            18.315169561,
            68.097523277
          ],
          [
            18.315341639,
            68.097686808
          ],
          [
            18.315604603,
            68.097773945
          ],
          [
            18.315992392,
            68.09797749
          ],
          [
            18.316295702,
            68.098278799
          ],
          [
            18.316716548,
            68.098568651
          ],
          [
            18.317170111,
            68.098849287
          ],
          [
            18.317412607,
            68.098960665
          ],
          [
            18.318501553,
            68.0994048
          ],
          [
            18.318667401,
            68.099441709
          ],
          [
            18.318990215,
            68.099481427
          ],
          [
            18.319397303,
            68.099558622
          ],
          [
            18.319824522,
            68.099676002
          ],
          [
            18.319978374,
            68.099849073
          ],
          [
            18.320136272,
            68.099983952
          ],
          [
            18.320418001,
            68.100169386
          ],
          [
            18.320817908,
            68.100393162
          ],
          [
            18.321245011,
            68.100572782
          ],
          [
            18.322111404,
            68.100986346
          ],
          [
            18.322254466,
            68.101050434
          ],
          [
            18.322809605,
            68.10118016
          ],
          [
            18.324248782,
            68.101726855
          ],
          [
            18.324960823,
            68.102027049
          ],
          [
            18.325120111,
            68.102107278
          ],
          [
            18.325171752,
            68.102195016
          ],
          [
            18.32532116,
            68.102340244
          ],
          [
            18.3254982,
            68.102467073
          ],
          [
            18.325745302,
            68.102606285
          ],
          [
            18.32592229,
            68.102669606
          ],
          [
            18.326393174,
            68.102993003
          ],
          [
            18.32685745,
            68.103443565
          ],
          [
            18.326983174,
            68.103505503
          ],
          [
            18.327299771,
            68.103611398
          ],
          [
            18.32738131,
            68.103652735
          ],
          [
            18.327459793,
            68.103675095
          ],
          [
            18.327854888,
            68.10371952
          ],
          [
            18.32832613,
            68.103708879
          ],
          [
            18.328680236,
            68.103731363
          ],
          [
            18.329574887,
            68.103897854
          ],
          [
            18.329926328,
            68.103945794
          ],
          [
            18.330621188,
            68.104076155
          ],
          [
            18.3308437,
            68.104105417
          ],
          [
            18.331097545,
            68.104180969
          ],
          [
            18.331695097,
            68.10444561
          ],
          [
            18.331784584,
            68.104472803
          ],
          [
            18.332495799,
            68.104557064
          ],
          [
            18.333149305,
            68.104662943
          ],
          [
            18.333717627,
            68.104726301
          ],
          [
            18.334864582,
            68.104832446
          ],
          [
            18.335811178,
            68.104836428
          ],
          [
            18.336160486,
            68.104892022
          ],
          [
            18.336933589,
            68.104896115
          ],
          [
            18.337892918,
            68.104852808
          ],
          [
            18.338940517,
            68.104829084
          ],
          [
            18.339046868,
            68.104834299
          ],
          [
            18.339131505,
            68.104852696
          ],
          [
            18.339506136,
            68.104957576
          ],
          [
            18.339530883,
            68.105005281
          ],
          [
            18.339452858,
            68.105195021
          ],
          [
            18.339331222,
            68.105284147
          ],
          [
            18.339194222,
            68.105446009
          ],
          [
            18.339032218,
            68.105558904
          ],
          [
            18.338816822,
            68.105803836
          ],
          [
            18.338802465,
            68.105924821
          ],
          [
            18.338636468,
            68.106075917
          ],
          [
            18.338624852,
            68.106151109
          ],
          [
            18.338689704,
            68.10627792
          ],
          [
            18.338829787,
            68.106406839
          ],
          [
            18.339063854,
            68.106548873
          ],
          [
            18.339103936,
            68.106627978
          ],
          [
            18.3391847,
            68.106664252
          ],
          [
            18.339531072,
            68.106764369
          ],
          [
            18.339644727,
            68.106835459
          ],
          [
            18.339776471,
            68.106975995
          ],
          [
            18.339959505,
            68.107075999
          ],
          [
            18.340162942,
            68.107113305
          ],
          [
            18.340466906,
            68.107224541
          ],
          [
            18.340698402,
            68.107287878
          ],
          [
            18.340926122,
            68.107390678
          ],
          [
            18.341041011,
            68.107427447
          ],
          [
            18.341251656,
            68.107467128
          ],
          [
            18.341322858,
            68.107507429
          ],
          [
            18.341469376,
            68.107529512
          ],
          [
            18.341573891,
            68.107565251
          ],
          [
            18.341964158,
            68.107934898
          ],
          [
            18.342192198,
            68.108102464
          ],
          [
            18.34247962,
            68.10817469
          ],
          [
            18.342966597,
            68.108260183
          ],
          [
            18.343157099,
            68.10825967
          ],
          [
            18.34349454,
            68.108283772
          ],
          [
            18.344141599,
            68.108349123
          ],
          [
            18.344925175,
            68.108542182
          ],
          [
            18.345740285,
            68.108698975
          ],
          [
            18.346149883,
            68.108748103
          ],
          [
            18.347050601,
            68.108908023
          ],
          [
            18.347161085,
            68.108938537
          ],
          [
            18.347656003,
            68.10919784
          ],
          [
            18.347832661,
            68.109258605
          ],
          [
            18.348282393,
            68.109386839
          ],
          [
            18.348954784,
            68.10962813
          ],
          [
            18.349309146,
            68.109714075
          ],
          [
            18.350424171,
            68.110018978
          ],
          [
            18.350816951,
            68.110096651
          ],
          [
            18.351145122,
            68.110205412
          ],
          [
            18.351461768,
            68.110370524
          ],
          [
            18.35171961,
            68.11042347
          ],
          [
            18.351938146,
            68.110444138
          ],
          [
            18.352448386,
            68.110537404
          ],
          [
            18.352923649,
            68.110668404
          ],
          [
            18.353410082,
            68.110783865
          ],
          [
            18.353500857,
            68.110817558
          ],
          [
            18.353655482,
            68.110973498
          ],
          [
            18.354025129,
            68.111213926
          ],
          [
            18.354516044,
            68.111379008
          ],
          [
            18.355226988,
            68.111595309
          ],
          [
            18.355651339,
            68.111685361
          ],
          [
            18.356052903,
            68.111803966
          ],
          [
            18.356671148,
            68.112012534
          ],
          [
            18.35717977,
            68.112202717
          ],
          [
            18.35735811,
            68.112249762
          ],
          [
            18.358341794,
            68.112375871
          ],
          [
            18.358780217,
            68.112468153
          ],
          [
            18.359676721,
            68.112690526
          ],
          [
            18.360206287,
            68.112926128
          ],
          [
            18.360829129,
            68.113103562
          ],
          [
            18.361239508,
            68.113191361
          ],
          [
            18.362018262,
            68.113403589
          ],
          [
            18.362964286,
            68.113721747
          ],
          [
            18.363228072,
            68.113833187
          ],
          [
            18.363592432,
            68.1139322
          ],
          [
            18.363967296,
            68.114097273
          ],
          [
            18.364948292,
            68.114463095
          ],
          [
            18.365286231,
            68.114567788
          ],
          [
            18.36582426,
            68.114770037
          ],
          [
            18.366231928,
            68.114883384
          ],
          [
            18.367032109,
            68.115164168
          ],
          [
            18.367808275,
            68.115370703
          ],
          [
            18.368747967,
            68.115687388
          ],
          [
            18.369711641,
            68.115927999
          ],
          [
            18.37011649,
            68.116075395
          ],
          [
            18.370725614,
            68.116259926
          ],
          [
            18.371202502,
            68.116381881
          ],
          [
            18.371863967,
            68.116521839
          ],
          [
            18.373488692,
            68.116974157
          ],
          [
            18.374559472,
            68.117243467
          ],
          [
            18.3753561,
            68.117492343
          ],
          [
            18.375673909,
            68.117555506
          ],
          [
            18.375996315,
            68.11767755
          ],
          [
            18.376462126,
            68.117793009
          ],
          [
            18.37727845,
            68.117959482
          ],
          [
            18.377553823,
            68.11803883
          ],
          [
            18.378394202,
            68.118230464
          ],
          [
            18.379780717,
            68.118571914
          ],
          [
            18.38013089,
            68.118620362
          ],
          [
            18.380451188,
            68.118701409
          ],
          [
            18.380735346,
            68.118794689
          ],
          [
            18.381759195,
            68.119071255
          ],
          [
            18.382262565,
            68.119239877
          ],
          [
            18.382578657,
            68.119290238
          ],
          [
            18.383525717,
            68.119561495
          ],
          [
            18.383771611,
            68.119676002
          ],
          [
            18.384511895,
            68.119914379
          ],
          [
            18.384902063,
            68.120009936
          ],
          [
            18.38513545,
            68.1200824
          ],
          [
            18.38520709,
            68.120121435
          ],
          [
            18.385452995,
            68.120183242
          ],
          [
            18.385618591,
            68.120245256
          ],
          [
            18.386089934,
            68.120321044
          ],
          [
            18.386249207,
            68.120362335
          ],
          [
            18.3866761,
            68.120419409
          ],
          [
            18.387174305,
            68.120512928
          ],
          [
            18.38789979,
            68.120685533
          ],
          [
            18.388180679,
            68.120721914
          ],
          [
            18.388470995,
            68.120776358
          ],
          [
            18.388714203,
            68.120792613
          ],
          [
            18.388975762,
            68.12084109
          ],
          [
            18.389811791,
            68.120952966
          ],
          [
            18.391001486,
            68.121250973
          ],
          [
            18.391512302,
            68.121359874
          ],
          [
            18.392978426,
            68.121712564
          ],
          [
            18.393879204,
            68.121863585
          ],
          [
            18.394303781,
            68.121954563
          ],
          [
            18.394522188,
            68.122019481
          ],
          [
            18.394950546,
            68.122086931
          ],
          [
            18.395188097,
            68.122138461
          ],
          [
            18.395396255,
            68.122204873
          ],
          [
            18.39550424,
            68.122279699
          ],
          [
            18.39556211,
            68.12237111
          ],
          [
            18.395707069,
            68.122460866
          ],
          [
            18.396290831,
            68.122694738
          ],
          [
            18.396786852,
            68.122874255
          ],
          [
            18.39699182,
            68.122994148
          ],
          [
            18.397285837,
            68.123203551
          ],
          [
            18.397565153,
            68.123305086
          ],
          [
            18.397682731,
            68.123373212
          ],
          [
            18.397852753,
            68.123441653
          ],
          [
            18.39804261,
            68.123501891
          ],
          [
            18.398221417,
            68.123609244
          ],
          [
            18.399486417,
            68.123970908
          ],
          [
            18.400117731,
            68.124168694
          ],
          [
            18.400540406,
            68.124322237
          ],
          [
            18.400741276,
            68.124463044
          ],
          [
            18.400919527,
            68.124540437
          ],
          [
            18.401542895,
            68.124679747
          ],
          [
            18.402261036,
            68.124950144
          ],
          [
            18.402391027,
            68.125032354
          ],
          [
            18.402649137,
            68.125131686
          ],
          [
            18.403252696,
            68.125279183
          ],
          [
            18.404170556,
            68.125553599
          ],
          [
            18.40468892,
            68.125767847
          ],
          [
            18.405871685,
            68.126190952
          ],
          [
            18.407991504,
            68.126976689
          ],
          [
            18.409272891,
            68.127481287
          ],
          [
            18.409330047,
            68.127541429
          ],
          [
            18.40960947,
            68.127642951
          ],
          [
            18.4099148,
            68.127780454
          ],
          [
            18.410226518,
            68.12796475
          ],
          [
            18.410383935,
            68.127991714
          ],
          [
            18.410864055,
            68.128257484
          ],
          [
            18.411077556,
            68.128336808
          ],
          [
            18.411311423,
            68.128462644
          ],
          [
            18.411563259,
            68.128541239
          ],
          [
            18.411770907,
            68.128577674
          ],
          [
            18.412267216,
            68.128884821
          ],
          [
            18.412393531,
            68.128939745
          ],
          [
            18.412805143,
            68.129062199
          ],
          [
            18.413003028,
            68.129154838
          ],
          [
            18.41322693,
            68.1292079
          ],
          [
            18.413597561,
            68.129260781
          ],
          [
            18.413887812,
            68.129287821
          ],
          [
            18.414094472,
            68.129342513
          ],
          [
            18.414809164,
            68.129891738
          ],
          [
            18.415670736,
            68.130645318
          ],
          [
            18.41580644,
            68.130743055
          ],
          [
            18.415872233,
            68.130891629
          ],
          [
            18.415884881,
            68.130983896
          ],
          [
            18.415819537,
            68.131220963
          ],
          [
            18.415940264,
            68.131617339
          ],
          [
            18.415790037,
            68.131796086
          ],
          [
            18.415770679,
            68.131909805
          ],
          [
            18.415832461,
            68.132054546
          ],
          [
            18.416006589,
            68.132187897
          ],
          [
            18.415948007,
            68.131968489
          ],
          [
            18.416063191,
            68.132555369
          ],
          [
            18.416061279,
            68.132638471
          ],
          [
            18.416008694,
            68.132756342
          ],
          [
            18.416027201,
            68.132884456
          ],
          [
            18.415437435,
            68.133405087
          ],
          [
            18.415121978,
            68.133776136
          ],
          [
            18.415040542,
            68.13395947
          ],
          [
            18.414906263,
            68.134138687
          ],
          [
            18.414899331,
            68.13430755
          ],
          [
            18.414853773,
            68.134401917
          ],
          [
            18.414757555,
            68.134483023
          ],
          [
            18.414708631,
            68.134554092
          ],
          [
            18.414692446,
            68.134634884
          ],
          [
            18.414715317,
            68.134696729
          ],
          [
            18.415042071,
            68.134861488
          ],
          [
            18.415362963,
            68.134961464
          ],
          [
            18.41554199,
            68.134995514
          ],
          [
            18.413779339,
            68.136794344
          ],
          [
            18.41330045,
            68.13679
          ],
          [
            18.413000024,
            68.136812564
          ],
          [
            18.412750715,
            68.136864041
          ],
          [
            18.412628075,
            68.13690758
          ],
          [
            18.41253324,
            68.136915017
          ],
          [
            18.412226307,
            68.137020897
          ],
          [
            18.411798529,
            68.137045462
          ],
          [
            18.41149541,
            68.13704429
          ],
          [
            18.411242062,
            68.137060165
          ],
          [
            18.411120091,
            68.137109636
          ],
          [
            18.411627928,
            68.137270704
          ],
          [
            18.411700548,
            68.137412305
          ],
          [
            18.411636089,
            68.137601742
          ],
          [
            18.411414639,
            68.137740778
          ],
          [
            18.411300569,
            68.137909844
          ],
          [
            18.411400502,
            68.138094167
          ],
          [
            18.4113165,
            68.138307007
          ],
          [
            18.411132046,
            68.138435954
          ],
          [
            18.411289362,
            68.138612509
          ],
          [
            18.411570572,
            68.138740461
          ],
          [
            18.411751896,
            68.138914846
          ],
          [
            18.411764134,
            68.139178435
          ],
          [
            18.411915685,
            68.139248714
          ],
          [
            18.412230189,
            68.13935678
          ],
          [
            18.412612801,
            68.139527292
          ],
          [
            18.412829312,
            68.139950514
          ],
          [
            18.412894791,
            68.140138282
          ],
          [
            18.413559018,
            68.140499352
          ],
          [
            18.41403154,
            68.140634666
          ],
          [
            18.414444275,
            68.140859112
          ],
          [
            18.414843959,
            68.141020036
          ],
          [
            18.414932982,
            68.141204781
          ],
          [
            18.414809402,
            68.141386203
          ],
          [
            18.414767646,
            68.141841301
          ],
          [
            18.414821313,
            68.14199666
          ],
          [
            18.41482332,
            68.142154766
          ],
          [
            18.414931792,
            68.142505059
          ],
          [
            18.41495745,
            68.142716119
          ],
          [
            18.414807685,
            68.143149592
          ],
          [
            18.414487825,
            68.143567118
          ],
          [
            18.414391516,
            68.143760311
          ],
          [
            18.414384119,
            68.143957943
          ],
          [
            18.4143293,
            68.1441806
          ],
          [
            18.414384785,
            68.144465268
          ],
          [
            18.414313495,
            68.144924802
          ],
          [
            18.414364887,
            68.145391504
          ],
          [
            18.414437758,
            68.14569008
          ],
          [
            18.414370707,
            68.145875752
          ],
          [
            18.414462633,
            68.146058157
          ],
          [
            18.414692486,
            68.146307803
          ],
          [
            18.414882292,
            68.146473246
          ],
          [
            18.414939833,
            68.146689655
          ],
          [
            18.414942011,
            68.146877966
          ],
          [
            18.415495272,
            68.147272896
          ],
          [
            18.415923166,
            68.147530434
          ],
          [
            18.416067128,
            68.147664081
          ],
          [
            18.416251722,
            68.147903688
          ],
          [
            18.416350916,
            68.148162359
          ],
          [
            18.416285169,
            68.148434963
          ],
          [
            18.41635872,
            68.148671806
          ],
          [
            18.416188778,
            68.148965135
          ],
          [
            18.416126195,
            68.149127116
          ],
          [
            18.416175385,
            68.149312791
          ],
          [
            18.416702098,
            68.149548298
          ],
          [
            18.416753327,
            68.149768841
          ],
          [
            18.416891488,
            68.149921957
          ],
          [
            18.417188166,
            68.150149127
          ],
          [
            18.417812241,
            68.150520369
          ],
          [
            18.418178814,
            68.150839887
          ],
          [
            18.418718592,
            68.15122449
          ],
          [
            18.419168804,
            68.151581989
          ],
          [
            18.419757646,
            68.15221078
          ],
          [
            18.420034878,
            68.152399434
          ],
          [
            18.420309679,
            68.152620964
          ],
          [
            18.420717077,
            68.152776725
          ],
          [
            18.421279647,
            68.153200455
          ],
          [
            18.421289208,
            68.153439297
          ],
          [
            18.421141563,
            68.153636738
          ],
          [
            18.420256493,
            68.153898904
          ],
          [
            18.419127548,
            68.154204173
          ],
          [
            18.417971889,
            68.154567062
          ],
          [
            18.418203371,
            68.154726153
          ],
          [
            18.418882104,
            68.155132569
          ],
          [
            18.419389018,
            68.155401113
          ],
          [
            18.419883099,
            68.155631491
          ],
          [
            18.420507611,
            68.155991136
          ],
          [
            18.421104816,
            68.156264159
          ],
          [
            18.421289602,
            68.156366591
          ],
          [
            18.421702845,
            68.15654229
          ],
          [
            18.422008782,
            68.156780593
          ],
          [
            18.422123391,
            68.15683069
          ],
          [
            18.422313524,
            68.156879144
          ],
          [
            18.422889607,
            68.157126966
          ],
          [
            18.423193357,
            68.157219124
          ],
          [
            18.423431275,
            68.157308861
          ],
          [
            18.423825706,
            68.157540113
          ],
          [
            18.423999229,
            68.157614568
          ],
          [
            18.424223699,
            68.157662274
          ],
          [
            18.424616388,
            68.157838418
          ],
          [
            18.424860458,
            68.158033174
          ],
          [
            18.425083258,
            68.158114259
          ],
          [
            18.425149422,
            68.158162841
          ],
          [
            18.425382006,
            68.158256638
          ],
          [
            18.425683732,
            68.158465817
          ],
          [
            18.42587521,
            68.158643383
          ],
          [
            18.426498135,
            68.158951438
          ],
          [
            18.426880432,
            68.15928131
          ],
          [
            18.42707052,
            68.159345243
          ],
          [
            18.427788779,
            68.159508463
          ],
          [
            18.42793533,
            68.159575892
          ],
          [
            18.428232485,
            68.159672785
          ],
          [
            18.428771895,
            68.15990442
          ],
          [
            18.428951661,
            68.159967317
          ],
          [
            18.429042579,
            68.159984221
          ],
          [
            18.429475494,
            68.160018704
          ],
          [
            18.429584112,
            68.160040262
          ],
          [
            18.430164759,
            68.160337892
          ],
          [
            18.430525812,
            68.16045229
          ],
          [
            18.430974455,
            68.160646804
          ],
          [
            18.431206587,
            68.160781771
          ],
          [
            18.431328743,
            68.16080302
          ],
          [
            18.43143645,
            68.160839747
          ],
          [
            18.4316145,
            68.160975933
          ],
          [
            18.431977905,
            68.161125628
          ],
          [
            18.432042171,
            68.161187332
          ],
          [
            18.432252824,
            68.161315199
          ],
          [
            18.432779489,
            68.161572358
          ],
          [
            18.433134318,
            68.161710886
          ],
          [
            18.433890012,
            68.162209161
          ],
          [
            18.434288053,
            68.162363126
          ],
          [
            18.434535896,
            68.162490157
          ],
          [
            18.43495106,
            68.162645005
          ],
          [
            18.435273981,
            68.162795605
          ],
          [
            18.43570747,
            68.162958872
          ],
          [
            18.435864927,
            68.163051314
          ],
          [
            18.435977793,
            68.163182643
          ],
          [
            18.436228577,
            68.163390428
          ],
          [
            18.436468782,
            68.163491112
          ],
          [
            18.436577391,
            68.163554337
          ],
          [
            18.437000068,
            68.163880757
          ],
          [
            18.437179353,
            68.163961339
          ],
          [
            18.437358979,
            68.164127788
          ],
          [
            18.437460247,
            68.164187384
          ],
          [
            18.437718383,
            68.164293981
          ],
          [
            18.438027567,
            68.164485293
          ],
          [
            18.438859079,
            68.164947749
          ],
          [
            18.438930824,
            68.165034532
          ],
          [
            18.439118723,
            68.165126285
          ],
          [
            18.439246014,
            68.165137319
          ],
          [
            18.439346573,
            68.165171675
          ],
          [
            18.439575649,
            68.16526629
          ],
          [
            18.439652657,
            68.165322653
          ],
          [
            18.439789053,
            68.165368837
          ],
          [
            18.439976957,
            68.16546058
          ],
          [
            18.440111323,
            68.16549418
          ],
          [
            18.441188636,
            68.165903112
          ],
          [
            18.442467654,
            68.16636305
          ],
          [
            18.442712132,
            68.166427004
          ],
          [
            18.443182409,
            68.16660711
          ],
          [
            18.44337866,
            68.166645626
          ],
          [
            18.443588003,
            68.166722999
          ],
          [
            18.443851742,
            68.16678021
          ],
          [
            18.444811171,
            68.16717282
          ],
          [
            18.445765195,
            68.167719623
          ],
          [
            18.446042773,
            68.167840918
          ],
          [
            18.446695205,
            68.168181081
          ],
          [
            18.446867901,
            68.168241593
          ],
          [
            18.447198026,
            68.168456425
          ],
          [
            18.447426314,
            68.168629342
          ],
          [
            18.44764388,
            68.168840391
          ],
          [
            18.447819625,
            68.168961451
          ],
          [
            18.448129889,
            68.169220925
          ],
          [
            18.4494492,
            68.170064647
          ],
          [
            18.449579076,
            68.170188789
          ],
          [
            18.449936101,
            68.170385256
          ],
          [
            18.450305126,
            68.170633561
          ],
          [
            18.450583354,
            68.170787338
          ],
          [
            18.450749793,
            68.170925886
          ],
          [
            18.451426582,
            68.171361613
          ],
          [
            18.452633765,
            68.172091508
          ],
          [
            18.45298528,
            68.172439377
          ],
          [
            18.453112526,
            68.17262968
          ],
          [
            18.453196595,
            68.172704023
          ],
          [
            18.45347804,
            68.172876786
          ],
          [
            18.453926164,
            68.173312692
          ],
          [
            18.453961761,
            68.17338306
          ],
          [
            18.454394422,
            68.173664222
          ],
          [
            18.454779654,
            68.173824428
          ],
          [
            18.455941258,
            68.174771462
          ],
          [
            18.456114947,
            68.174932729
          ],
          [
            18.456418912,
            68.175281683
          ],
          [
            18.45727005,
            68.175901526
          ],
          [
            18.457796932,
            68.176378825
          ],
          [
            18.458097444,
            68.176501573
          ],
          [
            18.458224487,
            68.176587635
          ],
          [
            18.458758166,
            68.177085114
          ],
          [
            18.458912332,
            68.177251914
          ],
          [
            18.458976186,
            68.177368672
          ],
          [
            18.459251391,
            68.177647093
          ],
          [
            18.459510782,
            68.177850871
          ],
          [
            18.459613467,
            68.177872661
          ],
          [
            18.459702492,
            68.177915096
          ],
          [
            18.459766225,
            68.177969564
          ],
          [
            18.460128118,
            68.178173526
          ],
          [
            18.460140358,
            68.178246978
          ],
          [
            18.460208064,
            68.178345845
          ],
          [
            18.46057845,
            68.178723771
          ],
          [
            18.460882295,
            68.178927804
          ],
          [
            18.46119836,
            68.179061619
          ],
          [
            18.461915208,
            68.179448084
          ],
          [
            18.462114158,
            68.179535021
          ],
          [
            18.462429265,
            68.179785823
          ],
          [
            18.462650921,
            68.179906566
          ],
          [
            18.462740102,
            68.180031639
          ],
          [
            18.462980043,
            68.180179921
          ],
          [
            18.46323403,
            68.180310091
          ],
          [
            18.463520359,
            68.180429337
          ],
          [
            18.463580717,
            68.180483884
          ],
          [
            18.46391061,
            68.180638996
          ],
          [
            18.464289269,
            68.180738312
          ],
          [
            18.465329682,
            68.180954562
          ],
          [
            18.465548045,
            68.181014353
          ],
          [
            18.466289662,
            68.18124131
          ],
          [
            18.46649459,
            68.181323025
          ],
          [
            18.466917076,
            68.181459463
          ],
          [
            18.467092476,
            68.181527875
          ],
          [
            18.46723212,
            68.181607282
          ],
          [
            18.468065572,
            68.181913481
          ],
          [
            18.468312454,
            68.181980233
          ],
          [
            18.468783033,
            68.182077419
          ],
          [
            18.46949096,
            68.182323003
          ],
          [
            18.469658209,
            68.182398714
          ],
          [
            18.469727389,
            68.182485585
          ],
          [
            18.469932213,
            68.18262325
          ],
          [
            18.470186392,
            68.182725206
          ],
          [
            18.470451498,
            68.182788476
          ],
          [
            18.47091048,
            68.182860078
          ],
          [
            18.471268859,
            68.182967394
          ],
          [
            18.471697856,
            68.18306415
          ],
          [
            18.472728156,
            68.183173055
          ],
          [
            18.47296054,
            68.183225511
          ],
          [
            18.473429615,
            68.183293177
          ],
          [
            18.47379822,
            68.183378458
          ],
          [
            18.475603735,
            68.183616067
          ],
          [
            18.476226959,
            68.18380585
          ],
          [
            18.477362822,
            68.184289145
          ],
          [
            18.478811266,
            68.184957636
          ],
          [
            18.480008671,
            68.185458753
          ],
          [
            18.480193641,
            68.185558403
          ],
          [
            18.480956782,
            68.185909074
          ],
          [
            18.481112463,
            68.185955559
          ],
          [
            18.481455304,
            68.18609395
          ],
          [
            18.481630327,
            68.186132314
          ],
          [
            18.481766476,
            68.186143347
          ],
          [
            18.48189366,
            68.186184063
          ],
          [
            18.481981729,
            68.186238471
          ],
          [
            18.482805351,
            68.186325057
          ],
          [
            18.483896584,
            68.186468407
          ],
          [
            18.484229603,
            68.186525001
          ],
          [
            18.484762501,
            68.186666808
          ],
          [
            18.485050165,
            68.18678337
          ],
          [
            18.485194169,
            68.186927516
          ],
          [
            18.48521204,
            68.186995029
          ],
          [
            18.485347496,
            68.187171408
          ],
          [
            18.485458559,
            68.187261183
          ],
          [
            18.485744036,
            68.18742777
          ],
          [
            18.485916728,
            68.187621247
          ],
          [
            18.486097266,
            68.187756882
          ],
          [
            18.486177019,
            68.187844791
          ],
          [
            18.486215597,
            68.187933639
          ],
          [
            18.48652081,
            68.188179239
          ],
          [
            18.486748741,
            68.188436837
          ],
          [
            18.48692742,
            68.18856097
          ],
          [
            18.487135736,
            68.188761331
          ],
          [
            18.487434115,
            68.188922506
          ],
          [
            18.487593901,
            68.188972735
          ],
          [
            18.487817482,
            68.189203516
          ],
          [
            18.488002425,
            68.189323663
          ],
          [
            18.488034206,
            68.189519026
          ],
          [
            18.488220186,
            68.189603271
          ],
          [
            18.488354236,
            68.189728414
          ],
          [
            18.48839013,
            68.189800657
          ],
          [
            18.488858595,
            68.190138701
          ],
          [
            18.489049758,
            68.190339448
          ],
          [
            18.489167928,
            68.190430337
          ],
          [
            18.489428573,
            68.190719236
          ],
          [
            18.489498889,
            68.190854781
          ],
          [
            18.489633171,
            68.190981193
          ],
          [
            18.48993775,
            68.191201178
          ],
          [
            18.490194784,
            68.191446575
          ],
          [
            18.490534525,
            68.191670893
          ],
          [
            18.490703368,
            68.191755514
          ],
          [
            18.491155713,
            68.191909374
          ],
          [
            18.491308313,
            68.191978988
          ],
          [
            18.491505347,
            68.192046319
          ],
          [
            18.492099298,
            68.192159813
          ],
          [
            18.492240994,
            68.192225831
          ],
          [
            18.492364898,
            68.192246104
          ],
          [
            18.492801451,
            68.192387494
          ],
          [
            18.492901113,
            68.192449331
          ],
          [
            18.493191372,
            68.192581202
          ],
          [
            18.493583499,
            68.192809458
          ],
          [
            18.493950455,
            68.192967786
          ],
          [
            18.494592428,
            68.193439041
          ],
          [
            18.494663914,
            68.193518167
          ],
          [
            18.495116734,
            68.193801435
          ],
          [
            18.495148276,
            68.193846862
          ],
          [
            18.494960888,
            68.193944639
          ],
          [
            18.494906285,
            68.194011237
          ],
          [
            18.494887662,
            68.194087269
          ],
          [
            18.495037258,
            68.194463598
          ],
          [
            18.495168813,
            68.1946288
          ],
          [
            18.495620526,
            68.195020224
          ],
          [
            18.495883697,
            68.195219016
          ],
          [
            18.4959461,
            68.195302348
          ],
          [
            18.49618539,
            68.195483428
          ],
          [
            18.496327899,
            68.195673151
          ],
          [
            18.496469083,
            68.195788627
          ],
          [
            18.496588901,
            68.195924123
          ],
          [
            18.496611844,
            68.196001812
          ],
          [
            18.496893798,
            68.196252314
          ],
          [
            18.496961158,
            68.196344658
          ],
          [
            18.497087228,
            68.196387488
          ],
          [
            18.497602276,
            68.196659864
          ],
          [
            18.497752414,
            68.196721712
          ],
          [
            18.497969378,
            68.196784682
          ],
          [
            18.498144068,
            68.196877257
          ],
          [
            18.498411768,
            68.196928684
          ],
          [
            18.498769074,
            68.196970307
          ],
          [
            18.499646238,
            68.19720228
          ],
          [
            18.500142007,
            68.197311758
          ],
          [
            18.500425656,
            68.197341955
          ],
          [
            18.501126096,
            68.19744234
          ],
          [
            18.501550747,
            68.197520472
          ],
          [
            18.50223601,
            68.197697416
          ],
          [
            18.502336392,
            68.197733762
          ],
          [
            18.502525125,
            68.197834748
          ],
          [
            18.502711121,
            68.197903594
          ],
          [
            18.503013735,
            68.198072927
          ],
          [
            18.50326784,
            68.198179851
          ],
          [
            18.504214013,
            68.198501135
          ],
          [
            18.50495568,
            68.198576905
          ],
          [
            18.505389728,
            68.198680381
          ],
          [
            18.505840627,
            68.198727375
          ],
          [
            18.506715779,
            68.19889002
          ],
          [
            18.507289839,
            68.199029383
          ],
          [
            18.509102803,
            68.199412874
          ],
          [
            18.509826892,
            68.199578611
          ],
          [
            18.510530731,
            68.199717775
          ],
          [
            18.511087492,
            68.19986536
          ],
          [
            18.511365701,
            68.199915709
          ],
          [
            18.511562063,
            68.199936186
          ],
          [
            18.511847893,
            68.199948921
          ],
          [
            18.51280728,
            68.200040865
          ],
          [
            18.513973983,
            68.200197377
          ],
          [
            18.514366312,
            68.200275857
          ],
          [
            18.51478998,
            68.200383455
          ],
          [
            18.514991212,
            68.200418617
          ],
          [
            18.515677397,
            68.200646404
          ],
          [
            18.516378857,
            68.200841854
          ],
          [
            18.517026182,
            68.200993723
          ],
          [
            18.517322059,
            68.201039827
          ],
          [
            18.517557774,
            68.201098702
          ],
          [
            18.517795705,
            68.201141471
          ],
          [
            18.518225599,
            68.201279797
          ],
          [
            18.519090193,
            68.201485382
          ],
          [
            18.51937378,
            68.201598636
          ],
          [
            18.52004852,
            68.201775626
          ],
          [
            18.520374383,
            68.201899288
          ],
          [
            18.521104184,
            68.202257203
          ],
          [
            18.521747612,
            68.202489494
          ],
          [
            18.521815167,
            68.202520859
          ],
          [
            18.521890195,
            68.202597691
          ],
          [
            18.521958102,
            68.202633072
          ],
          [
            18.522909559,
            68.202841635
          ],
          [
            18.523549294,
            68.203072624
          ],
          [
            18.523818474,
            68.203143156
          ],
          [
            18.52478013,
            68.203302005
          ],
          [
            18.525503086,
            68.203536032
          ],
          [
            18.526457283,
            68.203733821
          ],
          [
            18.52691061,
            68.203807536
          ],
          [
            18.527215142,
            68.203869605
          ],
          [
            18.527500786,
            68.203964049
          ],
          [
            18.527729235,
            68.204021655
          ],
          [
            18.528270256,
            68.204109067
          ],
          [
            18.528370708,
            68.204145406
          ],
          [
            18.52871287,
            68.204225784
          ],
          [
            18.529270019,
            68.204333111
          ],
          [
            18.529718054,
            68.204386778
          ],
          [
            18.531527994,
            68.204557008
          ],
          [
            18.531779596,
            68.204590216
          ],
          [
            18.532185165,
            68.20471691
          ],
          [
            18.532362371,
            68.204785661
          ],
          [
            18.532698046,
            68.204958571
          ],
          [
            18.533113237,
            68.205091678
          ],
          [
            18.533248062,
            68.205150382
          ],
          [
            18.533606489,
            68.205252005
          ],
          [
            18.533896413,
            68.205311554
          ],
          [
            18.534269357,
            68.205414338
          ],
          [
            18.534706779,
            68.205553884
          ],
          [
            18.535153243,
            68.205673215
          ],
          [
            18.535347082,
            68.205751551
          ],
          [
            18.536090674,
            68.205992918
          ],
          [
            18.53689905,
            68.206180108
          ],
          [
            18.537923547,
            68.206470461
          ],
          [
            18.538782125,
            68.20681354
          ],
          [
            18.539605176,
            68.207107688
          ],
          [
            18.539832279,
            68.207211994
          ],
          [
            18.540113733,
            68.20731795
          ],
          [
            18.540409184,
            68.207500048
          ],
          [
            18.540668078,
            68.207572921
          ],
          [
            18.541100185,
            68.207777914
          ],
          [
            18.541517805,
            68.20803546
          ],
          [
            18.541576094,
            68.208277005
          ],
          [
            18.541708927,
            68.208377725
          ],
          [
            18.541978252,
            68.208684998
          ],
          [
            18.542238811,
            68.208848987
          ],
          [
            18.542769636,
            68.209089653
          ],
          [
            18.543697158,
            68.209381803
          ],
          [
            18.543955534,
            68.209450658
          ],
          [
            18.544211353,
            68.209500788
          ],
          [
            18.544944579,
            68.209559323
          ],
          [
            18.546178531,
            68.209585595
          ],
          [
            18.548336145,
            68.209796799
          ],
          [
            18.549829068,
            68.209974995
          ],
          [
            18.550451557,
            68.21006778
          ],
          [
            18.551001347,
            68.210156568
          ],
          [
            18.551300455,
            68.210232687
          ],
          [
            18.551486317,
            68.210298871
          ],
          [
            18.551621904,
            68.210392826
          ],
          [
            18.551901376,
            68.21053634
          ],
          [
            18.552493239,
            68.210879048
          ],
          [
            18.552824629,
            68.211111391
          ],
          [
            18.553926522,
            68.211778238
          ],
          [
            18.55455501,
            68.21212426
          ],
          [
            18.554850717,
            68.21233315
          ],
          [
            18.555102291,
            68.212457075
          ],
          [
            18.555181969,
            68.212564153
          ],
          [
            18.555333892,
            68.212645728
          ],
          [
            18.555647043,
            68.212771172
          ],
          [
            18.556000827,
            68.212956163
          ],
          [
            18.556510978,
            68.213307114
          ],
          [
            18.557024495,
            68.213577552
          ],
          [
            18.557358278,
            68.213800459
          ],
          [
            18.557584609,
            68.213898049
          ],
          [
            18.557683413,
            68.213960526
          ],
          [
            18.557791192,
            68.214140803
          ],
          [
            18.557883548,
            68.214208762
          ],
          [
            18.558307463,
            68.214352205
          ],
          [
            18.559314452,
            68.21495647
          ],
          [
            18.559532718,
            68.214995222
          ],
          [
            18.559724382,
            68.215050568
          ],
          [
            18.559873399,
            68.215110753
          ],
          [
            18.560176558,
            68.215189448
          ],
          [
            18.560537599,
            68.215242927
          ],
          [
            18.560790009,
            68.215319907
          ],
          [
            18.561160682,
            68.215521996
          ],
          [
            18.561272339,
            68.215546687
          ],
          [
            18.561403561,
            68.215608547
          ],
          [
            18.56161562,
            68.215733214
          ],
          [
            18.561805345,
            68.215852944
          ],
          [
            18.561885595,
            68.215964031
          ],
          [
            18.5618381,
            68.216090946
          ],
          [
            18.561741689,
            68.21622952
          ],
          [
            18.561709715,
            68.216364195
          ],
          [
            18.562432998,
            68.216846474
          ],
          [
            18.563175503,
            68.217258631
          ],
          [
            18.563704703,
            68.217598412
          ],
          [
            18.564955748,
            68.218348038
          ],
          [
            18.566545323,
            68.21925768
          ],
          [
            18.567183657,
            68.219723068
          ],
          [
            18.567457144,
            68.219882038
          ],
          [
            18.567909972,
            68.220196972
          ],
          [
            18.569043137,
            68.220810465
          ],
          [
            18.569283112,
            68.220903419
          ],
          [
            18.570099736,
            68.22127881
          ],
          [
            18.570486988,
            68.221429588
          ],
          [
            18.57081068,
            68.221587303
          ],
          [
            18.571129592,
            68.221718399
          ],
          [
            18.571478087,
            68.221813999
          ],
          [
            18.571827092,
            68.221952359
          ],
          [
            18.57232356,
            68.222308971
          ],
          [
            18.572943118,
            68.222470012
          ],
          [
            18.573450416,
            68.222647211
          ],
          [
            18.573842037,
            68.222821941
          ],
          [
            18.574441787,
            68.223192014
          ],
          [
            18.574807121,
            68.22334066
          ],
          [
            18.575146671,
            68.223505992
          ],
          [
            18.575809596,
            68.223906576
          ],
          [
            18.577267783,
            68.224602833
          ],
          [
            18.577671051,
            68.224841435
          ],
          [
            18.579152838,
            68.225587898
          ],
          [
            18.579524013,
            68.225768473
          ],
          [
            18.580108,
            68.226010582
          ],
          [
            18.580691081,
            68.226287476
          ],
          [
            18.581525836,
            68.226721185
          ],
          [
            18.581872176,
            68.226883664
          ],
          [
            18.582445169,
            68.227104653
          ],
          [
            18.583008575,
            68.227590577
          ],
          [
            18.583282267,
            68.22774952
          ],
          [
            18.583716839,
            68.228080916
          ],
          [
            18.584505968,
            68.228579925
          ],
          [
            18.584882946,
            68.228752326
          ],
          [
            18.58546553,
            68.229052525
          ],
          [
            18.586721639,
            68.229466662
          ],
          [
            18.587511592,
            68.229709326
          ],
          [
            18.587923969,
            68.229863577
          ],
          [
            18.588699259,
            68.230248241
          ],
          [
            18.589398348,
            68.230504098
          ],
          [
            18.590538559,
            68.230985538
          ],
          [
            18.590889017,
            68.231189587
          ],
          [
            18.59174388,
            68.231539976
          ],
          [
            18.592018496,
            68.231724746
          ],
          [
            18.592389598,
            68.231888143
          ],
          [
            18.592938235,
            68.232182883
          ],
          [
            18.593443845,
            68.23240667
          ],
          [
            18.594412988,
            68.23289549
          ],
          [
            18.594751982,
            68.233006333
          ],
          [
            18.595013835,
            68.233127334
          ],
          [
            18.595697357,
            68.233519858
          ],
          [
            18.596030578,
            68.233673605
          ],
          [
            18.596282394,
            68.233816252
          ],
          [
            18.597085518,
            68.234373774
          ],
          [
            18.597368542,
            68.234635787
          ],
          [
            18.598055473,
            68.235474388
          ],
          [
            18.598104734,
            68.235611956
          ],
          [
            18.598089045,
            68.235748651
          ],
          [
            18.598195559,
            68.235884628
          ],
          [
            18.598355749,
            68.23607256
          ],
          [
            18.598799099,
            68.236415616
          ],
          [
            18.599054814,
            68.236648992
          ],
          [
            18.599239479,
            68.236887006
          ],
          [
            18.599532959,
            68.23734376
          ],
          [
            18.599563534,
            68.23756734
          ],
          [
            18.599726934,
            68.237771208
          ],
          [
            18.599804771,
            68.238014853
          ],
          [
            18.59986967,
            68.238301604
          ],
          [
            18.599819682,
            68.238554136
          ],
          [
            18.59982793,
            68.238738258
          ],
          [
            18.599932564,
            68.239007872
          ],
          [
            18.600065459,
            68.239525188
          ],
          [
            18.600516964,
            68.240087097
          ],
          [
            18.600670883,
            68.240315277
          ],
          [
            18.600807319,
            68.240706922
          ],
          [
            18.60094728,
            68.240980754
          ],
          [
            18.600924109,
            68.241161911
          ],
          [
            18.600991828,
            68.241437669
          ],
          [
            18.601126146,
            68.241795192
          ],
          [
            18.601215071,
            68.242218594
          ],
          [
            18.601156855,
            68.242519197
          ],
          [
            18.601102265,
            68.243778956
          ],
          [
            18.601014615,
            68.243977588
          ],
          [
            18.601031793,
            68.244180666
          ],
          [
            18.600821081,
            68.244562494
          ],
          [
            18.600661545,
            68.244949553
          ],
          [
            18.60044561,
            68.245350409
          ],
          [
            18.600237553,
            68.245591674
          ],
          [
            18.60023297,
            68.245767155
          ],
          [
            18.599962496,
            68.246283928
          ],
          [
            18.599894073,
            68.246665149
          ],
          [
            18.599722265,
            68.247240266
          ],
          [
            18.599753559,
            68.247457076
          ],
          [
            18.599703224,
            68.247705987
          ],
          [
            18.599588237,
            68.24784822
          ],
          [
            18.599523368,
            68.24803654
          ],
          [
            18.599490216,
            68.248455133
          ],
          [
            18.599004648,
            68.249617406
          ],
          [
            18.598901541,
            68.24991095
          ],
          [
            18.598912828,
            68.249999986
          ],
          [
            18.598712547,
            68.250558069
          ],
          [
            18.598411448,
            68.250893402
          ],
          [
            18.598035837,
            68.251434129
          ],
          [
            18.597842031,
            68.251581993
          ],
          [
            18.597606876,
            68.251927311
          ],
          [
            18.597464349,
            68.252073426
          ],
          [
            18.597360753,
            68.252275768
          ],
          [
            18.597224549,
            68.25246714
          ],
          [
            18.597173023,
            68.252631349
          ],
          [
            18.596994442,
            68.252851249
          ],
          [
            18.596813845,
            68.25319313
          ],
          [
            18.596713658,
            68.253325653
          ],
          [
            18.596486623,
            68.253481985
          ],
          [
            18.596368602,
            68.253633712
          ],
          [
            18.596091244,
            68.253793513
          ],
          [
            18.595432404,
            68.254245075
          ],
          [
            18.59528574,
            68.254370313
          ],
          [
            18.595031792,
            68.254468726
          ],
          [
            18.594858877,
            68.254640195
          ],
          [
            18.594639699,
            68.254720709
          ],
          [
            18.593795202,
            68.25509027
          ],
          [
            18.593380278,
            68.255242218
          ],
          [
            18.592488626,
            68.255632399
          ],
          [
            18.592165017,
            68.255754553
          ],
          [
            18.591626711,
            68.255898692
          ],
          [
            18.59128525,
            68.256011197
          ],
          [
            18.591008291,
            68.256073006
          ],
          [
            18.590699632,
            68.256170474
          ],
          [
            18.590394429,
            68.256287781
          ],
          [
            18.590294364,
            68.256386417
          ],
          [
            18.590106014,
            68.256471548
          ],
          [
            18.589745769,
            68.256739456
          ],
          [
            18.589542695,
            68.256820171
          ],
          [
            18.589210497,
            68.257136997
          ],
          [
            18.589065524,
            68.257328981
          ],
          [
            18.588845436,
            68.257687511
          ],
          [
            18.588816307,
            68.257786114
          ],
          [
            18.588704256,
            68.257944226
          ],
          [
            18.588613275,
            68.258157354
          ],
          [
            18.588485582,
            68.258283306
          ],
          [
            18.588349267,
            68.258502569
          ],
          [
            18.588476376,
            68.258659682
          ],
          [
            18.588559239,
            68.258848325
          ],
          [
            18.588706179,
            68.259190521
          ],
          [
            18.588723573,
            68.259361195
          ],
          [
            18.588564307,
            68.259454615
          ],
          [
            18.588600101,
            68.259569708
          ],
          [
            18.588419249,
            68.25969768
          ],
          [
            18.588380909,
            68.259772994
          ],
          [
            18.58769716,
            68.260114904
          ],
          [
            18.587535591,
            68.260215926
          ],
          [
            18.587441441,
            68.260331426
          ],
          [
            18.587262763,
            68.260467451
          ],
          [
            18.586807837,
            68.260709119
          ],
          [
            18.586764066,
            68.260781523
          ],
          [
            18.586485027,
            68.260934507
          ],
          [
            18.586257816,
            68.261009936
          ],
          [
            18.586025345,
            68.261060832
          ],
          [
            18.585632418,
            68.261107448
          ],
          [
            18.585483683,
            68.261137234
          ],
          [
            18.585302414,
            68.261192054
          ],
          [
            18.585005465,
            68.261243693
          ],
          [
            18.58470953,
            68.261320172
          ],
          [
            18.584470131,
            68.261356916
          ],
          [
            18.583602825,
            68.261632466
          ],
          [
            18.583403794,
            68.261682071
          ],
          [
            18.583114006,
            68.261792392
          ],
          [
            18.582803285,
            68.261935776
          ],
          [
            18.582226856,
            68.262077254
          ],
          [
            18.582414224,
            68.262141386
          ],
          [
            18.582692815,
            68.262207827
          ],
          [
            18.582793732,
            68.262251701
          ],
          [
            18.583621945,
            68.262486914
          ],
          [
            18.58404119,
            68.262708767
          ],
          [
            18.584269171,
            68.262754022
          ],
          [
            18.584479306,
            68.262826356
          ],
          [
            18.584534505,
            68.262926705
          ],
          [
            18.584702284,
            68.262974776
          ],
          [
            18.584799896,
            68.263071021
          ],
          [
            18.584614918,
            68.263231205
          ],
          [
            18.584455071,
            68.263438351
          ],
          [
            18.584138329,
            68.263545787
          ],
          [
            18.583573172,
            68.263679777
          ],
          [
            18.582853971,
            68.263806353
          ],
          [
            18.582627883,
            68.26387498
          ],
          [
            18.582408443,
            68.263988624
          ],
          [
            18.582219416,
            68.264141374
          ],
          [
            18.581902281,
            68.26452972
          ],
          [
            18.581391601,
            68.264814751
          ],
          [
            18.5811549,
            68.265082317
          ],
          [
            18.581125468,
            68.265201349
          ],
          [
            18.58086244,
            68.265372631
          ],
          [
            18.580786421,
            68.265459452
          ],
          [
            18.580742236,
            68.265540827
          ],
          [
            18.580708202,
            68.265783502
          ],
          [
            18.580589846,
            68.266076765
          ],
          [
            18.580371093,
            68.266215997
          ],
          [
            18.580236839,
            68.266340547
          ],
          [
            18.580150239,
            68.2673564
          ],
          [
            18.580253435,
            68.267734115
          ],
          [
            18.580233788,
            68.267872938
          ],
          [
            18.580144371,
            68.268036195
          ],
          [
            18.580152469,
            68.268191064
          ],
          [
            18.580105469,
            68.268523126
          ],
          [
            18.579954913,
            68.26875755
          ],
          [
            18.57991302,
            68.268948022
          ],
          [
            18.57995489,
            68.269166176
          ],
          [
            18.579836104,
            68.269369234
          ],
          [
            18.579681861,
            68.269541404
          ],
          [
            18.579564646,
            68.269949257
          ],
          [
            18.579566732,
            68.270150044
          ],
          [
            18.579265716,
            68.270452942
          ],
          [
            18.579246535,
            68.270566346
          ],
          [
            18.579294477,
            68.270813812
          ],
          [
            18.579432983,
            68.270999653
          ],
          [
            18.580270142,
            68.27238524
          ],
          [
            18.580814257,
            68.272745563
          ],
          [
            18.581011564,
            68.27299733
          ],
          [
            18.581655986,
            68.274161469
          ],
          [
            18.58187472,
            68.274401959
          ],
          [
            18.581945264,
            68.274545441
          ],
          [
            18.581871227,
            68.274726923
          ],
          [
            18.581901358,
            68.275010026
          ],
          [
            18.582070588,
            68.275312533
          ],
          [
            18.582237891,
            68.275529844
          ],
          [
            18.582434895,
            68.27569989
          ],
          [
            18.582717288,
            68.275871177
          ],
          [
            18.583575367,
            68.276112931
          ],
          [
            18.583867766,
            68.276250436
          ],
          [
            18.584444596,
            68.276425245
          ],
          [
            18.584675372,
            68.276540967
          ],
          [
            18.585528985,
            68.276828678
          ],
          [
            18.585790475,
            68.277011728
          ],
          [
            18.585840962,
            68.277113149
          ],
          [
            18.585767032,
            68.277206914
          ],
          [
            18.585814759,
            68.277379638
          ],
          [
            18.586047544,
            68.277569585
          ],
          [
            18.586380852,
            68.277791441
          ],
          [
            18.586915828,
            68.278065172
          ],
          [
            18.587314461,
            68.278181626
          ],
          [
            18.587710235,
            68.278234693
          ],
          [
            18.587973637,
            68.2782829
          ],
          [
            18.588142498,
            68.278331064
          ],
          [
            18.588237412,
            68.278390972
          ],
          [
            18.588303528,
            68.278469735
          ],
          [
            18.588879961,
            68.278869425
          ],
          [
            18.589116598,
            68.279064791
          ],
          [
            18.589514815,
            68.279209704
          ],
          [
            18.589750481,
            68.279271387
          ],
          [
            18.589941067,
            68.279431047
          ],
          [
            18.590102604,
            68.27948375
          ],
          [
            18.590234081,
            68.279549586
          ],
          [
            18.590253385,
            68.279668412
          ],
          [
            18.590993684,
            68.280139448
          ],
          [
            18.591165365,
            68.280318323
          ],
          [
            18.591060239,
            68.28042102
          ],
          [
            18.59064451,
            68.280705524
          ],
          [
            18.590779868,
            68.280892414
          ],
          [
            18.591385975,
            68.28123161
          ],
          [
            18.591401927,
            68.281362365
          ],
          [
            18.590731838,
            68.28166835
          ],
          [
            18.5897662,
            68.28196837
          ],
          [
            18.589729773,
            68.28239477
          ],
          [
            18.590135947,
            68.282824683
          ],
          [
            18.59052693,
            68.283125935
          ],
          [
            18.5907017,
            68.283236491
          ],
          [
            18.590872842,
            68.28330704
          ],
          [
            18.590673801,
            68.283487866
          ],
          [
            18.59053171,
            68.283567531
          ],
          [
            18.590393977,
            68.283695532
          ],
          [
            18.590418846,
            68.283942991
          ],
          [
            18.590748691,
            68.284190407
          ],
          [
            18.590576101,
            68.284374776
          ],
          [
            18.590469035,
            68.284426918
          ],
          [
            18.590080703,
            68.284542832
          ],
          [
            18.589887459,
            68.284616981
          ],
          [
            18.589812308,
            68.284686847
          ],
          [
            18.589827976,
            68.284785785
          ],
          [
            18.589891378,
            68.284885516
          ],
          [
            18.589723374,
            68.285154582
          ],
          [
            18.589743117,
            68.285311768
          ],
          [
            18.589820989,
            68.285434701
          ],
          [
            18.589982409,
            68.285548951
          ],
          [
            18.590242288,
            68.285641073
          ],
          [
            18.590492322,
            68.286000202
          ],
          [
            18.590492322,
            68.286000203
          ],
          [
            18.590242288,
            68.285641073
          ],
          [
            18.589982409,
            68.285548951
          ],
          [
            18.589820989,
            68.285434702
          ],
          [
            18.589743117,
            68.285311769
          ],
          [
            18.589723375,
            68.285154582
          ],
          [
            18.589891378,
            68.284885516
          ],
          [
            18.589812308,
            68.284686847
          ],
          [
            18.589887459,
            68.284616981
          ],
          [
            18.590469035,
            68.284426919
          ],
          [
            18.590642655,
            68.28431749
          ],
          [
            18.590748691,
            68.284190407
          ],
          [
            18.590390976,
            68.28396198
          ],
          [
            18.590606659,
            68.283815033
          ],
          [
            18.591435022,
            68.283548269
          ],
          [
            18.592240999,
            68.283529856
          ],
          [
            18.592594992,
            68.283649581
          ],
          [
            18.592991666,
            68.283704584
          ],
          [
            18.593277449,
            68.283792163
          ],
          [
            18.593589218,
            68.283909196
          ],
          [
            18.593735547,
            68.28400196
          ],
          [
            18.594435024,
            68.284262281
          ],
          [
            18.594848549,
            68.284365024
          ],
          [
            18.595028571,
            68.284383443
          ],
          [
            18.595539198,
            68.284562111
          ],
          [
            18.596327578,
            68.284746438
          ],
          [
            18.597011745,
            68.284875963
          ],
          [
            18.597455047,
            68.284994815
          ],
          [
            18.598713592,
            68.285282277
          ],
          [
            18.600111107,
            68.285763713
          ],
          [
            18.60067587,
            68.286009977
          ],
          [
            18.600974849,
            68.286101784
          ],
          [
            18.602081609,
            68.286362931
          ],
          [
            18.602472123,
            68.286491959
          ],
          [
            18.603260166,
            68.286822578
          ],
          [
            18.604103808,
            68.286994061
          ],
          [
            18.604647974,
            68.287201301
          ],
          [
            18.605054615,
            68.287306639
          ],
          [
            18.606094451,
            68.287316586
          ],
          [
            18.606351186,
            68.287364794
          ],
          [
            18.606579535,
            68.287427836
          ],
          [
            18.606923227,
            68.287567732
          ],
          [
            18.608296191,
            68.287924636
          ],
          [
            18.608812157,
            68.288076958
          ],
          [
            18.609601604,
            68.288264383
          ],
          [
            18.60991661,
            68.288382683
          ],
          [
            18.610258989,
            68.28848265
          ],
          [
            18.610973338,
            68.288590726
          ],
          [
            18.612145526,
            68.288680972
          ],
          [
            18.612542917,
            68.288793517
          ],
          [
            18.614118957,
            68.289480158
          ],
          [
            18.614407912,
            68.289641384
          ],
          [
            18.614622877,
            68.289799674
          ],
          [
            18.614707408,
            68.290007881
          ],
          [
            18.615173262,
            68.290300621
          ],
          [
            18.615724632,
            68.290576304
          ],
          [
            18.616614905,
            68.290814348
          ],
          [
            18.616972111,
            68.290888057
          ],
          [
            18.617789359,
            68.291155132
          ],
          [
            18.619451394,
            68.291395184
          ],
          [
            18.620308854,
            68.29180107
          ],
          [
            18.621555383,
            68.292252025
          ],
          [
            18.622400334,
            68.292390589
          ],
          [
            18.623144324,
            68.292589355
          ],
          [
            18.624236039,
            68.292919881
          ],
          [
            18.62481236,
            68.293039145
          ],
          [
            18.625376656,
            68.293198559
          ],
          [
            18.626943201,
            68.293500154
          ],
          [
            18.627269279,
            68.293595342
          ],
          [
            18.62802197,
            68.293762864
          ],
          [
            18.629291167,
            68.293990704
          ],
          [
            18.629746944,
            68.294132621
          ],
          [
            18.631888433,
            68.294485508
          ],
          [
            18.632708629,
            68.294675923
          ],
          [
            18.633495721,
            68.295024227
          ],
          [
            18.634523356,
            68.295299026
          ],
          [
            18.635507563,
            68.295474043
          ],
          [
            18.63577086,
            68.295542607
          ],
          [
            18.63663389,
            68.295890936
          ],
          [
            18.636855247,
            68.296009898
          ],
          [
            18.637895819,
            68.296274273
          ],
          [
            18.638652806,
            68.296310283
          ],
          [
            18.640404988,
            68.296325461
          ],
          [
            18.640973124,
            68.296349514
          ],
          [
            18.641365764,
            68.296387692
          ],
          [
            18.642605815,
            68.296625522
          ],
          [
            18.643118137,
            68.296680333
          ],
          [
            18.643439649,
            68.296678359
          ],
          [
            18.643650661,
            68.296795474
          ],
          [
            18.644433942,
            68.296989984
          ],
          [
            18.644900683,
            68.297150907
          ],
          [
            18.645192404,
            68.297224817
          ],
          [
            18.645510936,
            68.297343149
          ],
          [
            18.645835851,
            68.297505309
          ],
          [
            18.646463801,
            68.297686552
          ],
          [
            18.647037685,
            68.297806021
          ],
          [
            18.648519871,
            68.298158999
          ],
          [
            18.648707367,
            68.298289352
          ],
          [
            18.64904068,
            68.298700956
          ],
          [
            18.649175283,
            68.298932764
          ],
          [
            18.649223296,
            68.29920399
          ],
          [
            18.649189121,
            68.299416334
          ],
          [
            18.649303782,
            68.299618147
          ],
          [
            18.649505582,
            68.299770129
          ],
          [
            18.649835822,
            68.299932704
          ],
          [
            18.649945142,
            68.300078531
          ],
          [
            18.650083697,
            68.300150018
          ],
          [
            18.650271318,
            68.300396462
          ],
          [
            18.650390634,
            68.300444801
          ],
          [
            18.650982283,
            68.300837154
          ],
          [
            18.651265821,
            68.300933798
          ],
          [
            18.651614638,
            68.301014439
          ],
          [
            18.651851638,
            68.301098881
          ],
          [
            18.652400038,
            68.301248373
          ],
          [
            18.653243933,
            68.301439495
          ],
          [
            18.653572637,
            68.301556431
          ],
          [
            18.653806907,
            68.301691582
          ],
          [
            18.653952677,
            68.301818525
          ],
          [
            18.654053913,
            68.301967447
          ],
          [
            18.654527539,
            68.30223318
          ],
          [
            18.654678414,
            68.302383886
          ],
          [
            18.655326289,
            68.302725561
          ],
          [
            18.655356022,
            68.302865068
          ],
          [
            18.655788828,
            68.303293133
          ],
          [
            18.655914319,
            68.30349281
          ],
          [
            18.655886628,
            68.303652467
          ],
          [
            18.656097866,
            68.303773049
          ],
          [
            18.656213315,
            68.303882567
          ],
          [
            18.656422482,
            68.303950279
          ],
          [
            18.656719485,
            68.304092464
          ],
          [
            18.657205001,
            68.304282514
          ],
          [
            18.657625998,
            68.304404798
          ],
          [
            18.658013749,
            68.304551616
          ],
          [
            18.658416674,
            68.304736517
          ],
          [
            18.659706805,
            68.305044037
          ],
          [
            18.660356246,
            68.305252606
          ],
          [
            18.660726776,
            68.305385416
          ],
          [
            18.660923333,
            68.305541427
          ],
          [
            18.662360903,
            68.306093435
          ],
          [
            18.662790934,
            68.306225758
          ],
          [
            18.663610841,
            68.306426001
          ],
          [
            18.663878144,
            68.306469062
          ],
          [
            18.664081991,
            68.306550041
          ],
          [
            18.664293669,
            68.306600003
          ],
          [
            18.664577815,
            68.306637419
          ],
          [
            18.665063261,
            68.30673194
          ],
          [
            18.665741062,
            68.306923455
          ],
          [
            18.666054506,
            68.306984476
          ],
          [
            18.666355978,
            68.307007755
          ],
          [
            18.667056113,
            68.307363546
          ],
          [
            18.667797188,
            68.307529361
          ],
          [
            18.6695448,
            68.307841891
          ],
          [
            18.670558118,
            68.30813465
          ],
          [
            18.672336258,
            68.30873361
          ],
          [
            18.672752876,
            68.30881955
          ],
          [
            18.674752811,
            68.308911825
          ],
          [
            18.675576058,
            68.308999938
          ],
          [
            18.675867788,
            68.309128429
          ],
          [
            18.676126074,
            68.309201618
          ],
          [
            18.676563027,
            68.309276348
          ],
          [
            18.677025401,
            68.309285914
          ],
          [
            18.677995754,
            68.309408536
          ],
          [
            18.678591157,
            68.309518627
          ],
          [
            18.678872841,
            68.309652115
          ],
          [
            18.678911687,
            68.309748312
          ],
          [
            18.678834185,
            68.309901244
          ],
          [
            18.679060443,
            68.310217564
          ],
          [
            18.679279399,
            68.31039408
          ],
          [
            18.679648796,
            68.310532167
          ],
          [
            18.68018961,
            68.310654931
          ],
          [
            18.680781759,
            68.310881957
          ],
          [
            18.683193988,
            68.3116014
          ],
          [
            18.684731594,
            68.311721126
          ],
          [
            18.685223925,
            68.311747406
          ],
          [
            18.685745515,
            68.31174529
          ],
          [
            18.687058434,
            68.31183253
          ],
          [
            18.687615606,
            68.311888931
          ],
          [
            18.687924755,
            68.311959054
          ],
          [
            18.688247749,
            68.311982241
          ],
          [
            18.688666721,
            68.311960787
          ],
          [
            18.689850232,
            68.311810141
          ],
          [
            18.69051278,
            68.311886474
          ],
          [
            18.691375833,
            68.311827267
          ],
          [
            18.691777277,
            68.311817861
          ],
          [
            18.692233625,
            68.311884837
          ],
          [
            18.693568102,
            68.31229749
          ],
          [
            18.694934565,
            68.312485765
          ],
          [
            18.695270379,
            68.312502699
          ],
          [
            18.696089593,
            68.312652882
          ],
          [
            18.697756059,
            68.312848999
          ],
          [
            18.699018885,
            68.312943457
          ],
          [
            18.699668012,
            68.312954992
          ],
          [
            18.70022064,
            68.312941623
          ],
          [
            18.700709478,
            68.312921127
          ],
          [
            18.702005091,
            68.312816319
          ],
          [
            18.702527478,
            68.312796069
          ],
          [
            18.703314393,
            68.312791132
          ],
          [
            18.705239334,
            68.312854365
          ],
          [
            18.705909704,
            68.312902097
          ],
          [
            18.707016835,
            68.312918839
          ],
          [
            18.709200997,
            68.313086859
          ],
          [
            18.70983709,
            68.313101923
          ],
          [
            18.710737366,
            68.313052009
          ],
          [
            18.711509469,
            68.313033602
          ],
          [
            18.712047403,
            68.313046445
          ],
          [
            18.712474366,
            68.313088134
          ],
          [
            18.713395286,
            68.313107217
          ],
          [
            18.71431459,
            68.313203932
          ],
          [
            18.714770031,
            68.313288394
          ],
          [
            18.716207686,
            68.313350563
          ],
          [
            18.717217977,
            68.313435593
          ],
          [
            18.718153036,
            68.313583542
          ],
          [
            18.719060403,
            68.31373197
          ],
          [
            18.719318861,
            68.313799333
          ],
          [
            18.719756425,
            68.31418186
          ],
          [
            18.720792983,
            68.314471782
          ],
          [
            18.721386518,
            68.314553813
          ],
          [
            18.722720104,
            68.314561276
          ],
          [
            18.723264788,
            68.314695488
          ],
          [
            18.724090425,
            68.31485559
          ],
          [
            18.724826398,
            68.314965917
          ],
          [
            18.725538722,
            68.314999644
          ],
          [
            18.727225878,
            68.314949529
          ],
          [
            18.728672939,
            68.314975496
          ],
          [
            18.729819225,
            68.315037527
          ],
          [
            18.730192494,
            68.315133652
          ],
          [
            18.730704189,
            68.31544299
          ],
          [
            18.731200101,
            68.315629382
          ],
          [
            18.732093098,
            68.315880675
          ],
          [
            18.732635239,
            68.315994371
          ],
          [
            18.733344897,
            68.316115393
          ],
          [
            18.733858106,
            68.31600369
          ],
          [
            18.734457015,
            68.315911019
          ],
          [
            18.736769497,
            68.315973026
          ],
          [
            18.738198173,
            68.316071115
          ],
          [
            18.738591261,
            68.316320906
          ],
          [
            18.738241601,
            68.317271754
          ],
          [
            18.73802522,
            68.317747899
          ],
          [
            18.738607677,
            68.318081507
          ],
          [
            18.739490407,
            68.318293128
          ],
          [
            18.739557316,
            68.318491961
          ],
          [
            18.74024477,
            68.318813064
          ],
          [
            18.740696681,
            68.31918668
          ],
          [
            18.741865206,
            68.319787305
          ],
          [
            18.742073124,
            68.320101463
          ],
          [
            18.742307557,
            68.320274802
          ],
          [
            18.742746155,
            68.320386771
          ],
          [
            18.743147116,
            68.320553059
          ],
          [
            18.7430326,
            68.320703672
          ],
          [
            18.742916483,
            68.320971934
          ],
          [
            18.742937727,
            68.321223337
          ],
          [
            18.743409824,
            68.321594742
          ],
          [
            18.743741341,
            68.321741616
          ],
          [
            18.744129081,
            68.321978294
          ],
          [
            18.744709926,
            68.322240461
          ],
          [
            18.745353394,
            68.322641864
          ],
          [
            18.745568527,
            68.322963231
          ],
          [
            18.745863906,
            68.323089032
          ],
          [
            18.746104502,
            68.3233434
          ],
          [
            18.746464669,
            68.323606104
          ],
          [
            18.747150573,
            68.323842572
          ],
          [
            18.748410424,
            68.324199938
          ],
          [
            18.749393437,
            68.324868628
          ],
          [
            18.749710458,
            68.325130897
          ],
          [
            18.750851746,
            68.325490342
          ],
          [
            18.751322984,
            68.325680327
          ],
          [
            18.751809255,
            68.325974317
          ],
          [
            18.752003278,
            68.326151297
          ],
          [
            18.752440383,
            68.326443471
          ],
          [
            18.752729745,
            68.326916322
          ],
          [
            18.753166269,
            68.327203818
          ],
          [
            18.753292018,
            68.327489781
          ],
          [
            18.753591215,
            68.32774456
          ],
          [
            18.753765326,
            68.327816456
          ],
          [
            18.75392104,
            68.327844161
          ],
          [
            18.754433901,
            68.327839775
          ],
          [
            18.754632069,
            68.32785267
          ],
          [
            18.75513383,
            68.327909396
          ],
          [
            18.755557617,
            68.328000301
          ],
          [
            18.755895968,
            68.328214553
          ],
          [
            18.756604201,
            68.32849489
          ],
          [
            18.7566382,
            68.328855107
          ],
          [
            18.756755409,
            68.328928008
          ],
          [
            18.756965024,
            68.328931326
          ],
          [
            18.757481166,
            68.32885424
          ],
          [
            18.757845254,
            68.328826705
          ],
          [
            18.758042826,
            68.328834921
          ],
          [
            18.759121436,
            68.328989194
          ],
          [
            18.759656327,
            68.329007832
          ],
          [
            18.760163193,
            68.329005878
          ],
          [
            18.760260789,
            68.329025235
          ],
          [
            18.761188171,
            68.329430533
          ],
          [
            18.761439731,
            68.329512763
          ],
          [
            18.761703126,
            68.32968616
          ],
          [
            18.762072127,
            68.329745219
          ],
          [
            18.762107089,
            68.329770372
          ],
          [
            18.762173311,
            68.330036299
          ],
          [
            18.762244802,
            68.330147495
          ],
          [
            18.76237868,
            68.330299757
          ],
          [
            18.76277896,
            68.330599589
          ],
          [
            18.762818224,
            68.33070667
          ],
          [
            18.762699818,
            68.3309665
          ],
          [
            18.76266819,
            68.331259935
          ],
          [
            18.762611971,
            68.331364024
          ],
          [
            18.762395294,
            68.33155062
          ],
          [
            18.762336087,
            68.331680535
          ],
          [
            18.762328089,
            68.331814227
          ],
          [
            18.762546579,
            68.332227405
          ],
          [
            18.762522845,
            68.332288743
          ],
          [
            18.76223749,
            68.332483587
          ],
          [
            18.762069133,
            68.332505316
          ],
          [
            18.761602267,
            68.332522967
          ],
          [
            18.761194196,
            68.332602834
          ],
          [
            18.760650437,
            68.332858487
          ],
          [
            18.75999484,
            68.333034115
          ],
          [
            18.759895494,
            68.333099136
          ],
          [
            18.759784583,
            68.333368202
          ],
          [
            18.75963684,
            68.333548887
          ],
          [
            18.759178309,
            68.333826454
          ],
          [
            18.758793167,
            68.333985571
          ],
          [
            18.758693897,
            68.334148995
          ],
          [
            18.758697743,
            68.334423056
          ],
          [
            18.758412936,
            68.334622568
          ],
          [
            18.758296198,
            68.334798016
          ],
          [
            18.758352083,
            68.334984465
          ],
          [
            18.758294623,
            68.335079202
          ],
          [
            18.758296524,
            68.335191632
          ],
          [
            18.758159248,
            68.335306526
          ],
          [
            18.757979585,
            68.335534634
          ],
          [
            18.757703167,
            68.335701194
          ],
          [
            18.757587592,
            68.33583679
          ],
          [
            18.757480542,
            68.336087042
          ],
          [
            18.757484413,
            68.336410305
          ],
          [
            18.757563176,
            68.336577605
          ],
          [
            18.757810717,
            68.336823922
          ],
          [
            18.758265347,
            68.337200122
          ],
          [
            18.758470048,
            68.337360506
          ],
          [
            18.758978524,
            68.337613915
          ],
          [
            18.759398174,
            68.337915756
          ],
          [
            18.76002659,
            68.33850677
          ],
          [
            18.760420234,
            68.338998852
          ],
          [
            18.760531787,
            68.339076537
          ],
          [
            18.760674371,
            68.339148986
          ],
          [
            18.760957976,
            68.339232993
          ],
          [
            18.761537801,
            68.339351581
          ],
          [
            18.762335592,
            68.339585794
          ],
          [
            18.762685116,
            68.339591311
          ],
          [
            18.762828874,
            68.339623907
          ],
          [
            18.762942817,
            68.339671089
          ],
          [
            18.763304648,
            68.339917715
          ],
          [
            18.763834543,
            68.340091069
          ],
          [
            18.764029282,
            68.340174306
          ],
          [
            18.764271909,
            68.340235605
          ],
          [
            18.764407273,
            68.34030115
          ],
          [
            18.764481488,
            68.340384181
          ],
          [
            18.764608258,
            68.340578743
          ],
          [
            18.764678385,
            68.340776653
          ],
          [
            18.765150864,
            68.341044742
          ],
          [
            18.765283307,
            68.341185314
          ],
          [
            18.765350401,
            68.341359848
          ],
          [
            18.765264964,
            68.3414832
          ],
          [
            18.765128846,
            68.341558249
          ],
          [
            18.764886672,
            68.341646894
          ],
          [
            18.764338682,
            68.341773766
          ],
          [
            18.764142068,
            68.341920177
          ],
          [
            18.76386146,
            68.342981844
          ],
          [
            18.764002719,
            68.343190207
          ],
          [
            18.763972202,
            68.343394589
          ],
          [
            18.764030019,
            68.343609025
          ],
          [
            18.763942308,
            68.343896519
          ],
          [
            18.763814681,
            68.34403702
          ],
          [
            18.76372867,
            68.344204897
          ],
          [
            18.763661141,
            68.344466167
          ],
          [
            18.763491848,
            68.344822961
          ],
          [
            18.763492665,
            68.345024444
          ],
          [
            18.76369976,
            68.34534879
          ],
          [
            18.763667719,
            68.345541483
          ],
          [
            18.763748437,
            68.345772008
          ],
          [
            18.764003083,
            68.346022877
          ],
          [
            18.764108963,
            68.346105347
          ],
          [
            18.764450901,
            68.34624689
          ],
          [
            18.765148194,
            68.346389157
          ],
          [
            18.765633036,
            68.346556279
          ],
          [
            18.765864351,
            68.346676352
          ],
          [
            18.766048075,
            68.3468207
          ],
          [
            18.766218476,
            68.346911396
          ],
          [
            18.766417905,
            68.347078894
          ],
          [
            18.766652517,
            68.347175479
          ],
          [
            18.766799126,
            68.347278311
          ],
          [
            18.767006534,
            68.347555788
          ],
          [
            18.767278763,
            68.348087501
          ],
          [
            18.76717718,
            68.348574305
          ],
          [
            18.767103473,
            68.34869042
          ],
          [
            18.76697097,
            68.348793521
          ],
          [
            18.766885269,
            68.348963738
          ],
          [
            18.766730546,
            68.349139866
          ],
          [
            18.766520667,
            68.349574702
          ],
          [
            18.766519137,
            68.349806686
          ],
          [
            18.766301396,
            68.350229946
          ],
          [
            18.766349535,
            68.350404817
          ],
          [
            18.766754123,
            68.350685824
          ],
          [
            18.766850721,
            68.35079423
          ],
          [
            18.766950787,
            68.351026753
          ],
          [
            18.766897644,
            68.351203421
          ],
          [
            18.766807614,
            68.35129171
          ],
          [
            18.766761653,
            68.351426077
          ],
          [
            18.76676061,
            68.351808003
          ],
          [
            18.766826771,
            68.352169993
          ],
          [
            18.766699587,
            68.352947781
          ],
          [
            18.766616059,
            68.353183563
          ],
          [
            18.766465202,
            68.353340878
          ],
          [
            18.76638435,
            68.353548496
          ],
          [
            18.766397889,
            68.35452997
          ],
          [
            18.766325308,
            68.354849905
          ],
          [
            18.766687235,
            68.355192588
          ],
          [
            18.76675146,
            68.355442149
          ],
          [
            18.766875841,
            68.355568806
          ],
          [
            18.767005276,
            68.355636799
          ],
          [
            18.767382567,
            68.355707421
          ],
          [
            18.76759018,
            68.355839629
          ],
          [
            18.767775326,
            68.355848057
          ],
          [
            18.768146165,
            68.355820387
          ],
          [
            18.768583367,
            68.355814967
          ],
          [
            18.769112754,
            68.355773738
          ],
          [
            18.769792198,
            68.355791786
          ],
          [
            18.770972906,
            68.355900309
          ],
          [
            18.771602918,
            68.356039695
          ],
          [
            18.771995248,
            68.356108013
          ],
          [
            18.773281789,
            68.356214638
          ],
          [
            18.773457414,
            68.356247655
          ],
          [
            18.773668341,
            68.356301125
          ],
          [
            18.774304461,
            68.356612059
          ],
          [
            18.774414977,
            68.356646233
          ],
          [
            18.775260866,
            68.356751648
          ],
          [
            18.776022334,
            68.356897714
          ],
          [
            18.776227881,
            68.356972359
          ],
          [
            18.776492575,
            68.3571875
          ],
          [
            18.776565959,
            68.357499409
          ],
          [
            18.777263628,
            68.357718886
          ],
          [
            18.777479968,
            68.357751173
          ],
          [
            18.778021203,
            68.357895272
          ],
          [
            18.777139738,
            68.358346411
          ],
          [
            18.776783269,
            68.358489038
          ],
          [
            18.776412677,
            68.358603874
          ],
          [
            18.776098899,
            68.358648742
          ],
          [
            18.775466101,
            68.358546762
          ],
          [
            18.775377063,
            68.358640492
          ],
          [
            18.775417259,
            68.358803701
          ],
          [
            18.775585895,
            68.359031581
          ],
          [
            18.775749181,
            68.359148559
          ],
          [
            18.776066166,
            68.359324809
          ],
          [
            18.776162957,
            68.359356406
          ],
          [
            18.776684878,
            68.359349413
          ],
          [
            18.777303799,
            68.359217952
          ],
          [
            18.777572852,
            68.359184488
          ],
          [
            18.778125289,
            68.359046469
          ],
          [
            18.778308711,
            68.358969907
          ],
          [
            18.778561269,
            68.358915914
          ],
          [
            18.778942734,
            68.358772112
          ],
          [
            18.779224884,
            68.358896048
          ]
        ]
      },
      "properties": {
        "name": "Kungsleden",
        "type": "trail"
      }
    },
    {
      "type": "Feature",
      "geometry": {
        "type": "Point",
        "coordinates": [
          15.07595123802787,
          65.81443273514213
        ]
      },
      "properties": {
        "name": "Firesite – Grillplats Björkforsleden",
        "description": "Firesite",
        "type": "poi"
      }
    },
    {
      "type": "Feature",
      "geometry": {
        "type": "Point",
        "coordinates": [
          18.28364729960862,
          67.50356850020836
        ]
      },
      "properties": {
        "name": "Quiet places – Stora sjöfallet tyst område",
        "description": "Quiet places",
        "type": "poi"
      }
    },
    {
      "type": "Feature",
      "geometry": {
        "type": "Point",
        "coordinates": [
          15.07075213620033,
          65.79966484069806
        ]
      },
      "properties": {
        "name": "Rest area – Rastplats",
        "description": "Rest area, Firesite, Bench table",
        "type": "poi"
      }
    },
    {
      "type": "Feature",
      "geometry": {
        "type": "Point",
        "coordinates": [
          15.06175628869829,
          65.82924683515489
        ]
      },
      "properties": {
        "name": "Rest area – Rastplats Björkforsleden",
        "description": "Rest area, Firesite, Bench table",
        "type": "poi"
      }
    },
    {
      "type": "Feature",
      "geometry": {
        "type": "Point",
        "coordinates": [
          16.09389329318117,
          65.9411719034546
        ]
      },
      "properties": {
        "name": "Sauna – Bastu Aigertstugan",
        "description": "Sauna",
        "type": "poi"
      }
    },
    {
      "type": "Feature",
      "geometry": {
        "type": "Point",
        "coordinates": [
          16.11773162664227,
          66.09508679812768
        ]
      },
      "properties": {
        "name": "Sauna – Bastu Rävfallet",
        "description": "Sauna",
        "type": "poi"
      }
    },
    {
      "type": "Feature",
      "geometry": {
        "type": "Point",
        "coordinates": [
          17.24361088630772,
          66.49190526360331
        ]
      },
      "properties": {
        "name": "Accommodation – Vuonatjvikens Stugby",
        "description": "Accommodation",
        "type": "poi"
      }
    },
    {
      "type": "Feature",
      "geometry": {
        "type": "Point",
        "coordinates": [
          16.77527073611009,
          66.48244544867609
        ]
      },
      "properties": {
        "name": "Accommodation – Tjärnberg Värdshus och Stugby",
        "description": "Accommodation, Camping",
        "type": "poi"
      }
    },
    {
      "type": "Feature",
      "geometry": {
        "type": "Point",
        "coordinates": [
          16.74571641247988,
          66.2553366383967
        ]
      },
      "properties": {
        "name": "Accommodation – Gautosjö Stugby",
        "description": "Accommodation",
        "type": "poi"
      }
    },
    {
      "type": "Feature",
      "geometry": {
        "type": "Point",
        "coordinates": [
          16.99465608272746,
          66.36778608223284
        ]
      },
      "properties": {
        "name": "Accommodation – Jäckvik Fjällcenter",
        "description": "Accommodation, Camping, Ski lift",
        "type": "poi"
      }
    },
    {
      "type": "Feature",
      "geometry": {
        "type": "Point",
        "coordinates": [
          16.65416866526499,
          66.27836650127736
        ]
      },
      "properties": {
        "name": "Accommodation – Adolfström Fjällgård",
        "description": "Accommodation",
        "type": "poi"
      }
    },
    {
      "type": "Feature",
      "geometry": {
        "type": "Point",
        "coordinates": [
          16.65736506679164,
          66.27812854568779
        ]
      },
      "properties": {
        "name": "Accommodation – Adolfström Johanssons Fjällstugor",
        "description": "Accommodation",
        "type": "poi"
      }
    },
    {
      "type": "Feature",
      "geometry": {
        "type": "Point",
        "coordinates": [
          16.96606667339799,
          66.38753328588126
        ]
      },
      "properties": {
        "name": "Accommodation – Kyrkans Fjällgård Jäkkvik",
        "description": "Accommodation",
        "type": "poi"
      }
    },
    {
      "type": "Feature",
      "geometry": {
        "type": "Point",
        "coordinates": [
          16.7465021652977,
          66.25470598498842
        ]
      },
      "properties": {
        "name": "Camping – Camp Gauto",
        "description": "Camping",
        "type": "poi"
      }
    },
    {
      "type": "Feature",
      "geometry": {
        "type": "Point",
        "coordinates": [
          16.66469908246864,
          66.27738135351382
        ]
      },
      "properties": {
        "name": "Camping – Adolfström Camping",
        "description": "Camping",
        "type": "poi"
      }
    },
    {
      "type": "Feature",
      "geometry": {
        "type": "Point",
        "coordinates": [
          18.786857660614004,
          67.40229303086409
        ]
      },
      "properties": {
        "name": "Rest area – Lule älv",
        "description": "Rest area",
        "type": "poi"
      }
    },
    {
      "type": "Feature",
      "geometry": {
        "type": "Point",
        "coordinates": [
          18.383602826252655,
          67.82120587859185
        ]
      },
      "properties": {
        "name": "Fishing – Liddo- och Jerttasjörna - Liddu- och Jerttájavrit",
        "description": "Fishing",
        "type": "poi"
      }
    },
    {
      "type": "Feature",
      "geometry": {
        "type": "Point",
        "coordinates": [
          18.795749417120398,
          67.38253394879985
        ]
      },
      "properties": {
        "name": "Fishing – Langas",
        "description": "Fishing",
        "type": "poi"
      }
    },
    {
      "type": "Feature",
      "geometry": {
        "type": "Point",
        "coordinates": [
          18.33712948045262,
          67.63159230104719
        ]
      },
      "properties": {
        "name": "Fishing – Teusaätno - Dievssaetno",
        "description": "Fishing",
        "type": "poi"
      }
    },
    {
      "type": "Feature",
      "geometry": {
        "type": "Point",
        "coordinates": [
          18.056276982537625,
          67.5796166592545
        ]
      },
      "properties": {
        "name": "Fishing – Suorvamagasinet",
        "description": "Fishing",
        "type": "poi"
      }
    },
    {
      "type": "Feature",
      "geometry": {
        "type": "Point",
        "coordinates": [
          18.179191038203747,
          67.68061775259555
        ]
      },
      "properties": {
        "name": "Fishing – Teusajaure - Dievssajávri",
        "description": "Fishing",
        "type": "poi"
      }
    },
    {
      "type": "Feature",
      "geometry": {
        "type": "Point",
        "coordinates": [
          16.22450001754186,
          65.95414368475582
        ]
      },
      "properties": {
        "name": "Valuable nature – Ammarnäsdeltat Natura 2000",
        "description": "Valuable nature",
        "type": "poi"
      }
    },
    {
      "type": "Feature",
      "geometry": {
        "type": "Point",
        "coordinates": [
          15.4946494668244,
          65.98842638448502
        ]
      },
      "properties": {
        "name": "Sauna – Bastu Tärnasjöstugan",
        "description": "Sauna",
        "type": "poi"
      }
    },
    {
      "type": "Feature",
      "geometry": {
        "type": "Point",
        "coordinates": [
          16.06995724408873,
          66.00917681496733
        ]
      },
      "properties": {
        "name": "Restricted area – Fågelskyddsområde Màrsevàggie 15 maj–1 augusti",
        "description": "Restricted area",
        "type": "poi"
      }
    },
    {
      "type": "Feature",
      "geometry": {
        "type": "Point",
        "coordinates": [
          18.78504817441825,
          68.35814118844101
        ]
      },
      "properties": {
        "name": "Information – Naturum Abisko Visitor centre",
        "description": "Information, Nature Center",
        "type": "poi"
      }
    },
    {
      "type": "Feature",
      "geometry": {
        "type": "Point",
        "coordinates": [
          15.0939550889602,
          65.8376848470082
        ]
      },
      "properties": {
        "name": "Top – Lenny Lämmels sommartopp",
        "description": "Top",
        "type": "poi"
      }
    },
    {
      "type": "Feature",
      "geometry": {
        "type": "Point",
        "coordinates": [
          16.54990172451892,
          66.28652646867428
        ]
      },
      "properties": {
        "name": "Bridge – Summer bridge, Bäverholmen",
        "description": "Bridge",
        "type": "poi"
      }
    },
    {
      "type": "Feature",
      "geometry": {
        "type": "Point",
        "coordinates": [
          16.50024994931886,
          66.30123602453526
        ]
      },
      "properties": {
        "name": "Bridge – Summer bridge below Kattugglekojan",
        "description": "Bridge",
        "type": "poi"
      }
    },
    {
      "type": "Feature",
      "geometry": {
        "type": "Point",
        "coordinates": [
          18.85717448530224,
          68.29334394272664
        ]
      },
      "properties": {
        "name": "Snowmobile Ban – Område med Tillfälligt förekommande snöskoterförbud Gabna område 1. EJ AKTIVT",
        "description": "Snowmobile Ban",
        "type": "poi"
      }
    },
    {
      "type": "Feature",
      "geometry": {
        "type": "Point",
        "coordinates": [
          18.66422911942988,
          68.39724350624013
        ]
      },
      "properties": {
        "name": "Snowmobile Ban – TILLFÄLLIGT SNÖSKOTERFÖRBUD 5,  vid fjällanläggningen Björkliden. AKTIVT.",
        "description": "Snowmobile Ban",
        "type": "poi"
      }
    },
    {
      "type": "Feature",
      "geometry": {
        "type": "Point",
        "coordinates": [
          15.17684087409134,
          65.75073415305437
        ]
      },
      "properties": {
        "name": "Attraction – Täljsten i Laisholm",
        "description": "To do, Attraction, Archaeological",
        "type": "poi"
      }
    },
    {
      "type": "Feature",
      "geometry": {
        "type": "Point",
        "coordinates": [
          15.08988622860383,
          65.81958088066452
        ]
      },
      "properties": {
        "name": "Attraction – Slipstensbäcken",
        "description": "To do, Culture, Attraction, Archaeological",
        "type": "poi"
      }
    },
    {
      "type": "Feature",
      "geometry": {
        "type": "Point",
        "coordinates": [
          15.01041808050408,
          65.86640286560726
        ]
      },
      "properties": {
        "name": "Attraction – Märkesforsen",
        "description": "Attraction",
        "type": "poi"
      }
    },
    {
      "type": "Feature",
      "geometry": {
        "type": "Point",
        "coordinates": [
          15.082292497267447,
          65.82395964829385
        ]
      },
      "properties": {
        "name": "Culture – Blå Vägen mot riksgränsen",
        "description": "Culture, Recreation area",
        "type": "poi"
      }
    },
    {
      "type": "Feature",
      "geometry": {
        "type": "Point",
        "coordinates": [
          15.18967981718862,
          65.73977671865887
        ]
      },
      "properties": {
        "name": "Attraction – Gammställnäset",
        "description": "Culture, Attraction, Archaeological",
        "type": "poi"
      }
    },
    {
      "type": "Feature",
      "geometry": {
        "type": "Point",
        "coordinates": [
          15.10811876245984,
          65.94839231888187
        ]
      },
      "properties": {
        "name": "Top – Skraahpenjuenie",
        "description": "Hiking, Top",
        "type": "poi"
      }
    },
    {
      "type": "Feature",
      "geometry": {
        "type": "Point",
        "coordinates": [
          15.12040293607572,
          65.82286603842735
        ]
      },
      "properties": {
        "name": "Cabin – Fjällfinakåtan",
        "description": "Hiking, Cabin",
        "type": "poi"
      }
    },
    {
      "type": "Feature",
      "geometry": {
        "type": "Point",
        "coordinates": [
          16.85966203098036,
          66.22695989031976
        ]
      },
      "properties": {
        "name": "Shelter – Windshelter Sikselet, Märkberget",
        "description": "Shelter",
        "type": "poi"
      }
    },
    {
      "type": "Feature",
      "geometry": {
        "type": "Point",
        "coordinates": [
          18.78261099434374,
          68.35936396969251
        ]
      },
      "properties": {
        "name": "Parking – Parking spot Special permit, Abisko National park",
        "description": "Parking",
        "type": "poi"
      }
    },
    {
      "type": "Feature",
      "geometry": {
        "type": "Point",
        "coordinates": [
          18.79991099876625,
          68.3621496986676
        ]
      },
      "properties": {
        "name": "Parking – Parking spot for special permit, Abisko National park",
        "description": "Parking",
        "type": "poi"
      }
    },
    {
      "type": "Feature",
      "geometry": {
        "type": "Point",
        "coordinates": [
          18.35311105107235,
          67.47668828382314
        ]
      },
      "properties": {
        "name": "Nature Center – Naturum Laponia",
        "description": "Nature Center",
        "type": "poi"
      }
    },
    {
      "type": "Feature",
      "geometry": {
        "type": "Point",
        "coordinates": [
          18.1974778912377,
          67.9154530672893
        ]
      },
      "properties": {
        "name": "Hiking – Nikkaluokta - Ritsem",
        "description": "Hiking",
        "type": "poi"
      }
    },
    {
      "type": "Feature",
      "geometry": {
        "type": "Point",
        "coordinates": [
          18.5242905810547,
          67.9049946409745
        ]
      },
      "properties": {
        "name": "Hiking – Kebnekaise runt",
        "description": "Hiking",
        "type": "poi"
      }
    },
    {
      "type": "Feature",
      "geometry": {
        "type": "Point",
        "coordinates": [
          18.6485203870912,
          68.2983708908411
        ]
      },
      "properties": {
        "name": "Hiking – Signaturled Kungsleden, Abisko–Nikkaluokta",
        "description": "Hiking",
        "type": "poi"
      }
    },
    {
      "type": "Feature",
      "geometry": {
        "type": "Point",
        "coordinates": [
          15.1190061399928,
          65.81545296583587
        ]
      },
      "properties": {
        "name": "Viewpoint – Hemavan - Vacker utsikt",
        "description": "Hiking, Near parking, Viewpoint",
        "type": "poi"
      }
    },
    {
      "type": "Feature",
      "geometry": {
        "type": "Point",
        "coordinates": [
          18.41143414241883,
          67.11890353659368
        ]
      },
      "properties": {
        "name": "Toilet – Latrine Lájtávrre",
        "description": "Toilet",
        "type": "poi"
      }
    },
    {
      "type": "Feature",
      "geometry": {
        "type": "Point",
        "coordinates": [
          15.337940618220669,
          65.76007521793282
        ]
      },
      "properties": {
        "name": "Parking – Entré Solberg, Vindelfjällen",
        "description": "Entrance, Parking",
        "type": "poi"
      }
    },
    {
      "type": "Feature",
      "geometry": {
        "type": "Point",
        "coordinates": [
          15.6129957882799,
          65.8329775454656
        ]
      },
      "properties": {
        "name": "Accommodation – Grundträskstugan, Vindelfjällen",
        "description": "Accommodation",
        "type": "poi"
      }
    },
    {
      "type": "Feature",
      "geometry": {
        "type": "Point",
        "coordinates": [
          15.1668224338746,
          65.76887655007043
        ]
      },
      "properties": {
        "name": "Parking – Entré Laisaliden, Vindelfjällen",
        "description": "Entrance, Parking",
        "type": "poi"
      }
    },
    {
      "type": "Feature",
      "geometry": {
        "type": "Point",
        "coordinates": [
          15.103935821206708,
          65.81520716173485
        ]
      },
      "properties": {
        "name": "Parking – Parkering Hemavan, Vindelfjällen",
        "description": "Parking",
        "type": "poi"
      }
    },
    {
      "type": "Feature",
      "geometry": {
        "type": "Point",
        "coordinates": [
          15.289135142985684,
          65.87410031353376
        ]
      },
      "properties": {
        "name": "Toilet – Dass Syterskalet",
        "description": "Toilet",
        "type": "poi"
      }
    },
    {
      "type": "Feature",
      "geometry": {
        "type": "Point",
        "coordinates": [
          16.0459090340848,
          65.96425200084006
        ]
      },
      "properties": {
        "name": "Parking – Entré Tjulträsk Vindelfjällen",
        "description": "Entrance, Parking",
        "type": "poi"
      }
    },
    {
      "type": "Feature",
      "geometry": {
        "type": "Point",
        "coordinates": [
          16.23807260788581,
          65.93781621573966
        ]
      },
      "properties": {
        "name": "Shelter – Vindskydd Långflytje Vindelfjällen",
        "description": "Shelter",
        "type": "poi"
      }
    },
    {
      "type": "Feature",
      "geometry": {
        "type": "Point",
        "coordinates": [
          16.20248702583457,
          65.9519326470467
        ]
      },
      "properties": {
        "name": "Parking – Parkering Ledstart Kungsleden i Ammarnäs",
        "description": "Parking",
        "type": "poi"
      }
    },
    {
      "type": "Feature",
      "geometry": {
        "type": "Point",
        "coordinates": [
          16.04592222241943,
          65.9642473928587
        ]
      },
      "properties": {
        "name": "Parking – Parkering Tjulträsk Vindelfjällen",
        "description": "Parking",
        "type": "poi"
      }
    },
    {
      "type": "Feature",
      "geometry": {
        "type": "Point",
        "coordinates": [
          16.170742469134098,
          65.95849438591661
        ]
      },
      "properties": {
        "name": "Accommodation – Fjällhästen AB",
        "description": "Accommodation, Guide",
        "type": "poi"
      }
    },
    {
      "type": "Feature",
      "geometry": {
        "type": "Point",
        "coordinates": [
          16.194801034203703,
          66.03774795735195
        ]
      },
      "properties": {
        "name": "Parking – Parkering Höbäcken Vindelfjällen",
        "description": "Parking",
        "type": "poi"
      }
    },
    {
      "type": "Feature",
      "geometry": {
        "type": "Point",
        "coordinates": [
          16.211898,
          65.960426
        ]
      },
      "properties": {
        "name": "Accommodation – STF Ammarnäs Wärdshus ",
        "description": "Accommodation",
        "type": "poi"
      }
    },
    {
      "type": "Feature",
      "geometry": {
        "type": "Point",
        "coordinates": [
          15.090988,
          65.817627
        ]
      },
      "properties": {
        "name": "Accommodation – STF Hemavan Mountain station",
        "description": "Accommodation",
        "type": "poi"
      }
    },
    {
      "type": "Feature",
      "geometry": {
        "type": "Point",
        "coordinates": [
          18.295671,
          67.746527
        ]
      },
      "properties": {
        "name": "Accommodation – STF Kaitumjaure Mountain cabin",
        "description": "Accommodation",
        "type": "poi"
      }
    },
    {
      "type": "Feature",
      "geometry": {
        "type": "Point",
        "coordinates": [
          18.414793,
          68.136673
        ]
      },
      "properties": {
        "name": "Accommodation – STF Alesjaure Mountain cabin",
        "description": "Accommodation",
        "type": "poi"
      }
    },
    {
      "type": "Feature",
      "geometry": {
        "type": "Point",
        "coordinates": [
          18.185522,
          68.204375
        ]
      },
      "properties": {
        "name": "Accommodation – STF Unna Allakas Mountain cabin",
        "description": "Accommodation",
        "type": "poi"
      }
    },
    {
      "type": "Feature",
      "geometry": {
        "type": "Point",
        "coordinates": [
          18.489134,
          68.336512
        ]
      },
      "properties": {
        "name": "Accommodation – STF Kårsavagge Mountain cabin",
        "description": "Accommodation",
        "type": "poi"
      }
    },
    {
      "type": "Feature",
      "geometry": {
        "type": "Point",
        "coordinates": [
          18.31606,
          67.851109
        ]
      },
      "properties": {
        "name": "Accommodation – STF Singi Mountain cabin",
        "description": "Accommodation",
        "type": "poi"
      }
    },
    {
      "type": "Feature",
      "geometry": {
        "type": "Point",
        "coordinates": [
          18.155433,
          67.694756
        ]
      },
      "properties": {
        "name": "Accommodation – STF Teusajaure Mountain cabin",
        "description": "Accommodation",
        "type": "poi"
      }
    },
    {
      "type": "Feature",
      "geometry": {
        "type": "Point",
        "coordinates": [
          18.394042,
          68.017092
        ]
      },
      "properties": {
        "name": "Accommodation – STF Nallo Mountain cabin",
        "description": "Accommodation",
        "type": "poi"
      }
    },
    {
      "type": "Feature",
      "geometry": {
        "type": "Point",
        "coordinates": [
          15.15853,
          65.885314
        ]
      },
      "properties": {
        "name": "Accommodation – STF Viterskalet Mountain cabin",
        "description": "Accommodation",
        "type": "poi"
      }
    },
    {
      "type": "Feature",
      "geometry": {
        "type": "Point",
        "coordinates": [
          18.440723,
          67.232681
        ]
      },
      "properties": {
        "name": "Accommodation – STF Sitojaure Mountain cabin",
        "description": "Accommodation",
        "type": "poi"
      }
    },
    {
      "type": "Feature",
      "geometry": {
        "type": "Point",
        "coordinates": [
          18.100371,
          67.58169
        ]
      },
      "properties": {
        "name": "Accommodation – STF Vakkotavare Mountain cabin",
        "description": "Accommodation",
        "type": "poi"
      }
    },
    {
      "type": "Feature",
      "geometry": {
        "type": "Point",
        "coordinates": [
          18.305904,
          67.148672
        ]
      },
      "properties": {
        "name": "Accommodation – STF Aktse Mountain cabin",
        "description": "Accommodation",
        "type": "poi"
      }
    },
    {
      "type": "Feature",
      "geometry": {
        "type": "Point",
        "coordinates": [
          18.591137,
          68.286147
        ]
      },
      "properties": {
        "name": "Accommodation – STF Abiskojaure Mountain cabin",
        "description": "Accommodation",
        "type": "poi"
      }
    },
    {
      "type": "Feature",
      "geometry": {
        "type": "Point",
        "coordinates": [
          18.241082,
          68.051648
        ]
      },
      "properties": {
        "name": "Accommodation – STF Tjäktja Mountain cabin",
        "description": "Accommodation",
        "type": "poi"
      }
    },
    {
      "type": "Feature",
      "geometry": {
        "type": "Point",
        "coordinates": [
          18.281701,
          67.946376
        ]
      },
      "properties": {
        "name": "Accommodation – STF Sälka Mountain cabin",
        "description": "Accommodation",
        "type": "poi"
      }
    },
    {
      "type": "Feature",
      "geometry": {
        "type": "Point",
        "coordinates": [
          15.4973,
          65.988814
        ]
      },
      "properties": {
        "name": "Accommodation – STF Tärnasjö Mountain cabin",
        "description": "Accommodation",
        "type": "poi"
      }
    },
    {
      "type": "Feature",
      "geometry": {
        "type": "Point",
        "coordinates": [
          17.942996,
          67.042306
        ]
      },
      "properties": {
        "name": "Accommodation – STF Pårte Mountain cabin",
        "description": "Accommodation",
        "type": "poi"
      }
    },
    {
      "type": "Feature",
      "geometry": {
        "type": "Point",
        "coordinates": [
          15.764218,
          65.972338
        ]
      },
      "properties": {
        "name": "Accommodation – STF Serve Mountain cabin",
        "description": "Accommodation",
        "type": "poi"
      }
    },
    {
      "type": "Feature",
      "geometry": {
        "type": "Point",
        "coordinates": [
          16.094567,
          65.941376
        ]
      },
      "properties": {
        "name": "Accommodation – STF Aigert Mountain cabin",
        "description": "Accommodation",
        "type": "poi"
      }
    },
    {
      "type": "Feature",
      "geometry": {
        "type": "Point",
        "coordinates": [
          15.396695,
          65.892751
        ]
      },
      "properties": {
        "name": "Accommodation – STF Syter Mountain cabin",
        "description": "Accommodation",
        "type": "poi"
      }
    },
    {
      "type": "Feature",
      "geometry": {
        "type": "Point",
        "coordinates": [
          15.087447,
          65.812379
        ]
      },
      "properties": {
        "name": "Accommodation – STF Hemavans Fjällcenter",
        "description": "Accommodation",
        "type": "poi"
      }
    },
    {
      "type": "Feature",
      "geometry": {
        "type": "Point",
        "coordinates": [
          18.599489,
          67.919086
        ]
      },
      "properties": {
        "name": "Accommodation – STF Tarfala Mountain cabin",
        "description": "Accommodation",
        "type": "poi"
      }
    },
    {
      "type": "Feature",
      "geometry": {
        "type": "Point",
        "coordinates": [
          17.71952,
          66.953702
        ]
      },
      "properties": {
        "name": "Accommodation – STF Kvikkjokk Mountain station",
        "description": "Accommodation",
        "type": "poi"
      }
    },
    {
      "type": "Feature",
      "geometry": {
        "type": "Point",
        "coordinates": [
          18.7836344404755,
          68.3583920263142
        ]
      },
      "properties": {
        "name": "Accommodation – STF Abisko Turiststation",
        "description": "Accommodation",
        "type": "poi"
      }
    },
    {
      "type": "Feature",
      "geometry": {
        "type": "Point",
        "coordinates": [
          18.5207608,
          67.3940893
        ]
      },
      "properties": {
        "name": "Accommodation – STF Saltoluokta Mountain station",
        "description": "Accommodation",
        "type": "poi"
      }
    },
    {
      "type": "Feature",
      "geometry": {
        "type": "Point",
        "coordinates": [
          16.4748505691457,
          66.3160608416262
        ]
      },
      "properties": {
        "name": "Toilet – Latrine Kattugglekojan, Laisdalen",
        "description": "Toilet",
        "type": "poi"
      }
    },
    {
      "type": "Feature",
      "geometry": {
        "type": "Point",
        "coordinates": [
          16.767668819058713,
          66.2664417277272
        ]
      },
      "properties": {
        "name": "Toilet – Latrine Gautoberget, Laisdalen",
        "description": "Toilet",
        "type": "poi"
      }
    },
    {
      "type": "Feature",
      "geometry": {
        "type": "Point",
        "coordinates": [
          16.48948064459512,
          66.2808717169018
        ]
      },
      "properties": {
        "name": "Toilet – Latrine Bárasjuhka, Laisdalen",
        "description": "Toilet",
        "type": "poi"
      }
    },
    {
      "type": "Feature",
      "geometry": {
        "type": "Point",
        "coordinates": [
          16.746507055044276,
          66.2548263687945
        ]
      },
      "properties": {
        "name": "Information – Information sign Gautosjö, Laisdalen",
        "description": "Information",
        "type": "poi"
      }
    },
    {
      "type": "Feature",
      "geometry": {
        "type": "Point",
        "coordinates": [
          17.5892590374792,
          66.8449219122965
        ]
      },
      "properties": {
        "name": "Cabin – Stopover cabin Tsielekjåkk",
        "description": "Cabin, Emergency telephone",
        "type": "poi"
      }
    },
    {
      "type": "Feature",
      "geometry": {
        "type": "Point",
        "coordinates": [
          15.10667025114708,
          65.86535395974938
        ]
      },
      "properties": {
        "name": "Toilet – Utedass Syterbäcken",
        "description": "Toilet",
        "type": "poi"
      }
    },
    {
      "type": "Feature",
      "geometry": {
        "type": "Point",
        "coordinates": [
          15.167187345146885,
          65.76711370801924
        ]
      },
      "properties": {
        "name": "Toilet – Utedass Laisaliden",
        "description": "Toilet",
        "type": "poi"
      }
    },
    {
      "type": "Feature",
      "geometry": {
        "type": "Point",
        "coordinates": [
          15.892248839732815,
          65.95499487654153
        ]
      },
      "properties": {
        "name": "Toilet – Dass Vuomatjåhkka",
        "description": "Toilet",
        "type": "poi"
      }
    },
    {
      "type": "Feature",
      "geometry": {
        "type": "Point",
        "coordinates": [
          16.202576087838,
          65.9518360776006
        ]
      },
      "properties": {
        "name": "Parking – Ledstart Kungsleden i Ammarnäs",
        "description": "Hiking, Entrance, Parking",
        "type": "poi"
      }
    },
    {
      "type": "Feature",
      "geometry": {
        "type": "Point",
        "coordinates": [
          17.67490455566406,
          66.94011508912261
        ]
      },
      "properties": {
        "name": "Nature reserve – Pärlälvens fjällurskog",
        "description": "Nature reserve",
        "type": "poi"
      }
    },
    {
      "type": "Feature",
      "geometry": {
        "type": "Point",
        "coordinates": [
          19.04740291003418,
          68.34897601624513
        ]
      },
      "properties": {
        "name": "Nature reserve – Stordalen",
        "description": "Nature reserve",
        "type": "poi"
      }
    },
    {
      "type": "Feature",
      "geometry": {
        "type": "Point",
        "coordinates": [
          17.70258685742192,
          66.95996544906261
        ]
      },
      "properties": {
        "name": "Nature reserve – Kamajokk",
        "description": "Nature reserve",
        "type": "poi"
      }
    },
    {
      "type": "Feature",
      "geometry": {
        "type": "Point",
        "coordinates": [
          16.608993392089815,
          66.29384621247928
        ]
      },
      "properties": {
        "name": "Nature reserve – Yrafdeltat",
        "description": "Nature reserve",
        "type": "poi"
      }
    },
    {
      "type": "Feature",
      "geometry": {
        "type": "Point",
        "coordinates": [
          16.859378135674376,
          66.23912123951087
        ]
      },
      "properties": {
        "name": "Nature reserve – Märkberget",
        "description": "Nature reserve",
        "type": "poi"
      }
    },
    {
      "type": "Feature",
      "geometry": {
        "type": "Point",
        "coordinates": [
          18.80511899999999,
          68.35538
        ]
      },
      "properties": {
        "name": "Nature reserve – Abisko naturvetenskapliga station",
        "description": "Nature reserve",
        "type": "poi"
      }
    },
    {
      "type": "Feature",
      "geometry": {
        "type": "Point",
        "coordinates": [
          16.1103118938865,
          66.0379281747488
        ]
      },
      "properties": {
        "name": "Cabin – Stabburet rastskydd",
        "description": "Cabin",
        "type": "poi"
      }
    },
    {
      "type": "Feature",
      "geometry": {
        "type": "Point",
        "coordinates": [
          18.514016567604585,
          67.8924559856434
        ]
      },
      "properties": {
        "name": "Shelter – The old summit cabin, Kebnekaise",
        "description": "Shelter",
        "type": "poi"
      }
    },
    {
      "type": "Feature",
      "geometry": {
        "type": "Point",
        "coordinates": [
          18.513808738518378,
          67.8986577109477
        ]
      },
      "properties": {
        "name": "Cabin – Safety Cabin, Kebnekaise summit",
        "description": "Cabin",
        "type": "poi"
      }
    },
    {
      "type": "Feature",
      "geometry": {
        "type": "Point",
        "coordinates": [
          18.52764446708591,
          67.87895043014073
        ]
      },
      "properties": {
        "name": "Bridge – Kitteldal Bridge",
        "description": "Bridge",
        "type": "poi"
      }
    },
    {
      "type": "Feature",
      "geometry": {
        "type": "Point",
        "coordinates": [
          15.10496218606909,
          65.81603311254003
        ]
      },
      "properties": {
        "name": "Culture – Fjällbotaniska trädgården naturum Hemavan - Sevärt",
        "description": "Culture",
        "type": "poi"
      }
    },
    {
      "type": "Feature",
      "geometry": {
        "type": "Point",
        "coordinates": [
          18.79205930764147,
          68.35783576667211
        ]
      },
      "properties": {
        "name": "Camping – Tent pitch Abisko Turiststation",
        "description": "Camping",
        "type": "poi"
      }
    },
    {
      "type": "Feature",
      "geometry": {
        "type": "Point",
        "coordinates": [
          18.75615247044971,
          68.32805968642094
        ]
      },
      "properties": {
        "name": "Camping – Tent pitch Nissonjohka",
        "description": "Camping",
        "type": "poi"
      }
    },
    {
      "type": "Feature",
      "geometry": {
        "type": "Point",
        "coordinates": [
          18.59055088353773,
          68.28606117993279
        ]
      },
      "properties": {
        "name": "Camping – Tent pitch Abiskojaure Cabins",
        "description": "Camping",
        "type": "poi"
      }
    },
    {
      "type": "Feature",
      "geometry": {
        "type": "Point",
        "coordinates": [
          18.58285327359488,
          68.26226135862318
        ]
      },
      "properties": {
        "name": "Bridge – Suspension bridge Šiellajohka",
        "description": "Bridge",
        "type": "poi"
      }
    },
    {
      "type": "Feature",
      "geometry": {
        "type": "Point",
        "coordinates": [
          15.95261102127688,
          65.96584098146288
        ]
      },
      "properties": {
        "name": "Culture – Ammarnäs Rödingvik - Sevärt",
        "description": "Culture",
        "type": "poi"
      }
    },
    {
      "type": "Feature",
      "geometry": {
        "type": "Point",
        "coordinates": [
          16.32227736883328,
          65.94741951043736
        ]
      },
      "properties": {
        "name": "Culture – Ammarnäs Örnbo - Sevärt",
        "description": "Culture",
        "type": "poi"
      }
    },
    {
      "type": "Feature",
      "geometry": {
        "type": "Point",
        "coordinates": [
          16.222026882286514,
          65.96233634826687
        ]
      },
      "properties": {
        "name": "Culture – Ammarnäs Potatisbacken - Sevärt",
        "description": "Culture",
        "type": "poi"
      }
    },
    {
      "type": "Feature",
      "geometry": {
        "type": "Point",
        "coordinates": [
          16.21797172023855,
          65.95646020260993
        ]
      },
      "properties": {
        "name": "Culture – Ammarnäsdeltat - Sevärt",
        "description": "Culture",
        "type": "poi"
      }
    },
    {
      "type": "Feature",
      "geometry": {
        "type": "Point",
        "coordinates": [
          17.853899002075195,
          67.1571922302246
        ]
      },
      "properties": {
        "name": "Bridge – Suspension bridge Gådokjåhkå",
        "description": "Bridge",
        "type": "poi"
      }
    },
    {
      "type": "Feature",
      "geometry": {
        "type": "Point",
        "coordinates": [
          18.064168095588684,
          67.08369657753823
        ]
      },
      "properties": {
        "name": "Bridge – Suspension bridge Jåkkejågåsj",
        "description": "Bridge",
        "type": "poi"
      }
    },
    {
      "type": "Feature",
      "geometry": {
        "type": "Point",
        "coordinates": [
          17.979059759527445,
          67.06523517425777
        ]
      },
      "properties": {
        "name": "Bridge – Suspension bridge Gállakjåhkå, south west",
        "description": "Bridge",
        "type": "poi"
      }
    },
    {
      "type": "Feature",
      "geometry": {
        "type": "Point",
        "coordinates": [
          18.273111758753657,
          67.738144788891
        ]
      },
      "properties": {
        "name": "Bridge – Suspension bridge Gáidumjohka",
        "description": "Bridge",
        "type": "poi"
      }
    },
    {
      "type": "Feature",
      "geometry": {
        "type": "Point",
        "coordinates": [
          18.287094375171478,
          67.77329930920787
        ]
      },
      "properties": {
        "name": "Bridge – Suspension bridge Tjäktjajåkka",
        "description": "Bridge",
        "type": "poi"
      }
    },
    {
      "type": "Feature",
      "geometry": {
        "type": "Point",
        "coordinates": [
          18.590524536510657,
          68.28402090288711
        ]
      },
      "properties": {
        "name": "Bridge – Suspension bridge Gámaeatnu",
        "description": "Bridge",
        "type": "poi"
      }
    },
    {
      "type": "Feature",
      "geometry": {
        "type": "Point",
        "coordinates": [
          17.588751719717607,
          66.84531989837068
        ]
      },
      "properties": {
        "name": "Bridge – Suspension bridge Tsielekjåhkå",
        "description": "Bridge",
        "type": "poi"
      }
    },
    {
      "type": "Feature",
      "geometry": {
        "type": "Point",
        "coordinates": [
          17.9786138683844,
          67.9599844023749
        ]
      },
      "properties": {
        "name": "Bridge – Suspension bridge Gearbiljohka",
        "description": "Bridge",
        "type": "poi"
      }
    },
    {
      "type": "Feature",
      "geometry": {
        "type": "Point",
        "coordinates": [
          18.098743865266442,
          67.660955088213
        ]
      },
      "properties": {
        "name": "Bridge – Suspension bridge Guolbbanjåhkå",
        "description": "Bridge",
        "type": "poi"
      }
    },
    {
      "type": "Feature",
      "geometry": {
        "type": "Point",
        "coordinates": [
          18.415367043277,
          68.1357646238219
        ]
      },
      "properties": {
        "name": "Bridge – Suspension bridge Aliseatnu",
        "description": "Bridge",
        "type": "poi"
      }
    },
    {
      "type": "Feature",
      "geometry": {
        "type": "Point",
        "coordinates": [
          18.281084272624526,
          67.91063724211331
        ]
      },
      "properties": {
        "name": "Bridge – Suspension bridge Čeakčajohka",
        "description": "Bridge",
        "type": "poi"
      }
    },
    {
      "type": "Feature",
      "geometry": {
        "type": "Point",
        "coordinates": [
          17.347358786925838,
          66.7185335831275
        ]
      },
      "properties": {
        "name": "Bridge – Suspension bridge the Pite River, west",
        "description": "Bridge",
        "type": "poi"
      }
    },
    {
      "type": "Feature",
      "geometry": {
        "type": "Point",
        "coordinates": [
          18.287366445357293,
          67.9220438624657
        ]
      },
      "properties": {
        "name": "Bridge – Suspension bridge Gaskkasjohka, north",
        "description": "Bridge",
        "type": "poi"
      }
    },
    {
      "type": "Feature",
      "geometry": {
        "type": "Point",
        "coordinates": [
          17.348314006577993,
          66.71860282525
        ]
      },
      "properties": {
        "name": "Bridge – Suspension bridge the Pite River, east",
        "description": "Bridge",
        "type": "poi"
      }
    },
    {
      "type": "Feature",
      "geometry": {
        "type": "Point",
        "coordinates": [
          18.29186884377964,
          67.92034569799951
        ]
      },
      "properties": {
        "name": "Bridge – Suspension bridge Gaskkasjohka, south",
        "description": "Bridge",
        "type": "poi"
      }
    },
    {
      "type": "Feature",
      "geometry": {
        "type": "Point",
        "coordinates": [
          18.575846282693306,
          67.8652688420974
        ]
      },
      "properties": {
        "name": "Bridge – Suspension bridge Giebmejohka",
        "description": "Bridge",
        "type": "poi"
      }
    },
    {
      "type": "Feature",
      "geometry": {
        "type": "Point",
        "coordinates": [
          18.32847879136148,
          67.897472509953
        ]
      },
      "properties": {
        "name": "Bridge – Suspension bridge Guobirjohka",
        "description": "Bridge, Attention",
        "type": "poi"
      }
    },
    {
      "type": "Feature",
      "geometry": {
        "type": "Point",
        "coordinates": [
          18.73933837982895,
          68.31822948298431
        ]
      },
      "properties": {
        "name": "Bridge – Suspension bridge Ballinjohka",
        "description": "Bridge",
        "type": "poi"
      }
    },
    {
      "type": "Feature",
      "geometry": {
        "type": "Point",
        "coordinates": [
          18.33928995395229,
          68.10489273821918
        ]
      },
      "properties": {
        "name": "Bridge – Suspension bridge Bossosjohka",
        "description": "Bridge",
        "type": "poi"
      }
    },
    {
      "type": "Feature",
      "geometry": {
        "type": "Point",
        "coordinates": [
          18.24148444669345,
          68.04961706808619
        ]
      },
      "properties": {
        "name": "Bridge – Suspension bridge Čeavččanjira",
        "description": "Bridge",
        "type": "poi"
      }
    },
    {
      "type": "Feature",
      "geometry": {
        "type": "Point",
        "coordinates": [
          17.61667982398103,
          66.9492148569956
        ]
      },
      "properties": {
        "name": "Bridge – Suspension bridge Vallebäcken, east",
        "description": "Bridge",
        "type": "poi"
      }
    },
    {
      "type": "Feature",
      "geometry": {
        "type": "Point",
        "coordinates": [
          18.52173438171394,
          68.1176672978169
        ]
      },
      "properties": {
        "name": "Bridge – Suspension bridge Moarhmmájohka",
        "description": "Bridge",
        "type": "poi"
      }
    },
    {
      "type": "Feature",
      "geometry": {
        "type": "Point",
        "coordinates": [
          17.61615891621409,
          66.9484155127955
        ]
      },
      "properties": {
        "name": "Bridge – Suspension bridge  Vallebäcken, west",
        "description": "Bridge",
        "type": "poi"
      }
    },
    {
      "type": "Feature",
      "geometry": {
        "type": "Point",
        "coordinates": [
          17.23827685898391,
          66.52736590132092
        ]
      },
      "properties": {
        "name": "Bridge – Suspension bridge Gåbdåk",
        "description": "Bridge",
        "type": "poi"
      }
    },
    {
      "type": "Feature",
      "geometry": {
        "type": "Point",
        "coordinates": [
          18.756478388559117,
          68.32840152456824
        ]
      },
      "properties": {
        "name": "Bridge – Suspension bridge Nissonjohka",
        "description": "Bridge",
        "type": "poi"
      }
    },
    {
      "type": "Feature",
      "geometry": {
        "type": "Point",
        "coordinates": [
          16.5252718461943,
          66.287489595951
        ]
      },
      "properties": {
        "name": "Bridge – Suspension bridge Lájsso (Laisälven)",
        "description": "Bridge",
        "type": "poi"
      }
    },
    {
      "type": "Feature",
      "geometry": {
        "type": "Point",
        "coordinates": [
          16.487462975398785,
          66.2802979366257
        ]
      },
      "properties": {
        "name": "Bridge – Suspension bridge Bárasjuhka, north",
        "description": "Bridge",
        "type": "poi"
      }
    },
    {
      "type": "Feature",
      "geometry": {
        "type": "Point",
        "coordinates": [
          16.3800980483702,
          66.2448056482189
        ]
      },
      "properties": {
        "name": "Bridge – Suspension bridge Bárasjuhka, Svájpavallie",
        "description": "Bridge",
        "type": "poi"
      }
    },
    {
      "type": "Feature",
      "geometry": {
        "type": "Point",
        "coordinates": [
          16.35822377409886,
          66.17111581549433
        ]
      },
      "properties": {
        "name": "Bridge – Suspension bridge Vuoruojuhka",
        "description": "Bridge",
        "type": "poi"
      }
    },
    {
      "type": "Feature",
      "geometry": {
        "type": "Point",
        "coordinates": [
          18.34169760228417,
          68.2296588612775
        ]
      },
      "properties": {
        "name": "Bridge – Suspension bridge Válffojohka",
        "description": "Bridge",
        "type": "poi"
      }
    },
    {
      "type": "Feature",
      "geometry": {
        "type": "Point",
        "coordinates": [
          18.2886064286572,
          67.1170272224627
        ]
      },
      "properties": {
        "name": "Cabin – Stopover cabin Laitaure",
        "description": "Cabin",
        "type": "poi"
      }
    },
    {
      "type": "Feature",
      "geometry": {
        "type": "Point",
        "coordinates": [
          16.929374747059455,
          66.37863255210297
        ]
      },
      "properties": {
        "name": "Shelter – Wind shelter Jäckvik",
        "description": "Shelter",
        "type": "poi"
      }
    },
    {
      "type": "Feature",
      "geometry": {
        "type": "Point",
        "coordinates": [
          18.2469372273053,
          68.0196817393539
        ]
      },
      "properties": {
        "name": "Cabin – Stopover cabin Tjäktja Pass, The King's Trail",
        "description": "Cabin",
        "type": "poi"
      }
    },
    {
      "type": "Feature",
      "geometry": {
        "type": "Point",
        "coordinates": [
          18.105361461639404,
          67.08195668348067
        ]
      },
      "properties": {
        "name": "Cabin – Stopover cabin Jågge",
        "description": "Cabin",
        "type": "poi"
      }
    },
    {
      "type": "Feature",
      "geometry": {
        "type": "Point",
        "coordinates": [
          16.60003037979243,
          66.2936682107106
        ]
      },
      "properties": {
        "name": "Shelter – Wind shelter Yraf",
        "description": "Shelter",
        "type": "poi"
      }
    },
    {
      "type": "Feature",
      "geometry": {
        "type": "Point",
        "coordinates": [
          16.3770011055576,
          66.2099821510769
        ]
      },
      "properties": {
        "name": "Cabin – Stopover cabin Sjnulttjie",
        "description": "Cabin",
        "type": "poi"
      }
    },
    {
      "type": "Feature",
      "geometry": {
        "type": "Point",
        "coordinates": [
          18.421970300085,
          67.2039119986676
        ]
      },
      "properties": {
        "name": "Cabin – Stopover cabin Svijnne",
        "description": "Cabin",
        "type": "poi"
      }
    },
    {
      "type": "Feature",
      "geometry": {
        "type": "Point",
        "coordinates": [
          18.140816995874,
          67.688999693802
        ]
      },
      "properties": {
        "name": "Cabin – Stopover cabin Dievssajávri",
        "description": "Cabin",
        "type": "poi"
      }
    },
    {
      "type": "Feature",
      "geometry": {
        "type": "Point",
        "coordinates": [
          18.75376465316333,
          68.32751877579078
        ]
      },
      "properties": {
        "name": "Shelter – Wind shelter Nissonjohka",
        "description": "Shelter",
        "type": "poi"
      }
    },
    {
      "type": "Feature",
      "geometry": {
        "type": "Point",
        "coordinates": [
          16.65777703649553,
          66.2833980647954
        ]
      },
      "properties": {
        "name": "Shelter – Wind shelter Lomtjärn",
        "description": "Shelter",
        "type": "poi"
      }
    },
    {
      "type": "Feature",
      "geometry": {
        "type": "Point",
        "coordinates": [
          17.7184849795685,
          66.9259312065881
        ]
      },
      "properties": {
        "name": "Cabin – Stopover cabin Mallenjarka",
        "description": "Cabin",
        "type": "poi"
      }
    },
    {
      "type": "Feature",
      "geometry": {
        "type": "Point",
        "coordinates": [
          17.79078519023642,
          66.99818690610678
        ]
      },
      "properties": {
        "name": "Toilet – Latrine Njahkájåhkå",
        "description": "Toilet",
        "type": "poi"
      }
    },
    {
      "type": "Feature",
      "geometry": {
        "type": "Point",
        "coordinates": [
          16.760352985677855,
          66.31350997198413
        ]
      },
      "properties": {
        "name": "Toilet – Latrine Luvtávrre",
        "description": "Toilet",
        "type": "poi"
      }
    },
    {
      "type": "Feature",
      "geometry": {
        "type": "Point",
        "coordinates": [
          18.679191805228697,
          68.3102143133751
        ]
      },
      "properties": {
        "name": "Toilet – Latrine Abiskojåkka",
        "description": "Toilet",
        "type": "poi"
      }
    },
    {
      "type": "Feature",
      "geometry": {
        "type": "Point",
        "coordinates": [
          16.538926062735072,
          66.2837970541744
        ]
      },
      "properties": {
        "name": "Shelter – Wind shelter Bäverholmen",
        "description": "Shelter",
        "type": "poi"
      }
    },
    {
      "type": "Feature",
      "geometry": {
        "type": "Point",
        "coordinates": [
          18.58366345238278,
          68.26211496460188
        ]
      },
      "properties": {
        "name": "Toilet – Latrine Šiellajohka",
        "description": "Toilet",
        "type": "poi"
      }
    },
    {
      "type": "Feature",
      "geometry": {
        "type": "Point",
        "coordinates": [
          17.6516571330487,
          66.9450346312797
        ]
      },
      "properties": {
        "name": "Cabin – Stopover cabin Bobäcken",
        "description": "Cabin",
        "type": "poi"
      }
    },
    {
      "type": "Feature",
      "geometry": {
        "type": "Point",
        "coordinates": [
          17.806121271478332,
          66.9499921523315
        ]
      },
      "properties": {
        "name": "Cabin – Stopover cabin Sjnjierák",
        "description": "Cabin",
        "type": "poi"
      }
    },
    {
      "type": "Feature",
      "geometry": {
        "type": "Point",
        "coordinates": [
          16.8339611040278,
          66.3510280074763
        ]
      },
      "properties": {
        "name": "Cabin – Pieljekaise Cabin, in the national park",
        "description": "Toilet, Cabin",
        "type": "poi"
      }
    },
    {
      "type": "Feature",
      "geometry": {
        "type": "Point",
        "coordinates": [
          18.5055982273745,
          68.1943661041673
        ]
      },
      "properties": {
        "name": "Cabin – Stopover cabin Rádunjárga / The King's wind shelter",
        "description": "Cabin",
        "type": "poi"
      }
    },
    {
      "type": "Feature",
      "geometry": {
        "type": "Point",
        "coordinates": [
          16.9178353309724,
          66.3670375295286
        ]
      },
      "properties": {
        "name": "Cabin – Stopover cabin Pieljekaise, outside the national park",
        "description": "Cabin",
        "type": "poi"
      }
    },
    {
      "type": "Feature",
      "geometry": {
        "type": "Point",
        "coordinates": [
          16.4752941892309,
          66.3156348923071
        ]
      },
      "properties": {
        "name": "Cabin – Stopover cabin Kattugglekojan",
        "description": "Cabin",
        "type": "poi"
      }
    },
    {
      "type": "Feature",
      "geometry": {
        "type": "Point",
        "coordinates": [
          18.3228796487002,
          67.8917438033594
        ]
      },
      "properties": {
        "name": "Cabin – Stopover cabin Kuoperjåkka, The King's Trail",
        "description": "Cabin",
        "type": "poi"
      }
    },
    {
      "type": "Feature",
      "geometry": {
        "type": "Point",
        "coordinates": [
          18.4995794723679,
          67.3235523256301
        ]
      },
      "properties": {
        "name": "Cabin – Stopover cabin Autsutjvagge",
        "description": "Cabin",
        "type": "poi"
      }
    },
    {
      "type": "Feature",
      "geometry": {
        "type": "Point",
        "coordinates": [
          16.4874773713314,
          66.2805319754584
        ]
      },
      "properties": {
        "name": "Cabin – Stopover cabin Bárasjuhka",
        "description": "Cabin",
        "type": "poi"
      }
    },
    {
      "type": "Feature",
      "geometry": {
        "type": "Point",
        "coordinates": [
          15.164008140563965,
          65.76828993300603
        ]
      },
      "properties": {
        "name": "Hiking – Ledstart Drottningleden",
        "description": "Hiking",
        "type": "poi"
      }
    },
    {
      "type": "Feature",
      "geometry": {
        "type": "Point",
        "coordinates": [
          15.10517120361328,
          65.81484036864502
        ]
      },
      "properties": {
        "name": "Entrance – Ledstart Kungsleden, Drottningleden, Lapplandsleden i Hemavan",
        "description": "Hiking, Near parking, Entrance",
        "type": "poi"
      }
    },
    {
      "type": "Feature",
      "geometry": {
        "type": "Point",
        "coordinates": [
          18.673528399371207,
          68.40694899697512
        ]
      },
      "properties": {
        "name": "Accommodation – Björkliden",
        "description": "Accommodation",
        "type": "poi"
      }
    },
    {
      "type": "Feature",
      "geometry": {
        "type": "Point",
        "coordinates": [
          16.789345890028926,
          66.34110763139947
        ]
      },
      "properties": {
        "name": "National Park – Pieljekaise National Park",
        "description": "National Park",
        "type": "poi"
      }
    },
    {
      "type": "Feature",
      "geometry": {
        "type": "Point",
        "coordinates": [
          18.37210425631156,
          67.43587166110225
        ]
      },
      "properties": {
        "name": "National Park – Stora Sjöfallet/Stuor Muorkke National Park",
        "description": "National Park",
        "type": "poi"
      }
    },
    {
      "type": "Feature",
      "geometry": {
        "type": "Point",
        "coordinates": [
          18.747142197878134,
          68.34168507776451
        ]
      },
      "properties": {
        "name": "National Park – Abisko National Park",
        "description": "National Park, Wheelchair accessible, Stroller accessible, Near parking, Near Public Transport, Near toilet",
        "type": "poi"
      }
    },
    {
      "type": "Feature",
      "geometry": {
        "type": "Point",
        "coordinates": [
          18.140479098576776,
          67.17849470454635
        ]
      },
      "properties": {
        "name": "National Park – Sarek National Park",
        "description": "National Park",
        "type": "poi"
      }
    },
    {
      "type": "Feature",
      "geometry": {
        "type": "Point",
        "coordinates": [
          15.167579501867294,
          65.76676630732129
        ]
      },
      "properties": {
        "name": "Parking – Parkering Laisaliden Vindelfjällen",
        "description": "Near parking, Parking",
        "type": "poi"
      }
    },
    {
      "type": "Feature",
      "geometry": {
        "type": "Point",
        "coordinates": [
          16.007948,
          66.150312
        ]
      },
      "properties": {
        "name": "Toilet – Dass Västra Vitnjul",
        "description": "Near toilet, Toilet",
        "type": "poi"
      }
    },
    {
      "type": "Feature",
      "geometry": {
        "type": "Point",
        "coordinates": [
          16.045775626983637,
          65.96472639702948
        ]
      },
      "properties": {
        "name": "Shelter – Vindskydd Tjulträsket",
        "description": "Shelter",
        "type": "poi"
      }
    },
    {
      "type": "Feature",
      "geometry": {
        "type": "Point",
        "coordinates": [
          16.016219,
          66.147942
        ]
      },
      "properties": {
        "name": "Toilet – Dass Östra Vitnjul",
        "description": "Near toilet, Toilet",
        "type": "poi"
      }
    },
    {
      "type": "Feature",
      "geometry": {
        "type": "Point",
        "coordinates": [
          16.119053777771,
          66.09636249616477
        ]
      },
      "properties": {
        "name": "Toilet – Dass Rävfallsstugan",
        "description": "Near toilet, Toilet",
        "type": "poi"
      }
    },
    {
      "type": "Feature",
      "geometry": {
        "type": "Point",
        "coordinates": [
          15.255826949293208,
          65.89261686609387
        ]
      },
      "properties": {
        "name": "Shelter – Vindskydd Norra Sytertoppen",
        "description": "Shelter",
        "type": "poi"
      }
    },
    {
      "type": "Feature",
      "geometry": {
        "type": "Point",
        "coordinates": [
          16.09417709296557,
          65.94177024473143
        ]
      },
      "properties": {
        "name": "Toilet – Dass Aigertstugan",
        "description": "Near toilet, Toilet",
        "type": "poi"
      }
    },
    {
      "type": "Feature",
      "geometry": {
        "type": "Point",
        "coordinates": [
          15.120454999999993,
          65.822882
        ]
      },
      "properties": {
        "name": "Cabin – Fjällfinakåtan",
        "description": "Cabin",
        "type": "poi"
      }
    },
    {
      "type": "Feature",
      "geometry": {
        "type": "Point",
        "coordinates": [
          15.283723,
          66.020916
        ]
      },
      "properties": {
        "name": "Toilet – Dass Glimmerstugan",
        "description": "Near toilet, Toilet",
        "type": "poi"
      }
    },
    {
      "type": "Feature",
      "geometry": {
        "type": "Point",
        "coordinates": [
          15.497761516725575,
          65.98863155500896
        ]
      },
      "properties": {
        "name": "Toilet – Dass Tärnasjöstugan",
        "description": "Near toilet, Toilet",
        "type": "poi"
      }
    },
    {
      "type": "Feature",
      "geometry": {
        "type": "Point",
        "coordinates": [
          15.271624,
          65.814929
        ]
      },
      "properties": {
        "name": "Toilet – Dass Vallentjåkke",
        "description": "Near toilet, Toilet",
        "type": "poi"
      }
    },
    {
      "type": "Feature",
      "geometry": {
        "type": "Point",
        "coordinates": [
          15.495072,
          65.867404
        ]
      },
      "properties": {
        "name": "Toilet – Dass Forsavan Vindelfjällen",
        "description": "Near toilet, Toilet",
        "type": "poi"
      }
    },
    {
      "type": "Feature",
      "geometry": {
        "type": "Point",
        "coordinates": [
          15.352961,
          65.818022
        ]
      },
      "properties": {
        "name": "Toilet – Dass Stabre Vindelfjällen",
        "description": "Near toilet, Toilet",
        "type": "poi"
      }
    },
    {
      "type": "Feature",
      "geometry": {
        "type": "Point",
        "coordinates": [
          15.953707000000009,
          65.923168
        ]
      },
      "properties": {
        "name": "Toilet – Dass Juovatvaretje",
        "description": "Near toilet, Toilet",
        "type": "poi"
      }
    },
    {
      "type": "Feature",
      "geometry": {
        "type": "Point",
        "coordinates": [
          15.1046079397202,
          65.8154234636647
        ]
      },
      "properties": {
        "name": "Information – Naturum Vindelfjällen Hemavan",
        "description": "Wheelchair accessible, Stroller accessible, Near parking, Near Public Transport, Near toilet, Information, Nature Center",
        "type": "poi"
      }
    },
    {
      "type": "Feature",
      "geometry": {
        "type": "Point",
        "coordinates": [
          16.2055742740631,
          65.9573536841992
        ]
      },
      "properties": {
        "name": "Information – Naturum Vindelfjällen Ammarnäs",
        "description": "Wheelchair accessible, Stroller accessible, Near parking, Near Public Transport, Near toilet, Information, Nature Center",
        "type": "poi"
      }
    },
    {
      "type": "Feature",
      "geometry": {
        "type": "Point",
        "coordinates": [
          16.321334,
          65.947547
        ]
      },
      "properties": {
        "name": "Rest area – Rastplats med eldstad Örnbo Vindelfjällen",
        "description": "Rest area, Firesite",
        "type": "poi"
      }
    },
    {
      "type": "Feature",
      "geometry": {
        "type": "Point",
        "coordinates": [
          16.32244,
          65.947305
        ]
      },
      "properties": {
        "name": "Rest area – Rastplats med eldstad Örnbo Vindelfjällen",
        "description": "Rest area, Firesite",
        "type": "poi"
      }
    },
    {
      "type": "Feature",
      "geometry": {
        "type": "Point",
        "coordinates": [
          16.046467,
          65.964824
        ]
      },
      "properties": {
        "name": "Rest area – Rastplats med eldstad Tjulträsket Vindelfjällen",
        "description": "Rest area, Firesite",
        "type": "poi"
      }
    },
    {
      "type": "Feature",
      "geometry": {
        "type": "Point",
        "coordinates": [
          15.495402,
          65.98894
        ]
      },
      "properties": {
        "name": "Accommodation – Lilla Tärnasjöstugan Vindelfjällen",
        "description": "Accommodation, Emergency telephone",
        "type": "poi"
      }
    },
    {
      "type": "Feature",
      "geometry": {
        "type": "Point",
        "coordinates": [
          15.39759800000002,
          65.891585
        ]
      },
      "properties": {
        "name": "Accommodation – Lilla Syterstugan Vindelfjällen",
        "description": "Accommodation, Emergency telephone",
        "type": "poi"
      }
    },
    {
      "type": "Feature",
      "geometry": {
        "type": "Point",
        "coordinates": [
          15.891157,
          65.954918
        ]
      },
      "properties": {
        "name": "Cabin – Vuomatjåhkka rastskydd",
        "description": "Cabin",
        "type": "poi"
      }
    },
    {
      "type": "Feature",
      "geometry": {
        "type": "Point",
        "coordinates": [
          15.35355800000002,
          65.817952
        ]
      },
      "properties": {
        "name": "Cabin – Stabre rastskydd",
        "description": "Cabin",
        "type": "poi"
      }
    },
    {
      "type": "Feature",
      "geometry": {
        "type": "Point",
        "coordinates": [
          15.27155594840995,
          65.81487872981958
        ]
      },
      "properties": {
        "name": "Cabin – Vallentjåkke/Marinstugan rastskydd Vindelfjällen",
        "description": "Cabin",
        "type": "poi"
      }
    },
    {
      "type": "Feature",
      "geometry": {
        "type": "Point",
        "coordinates": [
          16.1191107460327,
          66.0954158302642
        ]
      },
      "properties": {
        "name": "Accommodation – Rävfallsstugan Vindelfjällen",
        "description": "Accommodation",
        "type": "poi"
      }
    },
    {
      "type": "Feature",
      "geometry": {
        "type": "Point",
        "coordinates": [
          15.283892,
          66.020813
        ]
      },
      "properties": {
        "name": "Accommodation – Glimmerstugan Vindelfjällen",
        "description": "Accommodation",
        "type": "poi"
      }
    },
    {
      "type": "Feature",
      "geometry": {
        "type": "Point",
        "coordinates": [
          15.2891911594278,
          65.8737802458812
        ]
      },
      "properties": {
        "name": "Cabin – Syterskalet rastskydd",
        "description": "Cabin, Emergency telephone",
        "type": "poi"
      }
    },
    {
      "type": "Feature",
      "geometry": {
        "type": "Point",
        "coordinates": [
          15.5368355343628,
          66.0836252582558
        ]
      },
      "properties": {
        "name": "Accommodation – Skidbäcksstugan Vindelfjällen",
        "description": "Accommodation",
        "type": "poi"
      }
    },
    {
      "type": "Feature",
      "geometry": {
        "type": "Point",
        "coordinates": [
          15.493977,
          65.867215
        ]
      },
      "properties": {
        "name": "Accommodation – Stuga Forsavan Vindelfjällen",
        "description": "Accommodation",
        "type": "poi"
      }
    },
    {
      "type": "Feature",
      "geometry": {
        "type": "Point",
        "coordinates": [
          15.763427,
          65.9721
        ]
      },
      "properties": {
        "name": "Cabin – Lilla Servestugan Vindelfjällen",
        "description": "Accommodation, Cabin, Emergency telephone",
        "type": "poi"
      }
    },
    {
      "type": "Feature",
      "geometry": {
        "type": "Point",
        "coordinates": [
          15.938270999999986,
          65.926434
        ]
      },
      "properties": {
        "name": "Cabin – Juovatvaretje rastskydd",
        "description": "Cabin",
        "type": "poi"
      }
    },
    {
      "type": "Feature",
      "geometry": {
        "type": "Point",
        "coordinates": [
          16.007954,
          66.150191
        ]
      },
      "properties": {
        "name": "Accommodation – Västra Vitnjulstugan Vindelfjällen",
        "description": "Accommodation, Emergency telephone",
        "type": "poi"
      }
    },
    {
      "type": "Feature",
      "geometry": {
        "type": "Point",
        "coordinates": [
          16.015841,
          66.147765
        ]
      },
      "properties": {
        "name": "Accommodation – Östra Vitnjulstugan Vindelfjällen",
        "description": "Accommodation",
        "type": "poi"
      }
    },
    {
      "type": "Feature",
      "geometry": {
        "type": "Point",
        "coordinates": [
          16.228168,
          65.953375
        ]
      },
      "properties": {
        "name": "Bird watching – Fågeltorn Ammarnäsdeltat Vindelfjällen",
        "description": "Bird watching",
        "type": "poi"
      }
    },
    {
      "type": "Feature",
      "geometry": {
        "type": "Point",
        "coordinates": [
          16.243103,
          65.967269
        ]
      },
      "properties": {
        "name": "Parking – Parkering Norra Ammarnäs Vindelfjällen",
        "description": "Near parking, Parking",
        "type": "poi"
      }
    },
    {
      "type": "Feature",
      "geometry": {
        "type": "Point",
        "coordinates": [
          16.178077673291597,
          65.96441929323888
        ]
      },
      "properties": {
        "name": "Nature reserve – Fårkammaren",
        "description": "Nature reserve",
        "type": "poi"
      }
    },
    {
      "type": "Feature",
      "geometry": {
        "type": "Point",
        "coordinates": [
          15.601561938132761,
          65.96202124427418
        ]
      },
      "properties": {
        "name": "Nature reserve – Vindelfjällen",
        "description": "Nature reserve, Near parking, Near Public Transport, Near toilet",
        "type": "poi"
      }
    },
    {
      "type": "Feature",
      "geometry": {
        "type": "Point",
        "coordinates": [
          15.158082,
          65.885067
        ]
      },
      "properties": {
        "name": "Lilla Viterskalsstugan,  Vindelfjällen",
        "description": "",
        "type": "poi"
      }
    }
  ]
}