<?xml version="1.0" encoding="UTF-8"?>
<gpx version="1.1" creator="kungsleden-export" xmlns="http://www.topografix.com/GPX/1/1">
  <metadata><name>Kungsleden</name></metadata>
  <trk>
    <name>Kungsleden</name>
    <trkseg>
      <trkpt lat="65.814875757" lon="15.105014361"/>
      <trkpt lat="65.814763982" lon="15.106067002"/>
      <trkpt lat="65.814631967" lon="15.106617254"/>
      <trkpt lat="65.814594613" lon="15.108258252"/>
      <trkpt lat="65.814625699" lon="15.109175803"/>
      <trkpt lat="65.814846886" lon="15.110481819"/>
      <trkpt lat="65.814728387" lon="15.112037545"/>
      <trkpt lat="65.814715206" lon="15.113087496"/>
      <trkpt lat="65.814647719" lon="15.11402957"/>
      <trkpt lat="65.814698186" lon="15.115274607"/>
      <trkpt lat="65.814893993" lon="15.116931223"/>
      <trkpt lat="65.81513069" lon="15.117712097"/>
      <trkpt lat="65.815375074" lon="15.118208508"/>
      <trkpt lat="65.815816055" lon="15.118546607"/>
      <trkpt lat="65.8164948" lon="15.119906173"/>
      <trkpt lat="65.81707818" lon="15.119999969"/>
      <trkpt lat="65.817579675" lon="15.119833523"/>
      <trkpt lat="65.817891382" lon="15.119344093"/>
      <trkpt lat="65.818261341" lon="15.117847097"/>
      <trkpt lat="65.818412019" lon="15.117449414"/>
      <trkpt lat="65.819398549" lon="15.115454683"/>
      <trkpt lat="65.81989777" lon="15.114785163"/>
      <trkpt lat="65.82066621" lon="15.114152124"/>
      <trkpt lat="65.820677418" lon="15.112664552"/>
      <trkpt lat="65.821312165" lon="15.110241518"/>
      <trkpt lat="65.821925651" lon="15.109065684"/>
      <trkpt lat="65.822325105" lon="15.108158075"/>
      <trkpt lat="65.823209097" lon="15.107302904"/>
      <trkpt lat="65.826227049" lon="15.106324039"/>
      <trkpt lat="65.827325249" lon="15.105244071"/>
      <trkpt lat="65.828160778" lon="15.103602345"/>
      <trkpt lat="65.828428297" lon="15.103266872"/>
      <trkpt lat="65.828830729" lon="15.103015217"/>
      <trkpt lat="65.829808084" lon="15.102966636"/>
      <trkpt lat="65.832343137" lon="15.104254021"/>
      <trkpt lat="65.834558841" lon="15.10239914"/>
      <trkpt lat="65.835937158" lon="15.095658056"/>
      <trkpt lat="65.842696221" lon="15.096050055"/>
      <trkpt lat="65.845852124" lon="15.097327161"/>
      <trkpt lat="65.84788039" lon="15.097271255"/>
      <trkpt lat="65.848315013" lon="15.097397156"/>
      <trkpt lat="65.848875115" lon="15.097080828"/>
      <trkpt lat="65.850130825" lon="15.097210375"/>
      <trkpt lat="65.852441357" lon="15.096945068"/>
      <trkpt lat="65.856892956" lon="15.095478051"/>
      <trkpt lat="65.85760872" lon="15.095525473"/>
      <trkpt lat="65.858241432" lon="15.095814877"/>
      <trkpt lat="65.858441759" lon="15.096466454"/>
      <trkpt lat="65.85866635" lon="15.096547869"/>
      <trkpt lat="65.860649609" lon="15.096249875"/>
      <trkpt lat="65.860915453" lon="15.096113368"/>
      <trkpt lat="65.861065971" lon="15.095692993"/>
      <trkpt lat="65.861178076" lon="15.096093823"/>
      <trkpt lat="65.861292288" lon="15.096146767"/>
      <trkpt lat="65.861491093" lon="15.096469871"/>
      <trkpt lat="65.8619121" lon="15.098298411"/>
      <trkpt lat="65.862875552" lon="15.103025812"/>
      <trkpt lat="65.869031064" lon="15.117538901"/>
      <trkpt lat="65.869854564" lon="15.122487021"/>
      <trkpt lat="65.871919266" lon="15.130757624"/>
      <trkpt lat="65.876107079" lon="15.142344802"/>
      <trkpt lat="65.878803472" lon="15.146835541"/>
      <trkpt lat="65.881650086" lon="15.148547159"/>
      <trkpt lat="65.884030667" lon="15.153379428"/>
      <trkpt lat="65.884808897" lon="15.155230262"/>
      <trkpt lat="65.885029646" lon="15.157483726"/>
      <trkpt lat="65.885593217" lon="15.160147751"/>
      <trkpt lat="65.886136898" lon="15.173819267"/>
      <trkpt lat="65.885355019" lon="15.180978404"/>
      <trkpt lat="65.884408981" lon="15.187744405"/>
      <trkpt lat="65.88115886" lon="15.2068592"/>
      <trkpt lat="65.880764109" lon="15.209644525"/>
      <trkpt lat="65.880367004" lon="15.211834947"/>
      <trkpt lat="65.878420609" lon="15.233293725"/>
      <trkpt lat="65.878192757" lon="15.237462543"/>
      <trkpt lat="65.87598381" lon="15.254561468"/>
      <trkpt lat="65.875284895" lon="15.263299488"/>
      <trkpt lat="65.875226101" lon="15.269644719"/>
      <trkpt lat="65.874601293" lon="15.276596333"/>
      <trkpt lat="65.874449301" lon="15.279573118"/>
      <trkpt lat="65.874415903" lon="15.287054875"/>
      <trkpt lat="65.873680753" lon="15.28978735"/>
      <trkpt lat="65.871995227" lon="15.295299939"/>
      <trkpt lat="65.870045443" lon="15.302329008"/>
      <trkpt lat="65.868977174" lon="15.307499329"/>
      <trkpt lat="65.868830837" lon="15.309386608"/>
      <trkpt lat="65.868447501" lon="15.31287799"/>
      <trkpt lat="65.868178332" lon="15.318448682"/>
      <trkpt lat="65.867200093" lon="15.326702175"/>
      <trkpt lat="65.868783425" lon="15.33061884"/>
      <trkpt lat="65.874800088" lon="15.343418839"/>
      <trkpt lat="65.875183421" lon="15.344252172"/>
      <trkpt lat="65.875800087" lon="15.345852172"/>
      <trkpt lat="65.87683342" lon="15.348952171"/>
      <trkpt lat="65.878183418" lon="15.353802172"/>
      <trkpt lat="65.880383417" lon="15.361035502"/>
      <trkpt lat="65.889016744" lon="15.387202164"/>
      <trkpt lat="65.890866742" lon="15.392152163"/>
      <trkpt lat="65.892000075" lon="15.39406883"/>
      <trkpt lat="65.892150075" lon="15.395502163"/>
      <trkpt lat="65.892416741" lon="15.39556883"/>
      <trkpt lat="65.892383407" lon="15.39556883"/>
      <trkpt lat="65.892166741" lon="15.396985495"/>
      <trkpt lat="65.89262747" lon="15.396649462"/>
      <trkpt lat="65.895857378" lon="15.402983227"/>
      <trkpt lat="65.896675363" lon="15.408619102"/>
      <trkpt lat="65.89870115" lon="15.415464962"/>
      <trkpt lat="65.900830717" lon="15.423784163"/>
      <trkpt lat="65.900357602" lon="15.435581539"/>
      <trkpt lat="65.900979398" lon="15.443678592"/>
      <trkpt lat="65.902753322" lon="15.452437665"/>
      <trkpt lat="65.902858088" lon="15.452736309"/>
      <trkpt lat="65.903544414" lon="15.453842142"/>
      <trkpt lat="65.906285839" lon="15.456593003"/>
      <trkpt lat="65.9081149" lon="15.459077919"/>
      <trkpt lat="65.908460556" lon="15.460746496"/>
      <trkpt lat="65.908676885" lon="15.462892006"/>
      <trkpt lat="65.909738963" lon="15.46339837"/>
      <trkpt lat="65.91098909" lon="15.464301502"/>
      <trkpt lat="65.911566051" lon="15.466736032"/>
      <trkpt lat="65.913649414" lon="15.468856428"/>
      <trkpt lat="65.913344933" lon="15.470937559"/>
      <trkpt lat="65.914683019" lon="15.472174457"/>
      <trkpt lat="65.914716943" lon="15.475021286"/>
      <trkpt lat="65.91518165" lon="15.477082783"/>
      <trkpt lat="65.91579434" lon="15.479058746"/>
      <trkpt lat="65.917960778" lon="15.479589052"/>
      <trkpt lat="65.920820972" lon="15.484853795"/>
      <trkpt lat="65.922651887" lon="15.488458225"/>
      <trkpt lat="65.924255365" lon="15.492345007"/>
      <trkpt lat="65.925850243" lon="15.492046403"/>
      <trkpt lat="65.92836249" lon="15.494527426"/>
      <trkpt lat="65.929847928" lon="15.496463109"/>
      <trkpt lat="65.933503603" lon="15.500885269"/>
      <trkpt lat="65.934756614" lon="15.500591168"/>
      <trkpt lat="65.935152693" lon="15.499190611"/>
      <trkpt lat="65.936176103" lon="15.498061634"/>
      <trkpt lat="65.937431344" lon="15.498884101"/>
      <trkpt lat="65.939369787" lon="15.499419259"/>
      <trkpt lat="65.942100362" lon="15.497152602"/>
      <trkpt lat="65.943238278" lon="15.496301102"/>
      <trkpt lat="65.944606927" lon="15.496843071"/>
      <trkpt lat="65.946995014" lon="15.494300549"/>
      <trkpt lat="65.948473658" lon="15.492885972"/>
      <trkpt lat="65.951440029" lon="15.494525717"/>
      <trkpt lat="65.954405255" lon="15.4956071"/>
      <trkpt lat="65.958169317" lon="15.497237902"/>
      <trkpt lat="65.960900981" lon="15.495528224"/>
      <trkpt lat="65.963175649" lon="15.493264818"/>
      <trkpt lat="65.966869607" lon="15.488467901"/>
      <trkpt lat="65.969825598" lon="15.485076631"/>
      <trkpt lat="65.973703723" lon="15.486705436"/>
      <trkpt lat="65.976445113" lon="15.489746957"/>
      <trkpt lat="65.980214922" lon="15.494174807"/>
      <trkpt lat="65.982952785" lon="15.495539816"/>
      <trkpt lat="65.985115757" lon="15.494394667"/>
      <trkpt lat="65.98842285" lon="15.495473294"/>
      <trkpt lat="65.988677247" lon="15.495741138"/>
      <trkpt lat="65.988816689" lon="15.496252182"/>
      <trkpt lat="65.988633356" lon="15.496552183"/>
      <trkpt lat="65.988366689" lon="15.498718848"/>
      <trkpt lat="65.988483355" lon="15.500852182"/>
      <trkpt lat="65.988750022" lon="15.502918847"/>
      <trkpt lat="65.988450021" lon="15.504968846"/>
      <trkpt lat="65.988100021" lon="15.506968845"/>
      <trkpt lat="65.987850022" lon="15.509002178"/>
      <trkpt lat="65.987850021" lon="15.51143551"/>
      <trkpt lat="65.98795002" lon="15.513635508"/>
      <trkpt lat="65.987900021" lon="15.51586884"/>
      <trkpt lat="65.987566687" lon="15.517835505"/>
      <trkpt lat="65.987133354" lon="15.519968837"/>
      <trkpt lat="65.986816686" lon="15.522168837"/>
      <trkpt lat="65.98665002" lon="15.524518835"/>
      <trkpt lat="65.986933353" lon="15.526602169"/>
      <trkpt lat="65.987283353" lon="15.528635502"/>
      <trkpt lat="65.987366685" lon="15.531035501"/>
      <trkpt lat="65.987183352" lon="15.533252166"/>
      <trkpt lat="65.986800019" lon="15.535268831"/>
      <trkpt lat="65.986816685" lon="15.539885496"/>
      <trkpt lat="65.986533352" lon="15.542052162"/>
      <trkpt lat="65.986983351" lon="15.544102161"/>
      <trkpt lat="65.987483351" lon="15.545868827"/>
      <trkpt lat="65.987433351" lon="15.548168827"/>
      <trkpt lat="65.987516683" lon="15.550502157"/>
      <trkpt lat="65.98743335" lon="15.552702157"/>
      <trkpt lat="65.986866684" lon="15.554552156"/>
      <trkpt lat="65.986666683" lon="15.55901882"/>
      <trkpt lat="65.986250017" lon="15.561168819"/>
      <trkpt lat="65.985750016" lon="15.562985486"/>
      <trkpt lat="65.98418335" lon="15.565368816"/>
      <trkpt lat="65.983466683" lon="15.566668816"/>
      <trkpt lat="65.982866684" lon="15.568368815"/>
      <trkpt lat="65.982566684" lon="15.570535479"/>
      <trkpt lat="65.982466683" lon="15.575152143"/>
      <trkpt lat="65.982233349" lon="15.577302144"/>
      <trkpt lat="65.979966683" lon="15.584668804"/>
      <trkpt lat="65.979700017" lon="15.586868803"/>
      <trkpt lat="65.978016683" lon="15.588485469"/>
      <trkpt lat="65.977466683" lon="15.590252134"/>
      <trkpt lat="65.976216684" lon="15.5935188"/>
      <trkpt lat="65.975766684" lon="15.59540213"/>
      <trkpt lat="65.975633351" lon="15.597735462"/>
      <trkpt lat="65.975566684" lon="15.599902128"/>
      <trkpt lat="65.97533335" lon="15.602118795"/>
      <trkpt lat="65.97483335" lon="15.603968793"/>
      <trkpt lat="65.974250017" lon="15.605735459"/>
      <trkpt lat="65.97373335" lon="15.607702124"/>
      <trkpt lat="65.97328335" lon="15.609752123"/>
      <trkpt lat="65.97333335" lon="15.611852122"/>
      <trkpt lat="65.974116682" lon="15.613552122"/>
      <trkpt lat="65.975133349" lon="15.617435453"/>
      <trkpt lat="65.975750014" lon="15.618985453"/>
      <trkpt lat="65.977000014" lon="15.625852119"/>
      <trkpt lat="65.97751668" lon="15.62758545"/>
      <trkpt lat="65.977766679" lon="15.629668784"/>
      <trkpt lat="65.977933345" lon="15.634118781"/>
      <trkpt lat="65.977266679" lon="15.638352114"/>
      <trkpt lat="65.976983345" lon="15.640602111"/>
      <trkpt lat="65.976916678" lon="15.642968777"/>
      <trkpt lat="65.976783345" lon="15.645085443"/>
      <trkpt lat="65.976483345" lon="15.647152108"/>
      <trkpt lat="65.976600012" lon="15.649402108"/>
      <trkpt lat="65.976250011" lon="15.651502106"/>
      <trkpt lat="65.975633345" lon="15.653118772"/>
      <trkpt lat="65.975083344" lon="15.654835437"/>
      <trkpt lat="65.974450012" lon="15.656552102"/>
      <trkpt lat="65.973783345" lon="15.658118769"/>
      <trkpt lat="65.973066678" lon="15.659568767"/>
      <trkpt lat="65.972716679" lon="15.661568767"/>
      <trkpt lat="65.972516679" lon="15.6639021"/>
      <trkpt lat="65.972566678" lon="15.666302098"/>
      <trkpt lat="65.972800011" lon="15.670868763"/>
      <trkpt lat="65.973300011" lon="15.672668762"/>
      <trkpt lat="65.97360001" lon="15.674735427"/>
      <trkpt lat="65.97400001" lon="15.676802095"/>
      <trkpt lat="65.975300009" lon="15.679935427"/>
      <trkpt lat="65.975983341" lon="15.684368758"/>
      <trkpt lat="65.976233341" lon="15.686568757"/>
      <trkpt lat="65.976600007" lon="15.688668756"/>
      <trkpt lat="65.976750007" lon="15.690935422"/>
      <trkpt lat="65.976566673" lon="15.695452086"/>
      <trkpt lat="65.976566673" lon="15.697818753"/>
      <trkpt lat="65.976683339" lon="15.700085418"/>
      <trkpt lat="65.977050006" lon="15.702202084"/>
      <trkpt lat="65.977333339" lon="15.704435416"/>
      <trkpt lat="65.977316672" lon="15.706602083"/>
      <trkpt lat="65.977100005" lon="15.708718748"/>
      <trkpt lat="65.977216672" lon="15.711052081"/>
      <trkpt lat="65.977200004" lon="15.713385414"/>
      <trkpt lat="65.976966671" lon="15.715535411"/>
      <trkpt lat="65.977283337" lon="15.720002077"/>
      <trkpt lat="65.97711667" lon="15.722352076"/>
      <trkpt lat="65.97711667" lon="15.724568741"/>
      <trkpt lat="65.977333337" lon="15.726702073"/>
      <trkpt lat="65.977150003" lon="15.729002073"/>
      <trkpt lat="65.976583336" lon="15.733268738"/>
      <trkpt lat="65.976033336" lon="15.735235402"/>
      <trkpt lat="65.975550003" lon="15.737268735"/>
      <trkpt lat="65.975333336" lon="15.739368734"/>
      <trkpt lat="65.975466669" lon="15.7416854"/>
      <trkpt lat="65.975433336" lon="15.743935398"/>
      <trkpt lat="65.974966669" lon="15.745835398"/>
      <trkpt lat="65.974683336" lon="15.748102062"/>
      <trkpt lat="65.974683335" lon="15.750168728"/>
      <trkpt lat="65.974516668" lon="15.751952061"/>
      <trkpt lat="65.973550002" lon="15.758068724"/>
      <trkpt lat="65.973116668" lon="15.759968723"/>
      <trkpt lat="65.973150002" lon="15.762135389"/>
      <trkpt lat="65.973033335" lon="15.764368722"/>
      <trkpt lat="65.972350001" lon="15.768618718"/>
      <trkpt lat="65.971433334" lon="15.774985383"/>
      <trkpt lat="65.971000001" lon="15.776952047"/>
      <trkpt lat="65.970833334" lon="15.779052046"/>
      <trkpt lat="65.970466667" lon="15.781068711"/>
      <trkpt lat="65.970216667" lon="15.78331871"/>
      <trkpt lat="65.969750001" lon="15.785185376"/>
      <trkpt lat="65.969333334" lon="15.787135377"/>
      <trkpt lat="65.968033334" lon="15.790368706"/>
      <trkpt lat="65.968033334" lon="15.792485372"/>
      <trkpt lat="65.967848702" lon="15.794402731"/>
      <trkpt lat="65.967268643" lon="15.79646869"/>
      <trkpt lat="65.966666668" lon="15.797118702"/>
      <trkpt lat="65.966066667" lon="15.797068703"/>
      <trkpt lat="65.964766668" lon="15.796652034"/>
      <trkpt lat="65.964150002" lon="15.796868702"/>
      <trkpt lat="65.963416669" lon="15.796635367"/>
      <trkpt lat="65.962700003" lon="15.796218701"/>
      <trkpt lat="65.962100003" lon="15.796652034"/>
      <trkpt lat="65.961633337" lon="15.798102034"/>
      <trkpt lat="65.96066667" lon="15.800268698"/>
      <trkpt lat="65.96011667" lon="15.801768696"/>
      <trkpt lat="65.959850003" lon="15.803668696"/>
      <trkpt lat="65.95891667" lon="15.808118695"/>
      <trkpt lat="65.958583336" lon="15.811985358"/>
      <trkpt lat="65.958550003" lon="15.813885358"/>
      <trkpt lat="65.958633336" lon="15.81576869"/>
      <trkpt lat="65.958616669" lon="15.817202023"/>
      <trkpt lat="65.958683336" lon="15.820218688"/>
      <trkpt lat="65.958550002" lon="15.822468686"/>
      <trkpt lat="65.958250002" lon="15.823885354"/>
      <trkpt lat="65.957866669" lon="15.825352019"/>
      <trkpt lat="65.956416668" lon="15.832435348"/>
      <trkpt lat="65.956233335" lon="15.834202015"/>
      <trkpt lat="65.956016667" lon="15.846835341"/>
      <trkpt lat="65.955550001" lon="15.85416867"/>
      <trkpt lat="65.955349999" lon="15.861702002"/>
      <trkpt lat="65.956033331" lon="15.877201995"/>
      <trkpt lat="65.954743177" lon="15.884697132"/>
      <trkpt lat="65.950939339" lon="15.892225263"/>
      <trkpt lat="65.950560116" lon="15.893796435"/>
      <trkpt lat="65.950049999" lon="15.89556865"/>
      <trkpt lat="65.9462" lon="15.901168646"/>
      <trkpt lat="65.944916667" lon="15.904901977"/>
      <trkpt lat="65.9443" lon="15.90623531"/>
      <trkpt lat="65.943083334" lon="15.907968641"/>
      <trkpt lat="65.942550001" lon="15.909585307"/>
      <trkpt lat="65.940383335" lon="15.911968637"/>
      <trkpt lat="65.938683335" lon="15.914185303"/>
      <trkpt lat="65.936700003" lon="15.9155853"/>
      <trkpt lat="65.935950003" lon="15.915668634"/>
      <trkpt lat="65.935333336" lon="15.9155853"/>
      <trkpt lat="65.93451667" lon="15.9164853"/>
      <trkpt lat="65.93391667" lon="15.918001966"/>
      <trkpt lat="65.933100004" lon="15.919035296"/>
      <trkpt lat="65.932250004" lon="15.920485297"/>
      <trkpt lat="65.929233338" lon="15.930051956"/>
      <trkpt lat="65.926700005" lon="15.93661862"/>
      <trkpt lat="65.926450005" lon="15.93771862"/>
      <trkpt lat="65.926050005" lon="15.940801949"/>
      <trkpt lat="65.926333338" lon="15.948485281"/>
      <trkpt lat="65.924266671" lon="15.949701946"/>
      <trkpt lat="65.923833338" lon="15.950651944"/>
      <trkpt lat="65.923333339" lon="15.951985278"/>
      <trkpt lat="65.922850005" lon="15.953951942"/>
      <trkpt lat="65.923400004" lon="15.958568608"/>
      <trkpt lat="65.924016671" lon="15.96145194"/>
      <trkpt lat="65.924016671" lon="15.961385273"/>
      <trkpt lat="65.924100004" lon="15.963068606"/>
      <trkpt lat="65.92396667" lon="15.964185273"/>
      <trkpt lat="65.923333337" lon="15.966835272"/>
      <trkpt lat="65.923066671" lon="15.967618603"/>
      <trkpt lat="65.92306667" lon="15.968551938"/>
      <trkpt lat="65.923750003" lon="15.973851934"/>
      <trkpt lat="65.923750003" lon="15.974751934"/>
      <trkpt lat="65.923250002" lon="15.982168597"/>
      <trkpt lat="65.923100002" lon="15.988501929"/>
      <trkpt lat="65.922783335" lon="15.995168592"/>
      <trkpt lat="65.922050001" lon="15.999351922"/>
      <trkpt lat="65.921783335" lon="16.000351922"/>
      <trkpt lat="65.920383335" lon="16.003551919"/>
      <trkpt lat="65.920083335" lon="16.004435253"/>
      <trkpt lat="65.920000002" lon="16.006635252"/>
      <trkpt lat="65.920033334" lon="16.010651917"/>
      <trkpt lat="65.920133334" lon="16.01223525"/>
      <trkpt lat="65.920366667" lon="16.014201915"/>
      <trkpt lat="65.920733333" lon="16.016235248"/>
      <trkpt lat="65.922316666" lon="16.02231858"/>
      <trkpt lat="65.922766666" lon="16.024351911"/>
      <trkpt lat="65.924466664" lon="16.031401909"/>
      <trkpt lat="65.924616664" lon="16.033368576"/>
      <trkpt lat="65.924716664" lon="16.035251908"/>
      <trkpt lat="65.924649997" lon="16.036801909"/>
      <trkpt lat="65.923149769" lon="16.044701904"/>
      <trkpt lat="65.92398333" lon="16.04776857"/>
      <trkpt lat="65.926183328" lon="16.057751899"/>
      <trkpt lat="65.92716666" lon="16.065268564"/>
      <trkpt lat="65.927833326" lon="16.069985229"/>
      <trkpt lat="65.928483325" lon="16.072785227"/>
      <trkpt lat="65.928999992" lon="16.074385227"/>
      <trkpt lat="65.930199991" lon="16.077535225"/>
      <trkpt lat="65.931633324" lon="16.080718559"/>
      <trkpt lat="65.933416656" lon="16.084018558"/>
      <trkpt lat="65.933533322" lon="16.085735224"/>
      <trkpt lat="65.933666655" lon="16.086218557"/>
      <trkpt lat="65.934616655" lon="16.088801891"/>
      <trkpt lat="65.936366654" lon="16.090718557"/>
      <trkpt lat="65.94138822" lon="16.094278361"/>
      <trkpt lat="65.94159635" lon="16.09464583"/>
      <trkpt lat="65.94138822" lon="16.094278361"/>
      <trkpt lat="65.94159635" lon="16.09464583"/>
      <trkpt lat="65.942683318" lon="16.095185225"/>
      <trkpt lat="65.943183317" lon="16.098551891"/>
      <trkpt lat="65.94376665" lon="16.100185222"/>
      <trkpt lat="65.943799983" lon="16.104585222"/>
      <trkpt lat="65.944249982" lon="16.106801888"/>
      <trkpt lat="65.944816648" lon="16.108535221"/>
      <trkpt lat="65.945649981" lon="16.109451887"/>
      <trkpt lat="65.947016647" lon="16.112001887"/>
      <trkpt lat="65.947166647" lon="16.11413522"/>
      <trkpt lat="65.946949981" lon="16.116218552"/>
      <trkpt lat="65.946033313" lon="16.119818549"/>
      <trkpt lat="65.945366648" lon="16.121218548"/>
      <trkpt lat="65.944883314" lon="16.122935214"/>
      <trkpt lat="65.943683314" lon="16.126018546"/>
      <trkpt lat="65.943099981" lon="16.127701878"/>
      <trkpt lat="65.942216649" lon="16.12848521"/>
      <trkpt lat="65.941899981" lon="16.130318542"/>
      <trkpt lat="65.941349982" lon="16.131918542"/>
      <trkpt lat="65.941199982" lon="16.133785208"/>
      <trkpt lat="65.941533314" lon="16.13571854"/>
      <trkpt lat="65.941699981" lon="16.137285207"/>
      <trkpt lat="65.941699981" lon="16.139418538"/>
      <trkpt lat="65.941616648" lon="16.141668538"/>
      <trkpt lat="65.941083314" lon="16.143468536"/>
      <trkpt lat="65.940649981" lon="16.145418535"/>
      <trkpt lat="65.940633314" lon="16.147635201"/>
      <trkpt lat="65.940366648" lon="16.149618532"/>
      <trkpt lat="65.940883313" lon="16.151335199"/>
      <trkpt lat="65.94064998" lon="16.152868532"/>
      <trkpt lat="65.940783313" lon="16.155118532"/>
      <trkpt lat="65.941116646" lon="16.157301864"/>
      <trkpt lat="65.941383313" lon="16.15976853"/>
      <trkpt lat="65.941483312" lon="16.162068528"/>
      <trkpt lat="65.941699979" lon="16.164318528"/>
      <trkpt lat="65.942266645" lon="16.173118524"/>
      <trkpt lat="65.942233311" lon="16.175518523"/>
      <trkpt lat="65.942266644" lon="16.177801855"/>
      <trkpt lat="65.943249976" lon="16.181401854"/>
      <trkpt lat="65.943349976" lon="16.185601853"/>
      <trkpt lat="65.943716643" lon="16.187135185"/>
      <trkpt lat="65.944066642" lon="16.189318518"/>
      <trkpt lat="65.945049974" lon="16.193285184"/>
      <trkpt lat="65.945349975" lon="16.195035183"/>
      <trkpt lat="65.945966641" lon="16.196235182"/>
      <trkpt lat="65.946799974" lon="16.196818515"/>
      <trkpt lat="65.94761664" lon="16.197768514"/>
      <trkpt lat="65.948499973" lon="16.198385182"/>
      <trkpt lat="65.949383306" lon="16.198835182"/>
      <trkpt lat="65.950266639" lon="16.199918517"/>
      <trkpt lat="65.950999972" lon="16.201268515"/>
      <trkpt lat="65.951849972" lon="16.202568515"/>
      <trkpt lat="65.961116635" lon="16.190351858"/>
      <trkpt lat="65.961499968" lon="16.19040186"/>
      <trkpt lat="65.962316634" lon="16.18980186"/>
      <trkpt lat="65.963016634" lon="16.18975186"/>
      <trkpt lat="65.963666634" lon="16.189451859"/>
      <trkpt lat="65.964449967" lon="16.189768528"/>
      <trkpt lat="65.965233299" lon="16.190751859"/>
      <trkpt lat="65.9661333" lon="16.191318527"/>
      <trkpt lat="65.967049965" lon="16.190718529"/>
      <trkpt lat="65.967499965" lon="16.188985196"/>
      <trkpt lat="65.967233299" lon="16.187001863"/>
      <trkpt lat="65.967349966" lon="16.18491853"/>
      <trkpt lat="65.967849965" lon="16.183351866"/>
      <trkpt lat="65.968433299" lon="16.181818533"/>
      <trkpt lat="65.968783299" lon="16.179801868"/>
      <trkpt lat="65.968866632" lon="16.177668534"/>
      <trkpt lat="65.969149966" lon="16.175485202"/>
      <trkpt lat="65.969983299" lon="16.171451871"/>
      <trkpt lat="65.970499966" lon="16.169651872"/>
      <trkpt lat="65.971083299" lon="16.167901874"/>
      <trkpt lat="65.971766632" lon="16.163468542"/>
      <trkpt lat="65.973866632" lon="16.159301879"/>
      <trkpt lat="65.974749965" lon="16.158768547"/>
      <trkpt lat="65.975499964" lon="16.157518547"/>
      <trkpt lat="65.976399964" lon="16.157235215"/>
      <trkpt lat="65.977949963" lon="16.159801881"/>
      <trkpt lat="65.978866629" lon="16.159885214"/>
      <trkpt lat="65.979699963" lon="16.158801882"/>
      <trkpt lat="65.980499962" lon="16.159151882"/>
      <trkpt lat="65.981199962" lon="16.158451883"/>
      <trkpt lat="65.982733295" lon="16.156135218"/>
      <trkpt lat="65.983433295" lon="16.154651885"/>
      <trkpt lat="65.983999961" lon="16.152868554"/>
      <trkpt lat="65.985383294" lon="16.149901888"/>
      <trkpt lat="65.986916627" lon="16.147435224"/>
      <trkpt lat="65.98779996" lon="16.146835225"/>
      <trkpt lat="65.988416626" lon="16.145318559"/>
      <trkpt lat="65.988866626" lon="16.14346856"/>
      <trkpt lat="65.989266626" lon="16.141451895"/>
      <trkpt lat="65.990766626" lon="16.138851896"/>
      <trkpt lat="65.991466626" lon="16.137351898"/>
      <trkpt lat="65.992783293" lon="16.134318567"/>
      <trkpt lat="65.993299958" lon="16.132451901"/>
      <trkpt lat="65.994116625" lon="16.131651902"/>
      <trkpt lat="65.995599958" lon="16.129385237"/>
      <trkpt lat="65.996433291" lon="16.128385238"/>
      <trkpt lat="65.997149957" lon="16.127351904"/>
      <trkpt lat="65.99803329" lon="16.126851905"/>
      <trkpt lat="65.998816624" lon="16.125951906"/>
      <trkpt lat="66.00068329" lon="16.125268575"/>
      <trkpt lat="66.001466622" lon="16.124485242"/>
      <trkpt lat="66.002333289" lon="16.123968575"/>
      <trkpt lat="66.003216621" lon="16.12465191"/>
      <trkpt lat="66.005133288" lon="16.124635244"/>
      <trkpt lat="66.006616621" lon="16.121885245"/>
      <trkpt lat="66.007433287" lon="16.121668579"/>
      <trkpt lat="66.00826662" lon="16.121651914"/>
      <trkpt lat="66.009899953" lon="16.119335249"/>
      <trkpt lat="66.010716619" lon="16.118451917"/>
      <trkpt lat="66.011516619" lon="16.11908525"/>
      <trkpt lat="66.012216618" lon="16.120585249"/>
      <trkpt lat="66.012849951" lon="16.122285248"/>
      <trkpt lat="66.015133283" lon="16.126451915"/>
      <trkpt lat="66.015899949" lon="16.127701914"/>
      <trkpt lat="66.017516615" lon="16.129785247"/>
      <trkpt lat="66.018433281" lon="16.129618582"/>
      <trkpt lat="66.022033279" lon="16.126985251"/>
      <trkpt lat="66.022933279" lon="16.126185252"/>
      <trkpt lat="66.027116611" lon="16.120551924"/>
      <trkpt lat="66.028816611" lon="16.118418592"/>
      <trkpt lat="66.035899942" lon="16.111385266"/>
      <trkpt lat="66.039533273" lon="16.109001935"/>
      <trkpt lat="66.045166604" lon="16.106168606"/>
      <trkpt lat="66.049933268" lon="16.104351942"/>
      <trkpt lat="66.050883268" lon="16.103701944"/>
      <trkpt lat="66.051666602" lon="16.10291861"/>
      <trkpt lat="66.052849935" lon="16.099151946"/>
      <trkpt lat="66.053516601" lon="16.097635281"/>
      <trkpt lat="66.054949934" lon="16.094701951"/>
      <trkpt lat="66.055766601" lon="16.093485284"/>
      <trkpt lat="66.058283266" lon="16.090235288"/>
      <trkpt lat="66.059133266" lon="16.089285287"/>
      <trkpt lat="66.061783265" lon="16.086951958"/>
      <trkpt lat="66.072016595" lon="16.074735301"/>
      <trkpt lat="66.083366591" lon="16.056385317"/>
      <trkpt lat="66.086749923" lon="16.05233532"/>
      <trkpt lat="66.087683256" lon="16.051568654"/>
      <trkpt lat="66.089549922" lon="16.050268657"/>
      <trkpt lat="66.090483255" lon="16.04995199"/>
      <trkpt lat="66.092283254" lon="16.05115199"/>
      <trkpt lat="66.093166587" lon="16.052035324"/>
      <trkpt lat="66.093983253" lon="16.05320199"/>
      <trkpt lat="66.09748325" lon="16.060751988"/>
      <trkpt lat="66.098233251" lon="16.062135322"/>
      <trkpt lat="66.098916583" lon="16.063685322"/>
      <trkpt lat="66.099499916" lon="16.065368654"/>
      <trkpt lat="66.100183248" lon="16.069735319"/>
      <trkpt lat="66.100449915" lon="16.071968651"/>
      <trkpt lat="66.100599915" lon="16.074218651"/>
      <trkpt lat="66.100399915" lon="16.076351983"/>
      <trkpt lat="66.100016581" lon="16.078451981"/>
      <trkpt lat="66.099299915" lon="16.079968647"/>
      <trkpt lat="66.098383249" lon="16.08000198"/>
      <trkpt lat="66.097549915" lon="16.080968646"/>
      <trkpt lat="66.096783249" lon="16.082101979"/>
      <trkpt lat="66.096366582" lon="16.08388531"/>
      <trkpt lat="66.096533248" lon="16.086118642"/>
      <trkpt lat="66.096799915" lon="16.088218642"/>
      <trkpt lat="66.096899915" lon="16.090451974"/>
      <trkpt lat="66.096866582" lon="16.092785306"/>
      <trkpt lat="66.096933248" lon="16.094968637"/>
      <trkpt lat="66.096833248" lon="16.097418637"/>
      <trkpt lat="66.096599914" lon="16.099568637"/>
      <trkpt lat="66.096149914" lon="16.101651968"/>
      <trkpt lat="66.095466581" lon="16.103268634"/>
      <trkpt lat="66.095083248" lon="16.105168632"/>
      <trkpt lat="66.094999914" lon="16.107285298"/>
      <trkpt lat="66.095149914" lon="16.109418632"/>
      <trkpt lat="66.095083247" lon="16.111651963"/>
      <trkpt lat="66.094883247" lon="16.113901961"/>
      <trkpt lat="66.09481658" lon="16.116135295"/>
      <trkpt lat="66.094649914" lon="16.118168626"/>
      <trkpt lat="66.09571658" lon="16.120535292"/>
      <trkpt lat="66.095433246" lon="16.120668625"/>
      <trkpt lat="66.094183247" lon="16.12353529"/>
      <trkpt lat="66.093583247" lon="16.124418622"/>
      <trkpt lat="66.092866581" lon="16.125835288"/>
      <trkpt lat="66.091316581" lon="16.128301954"/>
      <trkpt lat="66.090833247" lon="16.130151952"/>
      <trkpt lat="66.090266581" lon="16.131868618"/>
      <trkpt lat="66.089499915" lon="16.133185283"/>
      <trkpt lat="66.088866581" lon="16.134785281"/>
      <trkpt lat="66.087716582" lon="16.138251947"/>
      <trkpt lat="66.087283249" lon="16.140118613"/>
      <trkpt lat="66.086649915" lon="16.141801943"/>
      <trkpt lat="66.085983249" lon="16.143401943"/>
      <trkpt lat="66.085166583" lon="16.144585276"/>
      <trkpt lat="66.08378325" lon="16.147518607"/>
      <trkpt lat="66.083366583" lon="16.149501939"/>
      <trkpt lat="66.082249916" lon="16.153068604"/>
      <trkpt lat="66.080216584" lon="16.157751933"/>
      <trkpt lat="66.079599917" lon="16.159568599"/>
      <trkpt lat="66.078849917" lon="16.161068599"/>
      <trkpt lat="66.077283251" lon="16.163451929"/>
      <trkpt lat="66.077600918" lon="16.162983763"/>
      <trkpt lat="66.077283251" lon="16.164818594"/>
      <trkpt lat="66.076699918" lon="16.166451927"/>
      <trkpt lat="66.076733252" lon="16.168551926"/>
      <trkpt lat="66.076499918" lon="16.170435258"/>
      <trkpt lat="66.075766585" lon="16.17166859"/>
      <trkpt lat="66.075233252" lon="16.173435256"/>
      <trkpt lat="66.075083251" lon="16.175535256"/>
      <trkpt lat="66.074633251" lon="16.177268588"/>
      <trkpt lat="66.074316585" lon="16.179418586"/>
      <trkpt lat="66.073949918" lon="16.181501918"/>
      <trkpt lat="66.073466585" lon="16.183318584"/>
      <trkpt lat="66.073249918" lon="16.185468583"/>
      <trkpt lat="66.073199918" lon="16.18758525"/>
      <trkpt lat="66.073033251" lon="16.189768582"/>
      <trkpt lat="66.073133251" lon="16.191835247"/>
      <trkpt lat="66.073016584" lon="16.194035245"/>
      <trkpt lat="66.072599917" lon="16.196068577"/>
      <trkpt lat="66.072416584" lon="16.198218577"/>
      <trkpt lat="66.072866583" lon="16.199485243"/>
      <trkpt lat="66.073316583" lon="16.201318576"/>
      <trkpt lat="66.074716583" lon="16.204101909"/>
      <trkpt lat="66.075599915" lon="16.204535243"/>
      <trkpt lat="66.076499915" lon="16.204551908"/>
      <trkpt lat="66.077266581" lon="16.205535243"/>
      <trkpt lat="66.077566581" lon="16.207551908"/>
      <trkpt lat="66.077049914" lon="16.211901907"/>
      <trkpt lat="66.07696658" lon="16.216301903"/>
      <trkpt lat="66.07726658" lon="16.218318571"/>
      <trkpt lat="66.07671658" lon="16.220135235"/>
      <trkpt lat="66.076399914" lon="16.222201901"/>
      <trkpt lat="66.076183247" lon="16.224418566"/>
      <trkpt lat="66.07626658" lon="16.226701898"/>
      <trkpt lat="66.076289729" lon="16.23024008"/>
      <trkpt lat="66.076797843" lon="16.231713485"/>
      <trkpt lat="66.077709082" lon="16.237937037"/>
      <trkpt lat="66.077068223" lon="16.2444435"/>
      <trkpt lat="66.0776787" lon="16.248671215"/>
      <trkpt lat="66.077661003" lon="16.254805019"/>
      <trkpt lat="66.07920044" lon="16.260583239"/>
      <trkpt lat="66.081046332" lon="16.267901435"/>
      <trkpt lat="66.079941979" lon="16.272865819"/>
      <trkpt lat="66.080206585" lon="16.279538886"/>
      <trkpt lat="66.080182908" lon="16.279970543"/>
      <trkpt lat="66.08263715" lon="16.284597881"/>
      <trkpt lat="66.086551995" lon="16.2933952"/>
      <trkpt lat="66.089974912" lon="16.301350942"/>
      <trkpt lat="66.093106771" lon="16.304378529"/>
      <trkpt lat="66.096560379" lon="16.30865242"/>
      <trkpt lat="66.104937711" lon="16.320148546"/>
      <trkpt lat="66.108203678" lon="16.326875957"/>
      <trkpt lat="66.111479951" lon="16.332375927"/>
      <trkpt lat="66.109595576" lon="16.327756989"/>
      <trkpt lat="66.109871512" lon="16.328412184"/>
      <trkpt lat="66.110035925" lon="16.328939342"/>
      <trkpt lat="66.110311482" lon="16.329639006"/>
      <trkpt lat="66.110604524" lon="16.33048778"/>
      <trkpt lat="66.111315304" lon="16.332960534"/>
      <trkpt lat="66.112032352" lon="16.335137404"/>
      <trkpt lat="66.112526797" lon="16.336571065"/>
      <trkpt lat="66.112908897" lon="16.337535823"/>
      <trkpt lat="66.1132601" lon="16.33816556"/>
      <trkpt lat="66.113843452" lon="16.339733689"/>
      <trkpt lat="66.114212454" lon="16.340475565"/>
      <trkpt lat="66.114648588" lon="16.341267317"/>
      <trkpt lat="66.115370325" lon="16.342027879"/>
      <trkpt lat="66.116160698" lon="16.343097771"/>
      <trkpt lat="66.116463956" lon="16.344058573"/>
      <trkpt lat="66.117029209" lon="16.345542727"/>
      <trkpt lat="66.117471015" lon="16.346974085"/>
      <trkpt lat="66.117982696" lon="16.348140587"/>
      <trkpt lat="66.118538149" lon="16.349022287"/>
      <trkpt lat="66.119331621" lon="16.350592941"/>
      <trkpt lat="66.119921671" lon="16.351810072"/>
      <trkpt lat="66.120912704" lon="16.353513944"/>
      <trkpt lat="66.121256299" lon="16.35422547"/>
      <trkpt lat="66.121702574" lon="16.35501446"/>
      <trkpt lat="66.122444515" lon="16.356237799"/>
      <trkpt lat="66.122962472" lon="16.356710206"/>
      <trkpt lat="66.123077073" lon="16.356938699"/>
      <trkpt lat="66.123221453" lon="16.357096841"/>
      <trkpt lat="66.123345894" lon="16.357110048"/>
      <trkpt lat="66.123740834" lon="16.357405865"/>
      <trkpt lat="66.123908824" lon="16.357591429"/>
      <trkpt lat="66.124496346" lon="16.358590858"/>
      <trkpt lat="66.124707517" lon="16.358687198"/>
      <trkpt lat="66.124829197" lon="16.358713332"/>
      <trkpt lat="66.124923989" lon="16.358783802"/>
      <trkpt lat="66.125033766" lon="16.359012596"/>
      <trkpt lat="66.125168448" lon="16.359212209"/>
      <trkpt lat="66.125289822" lon="16.359342415"/>
      <trkpt lat="66.125701445" lon="16.359894749"/>
      <trkpt lat="66.125864644" lon="16.360053468"/>
      <trkpt lat="66.126058815" lon="16.360145128"/>
      <trkpt lat="66.126409456" lon="16.360007672"/>
      <trkpt lat="66.126525937" lon="16.360007668"/>
      <trkpt lat="66.12684666" lon="16.360106089"/>
      <trkpt lat="66.127224491" lon="16.360045099"/>
      <trkpt lat="66.127902342" lon="16.359843907"/>
      <trkpt lat="66.128377665" lon="16.359638123"/>
      <trkpt lat="66.128686886" lon="16.359604699"/>
      <trkpt lat="66.129484365" lon="16.359909939"/>
      <trkpt lat="66.129754128" lon="16.360043139"/>
      <trkpt lat="66.130567348" lon="16.360286764"/>
      <trkpt lat="66.131015273" lon="16.360317021"/>
      <trkpt lat="66.131359538" lon="16.360616773"/>
      <trkpt lat="66.131561415" lon="16.360696356"/>
      <trkpt lat="66.131671564" lon="16.360839778"/>
      <trkpt lat="66.131875036" lon="16.36102571"/>
      <trkpt lat="66.132157728" lon="16.361128394"/>
      <trkpt lat="66.132296825" lon="16.361148349"/>
      <trkpt lat="66.132505245" lon="16.361059513"/>
      <trkpt lat="66.132639439" lon="16.361060464"/>
      <trkpt lat="66.132878283" lon="16.36096701"/>
      <trkpt lat="66.133209947" lon="16.360684741"/>
      <trkpt lat="66.133799992" lon="16.360678856"/>
      <trkpt lat="66.134038891" lon="16.36057915"/>
      <trkpt lat="66.134311466" lon="16.360393719"/>
      <trkpt lat="66.134573421" lon="16.360263963"/>
      <trkpt lat="66.134856948" lon="16.360272917"/>
      <trkpt lat="66.135138265" lon="16.360244245"/>
      <trkpt lat="66.135250513" lon="16.360437823"/>
      <trkpt lat="66.135470819" lon="16.360724709"/>
      <trkpt lat="66.135745484" lon="16.360876979"/>
      <trkpt lat="66.136025922" lon="16.360948296"/>
      <trkpt lat="66.136767499" lon="16.360988078"/>
      <trkpt lat="66.137756668" lon="16.361666387"/>
      <trkpt lat="66.138019172" lon="16.361761771"/>
      <trkpt lat="66.138359619" lon="16.361930273"/>
      <trkpt lat="66.138604079" lon="16.361965378"/>
      <trkpt lat="66.139090766" lon="16.362288225"/>
      <trkpt lat="66.139438212" lon="16.362251933"/>
      <trkpt lat="66.139725417" lon="16.361981624"/>
      <trkpt lat="66.139950246" lon="16.361718951"/>
      <trkpt lat="66.140213458" lon="16.361645177"/>
      <trkpt lat="66.140511495" lon="16.361661177"/>
      <trkpt lat="66.141489134" lon="16.361823553"/>
      <trkpt lat="66.142254225" lon="16.361359061"/>
      <trkpt lat="66.142852996" lon="16.361083449"/>
      <trkpt lat="66.145396686" lon="16.359779998"/>
      <trkpt lat="66.147247713" lon="16.358801953"/>
      <trkpt lat="66.149452353" lon="16.357589847"/>
      <trkpt lat="66.150519796" lon="16.356646527"/>
      <trkpt lat="66.150852914" lon="16.356213564"/>
      <trkpt lat="66.15112657" lon="16.355964333"/>
      <trkpt lat="66.151381373" lon="16.35583504"/>
      <trkpt lat="66.15173992" lon="16.355546357"/>
      <trkpt lat="66.152227474" lon="16.355264561"/>
      <trkpt lat="66.15264676" lon="16.355155045"/>
      <trkpt lat="66.153114595" lon="16.355092084"/>
      <trkpt lat="66.154300522" lon="16.354847592"/>
      <trkpt lat="66.154879842" lon="16.354757588"/>
      <trkpt lat="66.155960935" lon="16.354287532"/>
      <trkpt lat="66.15672158" lon="16.354328176"/>
      <trkpt lat="66.157125883" lon="16.354404771"/>
      <trkpt lat="66.157269479" lon="16.35426949"/>
      <trkpt lat="66.158073377" lon="16.352926745"/>
      <trkpt lat="66.158442361" lon="16.352462546"/>
      <trkpt lat="66.15873815" lon="16.352225358"/>
      <trkpt lat="66.159166907" lon="16.352050276"/>
      <trkpt lat="66.159776606" lon="16.352049808"/>
      <trkpt lat="66.160280979" lon="16.35187875"/>
      <trkpt lat="66.160884757" lon="16.351536992"/>
      <trkpt lat="66.161211684" lon="16.351301454"/>
      <trkpt lat="66.161505229" lon="16.350811153"/>
      <trkpt lat="66.161820248" lon="16.350409985"/>
      <trkpt lat="66.162799939" lon="16.349318229"/>
      <trkpt lat="66.163172106" lon="16.348997048"/>
      <trkpt lat="66.163543132" lon="16.348807808"/>
      <trkpt lat="66.163903632" lon="16.348804997"/>
      <trkpt lat="66.165426551" lon="16.348699069"/>
      <trkpt lat="66.165721769" lon="16.348527754"/>
      <trkpt lat="66.166175158" lon="16.348078845"/>
      <trkpt lat="66.166865775" lon="16.347983568"/>
      <trkpt lat="66.167126455" lon="16.347689415"/>
      <trkpt lat="66.167283487" lon="16.347543734"/>
      <trkpt lat="66.167394693" lon="16.347549649"/>
      <trkpt lat="66.16817638" lon="16.348240358"/>
      <trkpt lat="66.168571736" lon="16.348833515"/>
      <trkpt lat="66.168968144" lon="16.349305712"/>
      <trkpt lat="66.169345806" lon="16.349886958"/>
      <trkpt lat="66.169611013" lon="16.35060525"/>
      <trkpt lat="66.169745063" lon="16.351052519"/>
      <trkpt lat="66.170083347" lon="16.353084089"/>
      <trkpt lat="66.170370798" lon="16.354309758"/>
      <trkpt lat="66.170519058" lon="16.354658785"/>
      <trkpt lat="66.170759304" lon="16.355683916"/>
      <trkpt lat="66.170920416" lon="16.356088665"/>
      <trkpt lat="66.171076509" lon="16.356559153"/>
      <trkpt lat="66.17112651" lon="16.356946956"/>
      <trkpt lat="66.171149345" lon="16.357388303"/>
      <trkpt lat="66.171146259" lon="16.35774025"/>
      <trkpt lat="66.171118059" lon="16.358185118"/>
      <trkpt lat="66.171005071" lon="16.359375162"/>
      <trkpt lat="66.170928106" lon="16.359749408"/>
      <trkpt lat="66.17090249" lon="16.360084346"/>
      <trkpt lat="66.170903728" lon="16.360588893"/>
      <trkpt lat="66.170996465" lon="16.361000274"/>
      <trkpt lat="66.171091049" lon="16.361201546"/>
      <trkpt lat="66.171093876" lon="16.361524015"/>
      <trkpt lat="66.171130826" lon="16.361834296"/>
      <trkpt lat="66.171369615" lon="16.362393668"/>
      <trkpt lat="66.171756323" lon="16.362890947"/>
      <trkpt lat="66.17222911" lon="16.363266741"/>
      <trkpt lat="66.172646359" lon="16.363513448"/>
      <trkpt lat="66.173129114" lon="16.364043964"/>
      <trkpt lat="66.173790563" lon="16.364878457"/>
      <trkpt lat="66.174030832" lon="16.365269809"/>
      <trkpt lat="66.174217897" lon="16.365449592"/>
      <trkpt lat="66.174638367" lon="16.366055103"/>
      <trkpt lat="66.174778797" lon="16.366362165"/>
      <trkpt lat="66.1748803" lon="16.366473062"/>
      <trkpt lat="66.175034451" lon="16.366551166"/>
      <trkpt lat="66.175886953" lon="16.367440286"/>
      <trkpt lat="66.176399108" lon="16.368012677"/>
      <trkpt lat="66.176610312" lon="16.368301761"/>
      <trkpt lat="66.176928701" lon="16.368652608"/>
      <trkpt lat="66.17717008" lon="16.369022801"/>
      <trkpt lat="66.177727556" lon="16.369731855"/>
      <trkpt lat="66.178169423" lon="16.370226432"/>
      <trkpt lat="66.178264782" lon="16.370297259"/>
      <trkpt lat="66.178411579" lon="16.370513568"/>
      <trkpt lat="66.178542824" lon="16.370598346"/>
      <trkpt lat="66.179011362" lon="16.370809486"/>
      <trkpt lat="66.179173457" lon="16.370931669"/>
      <trkpt lat="66.179338455" lon="16.371000569"/>
      <trkpt lat="66.179453514" lon="16.371019095"/>
      <trkpt lat="66.179770571" lon="16.371001798"/>
      <trkpt lat="66.179839877" lon="16.37103549"/>
      <trkpt lat="66.180041296" lon="16.371314343"/>
      <trkpt lat="66.180275038" lon="16.371476303"/>
      <trkpt lat="66.180454597" lon="16.371528265"/>
      <trkpt lat="66.1812007" lon="16.371583269"/>
      <trkpt lat="66.18136683" lon="16.371278122"/>
      <trkpt lat="66.181640508" lon="16.370515982"/>
      <trkpt lat="66.181693751" lon="16.370216189"/>
      <trkpt lat="66.182077582" lon="16.368973416"/>
      <trkpt lat="66.182381093" lon="16.368355495"/>
      <trkpt lat="66.182557766" lon="16.367949958"/>
      <trkpt lat="66.182682603" lon="16.36744049"/>
      <trkpt lat="66.182794267" lon="16.36705496"/>
      <trkpt lat="66.182987735" lon="16.366650381"/>
      <trkpt lat="66.183101677" lon="16.366276863"/>
      <trkpt lat="66.183317019" lon="16.365843843"/>
      <trkpt lat="66.183678437" lon="16.365193552"/>
      <trkpt lat="66.183916535" lon="16.364892481"/>
      <trkpt lat="66.184061232" lon="16.364823592"/>
      <trkpt lat="66.184195038" lon="16.364635292"/>
      <trkpt lat="66.184319527" lon="16.364416766"/>
      <trkpt lat="66.184562093" lon="16.364406978"/>
      <trkpt lat="66.185139956" lon="16.364481791"/>
      <trkpt lat="66.185472186" lon="16.36463751"/>
      <trkpt lat="66.185564253" lon="16.364803191"/>
      <trkpt lat="66.186148422" lon="16.365484215"/>
      <trkpt lat="66.186423291" lon="16.365868308"/>
      <trkpt lat="66.186582654" lon="16.366025978"/>
      <trkpt lat="66.186812713" lon="16.366324349"/>
      <trkpt lat="66.186958074" lon="16.366439644"/>
      <trkpt lat="66.187099581" lon="16.366453744"/>
      <trkpt lat="66.18719232" lon="16.366548173"/>
      <trkpt lat="66.1877195" lon="16.367671522"/>
      <trkpt lat="66.187859109" lon="16.367887464"/>
      <trkpt lat="66.188146751" lon="16.36818918"/>
      <trkpt lat="66.188367315" lon="16.368475154"/>
      <trkpt lat="66.188747848" lon="16.368871046"/>
      <trkpt lat="66.189047752" lon="16.369376105"/>
      <trkpt lat="66.189245649" lon="16.36951272"/>
      <trkpt lat="66.18933776" lon="16.369666747"/>
      <trkpt lat="66.189678266" lon="16.369948539"/>
      <trkpt lat="66.189889275" lon="16.370216644"/>
      <trkpt lat="66.190232236" lon="16.370492655"/>
      <trkpt lat="66.190431657" lon="16.370718491"/>
      <trkpt lat="66.190625701" lon="16.371003387"/>
      <trkpt lat="66.190805113" lon="16.371311164"/>
      <trkpt lat="66.190900678" lon="16.371602033"/>
      <trkpt lat="66.191244772" lon="16.373226538"/>
      <trkpt lat="66.191376499" lon="16.373501775"/>
      <trkpt lat="66.191490131" lon="16.373663059"/>
      <trkpt lat="66.19175158" lon="16.373928292"/>
      <trkpt lat="66.192024427" lon="16.374010098"/>
      <trkpt lat="66.192683066" lon="16.374406205"/>
      <trkpt lat="66.192814542" lon="16.374461643"/>
      <trkpt lat="66.192967965" lon="16.37448279"/>
      <trkpt lat="66.193096932" lon="16.374549972"/>
      <trkpt lat="66.19345434" lon="16.374821022"/>
      <trkpt lat="66.193559897" lon="16.37482738"/>
      <trkpt lat="66.193686232" lon="16.37491816"/>
      <trkpt lat="66.193852465" lon="16.375100467"/>
      <trkpt lat="66.194333865" lon="16.37545624"/>
      <trkpt lat="66.194747967" lon="16.375819849"/>
      <trkpt lat="66.194819119" lon="16.375907326"/>
      <trkpt lat="66.195325669" lon="16.376145822"/>
      <trkpt lat="66.195472251" lon="16.376374492"/>
      <trkpt lat="66.195530822" lon="16.376520605"/>
      <trkpt lat="66.195647145" lon="16.376652385"/>
      <trkpt lat="66.195821571" lon="16.376977803"/>
      <trkpt lat="66.196187634" lon="16.377588082"/>
      <trkpt lat="66.196503187" lon="16.378207221"/>
      <trkpt lat="66.196670885" lon="16.378484723"/>
      <trkpt lat="66.197142031" lon="16.379148923"/>
      <trkpt lat="66.197561452" lon="16.379459488"/>
      <trkpt lat="66.197668177" lon="16.379590724"/>
      <trkpt lat="66.197873027" lon="16.379751654"/>
      <trkpt lat="66.19804833" lon="16.379988043"/>
      <trkpt lat="66.198407707" lon="16.380300932"/>
      <trkpt lat="66.19879278" lon="16.380686682"/>
      <trkpt lat="66.199041687" lon="16.381004797"/>
      <trkpt lat="66.199542547" lon="16.381575845"/>
      <trkpt lat="66.199803212" lon="16.381918453"/>
      <trkpt lat="66.19997108" lon="16.38217819"/>
      <trkpt lat="66.200258774" lon="16.382457097"/>
      <trkpt lat="66.20074227" lon="16.382599293"/>
      <trkpt lat="66.201176797" lon="16.382595926"/>
      <trkpt lat="66.201785967" lon="16.382894338"/>
      <trkpt lat="66.201874965" lon="16.38287597"/>
      <trkpt lat="66.201950973" lon="16.382957827"/>
      <trkpt lat="66.202388499" lon="16.383085867"/>
      <trkpt lat="66.202541573" lon="16.383095771"/>
      <trkpt lat="66.20274394" lon="16.383197737"/>
      <trkpt lat="66.203164101" lon="16.383301933"/>
      <trkpt lat="66.203322848" lon="16.383454365"/>
      <trkpt lat="66.203513261" lon="16.38355555"/>
      <trkpt lat="66.203601757" lon="16.38356128"/>
      <trkpt lat="66.203686974" lon="16.383424613"/>
      <trkpt lat="66.203746896" lon="16.38341665"/>
      <trkpt lat="66.204031449" lon="16.383215866"/>
      <trkpt lat="66.204131846" lon="16.383228288"/>
      <trkpt lat="66.204311859" lon="16.383180709"/>
      <trkpt lat="66.204450974" lon="16.38337928"/>
      <trkpt lat="66.204781879" lon="16.383548804"/>
      <trkpt lat="66.204937684" lon="16.383754382"/>
      <trkpt lat="66.205066231" lon="16.384047067"/>
      <trkpt lat="66.205366528" lon="16.384507892"/>
      <trkpt lat="66.205451896" lon="16.384697071"/>
      <trkpt lat="66.205545153" lon="16.384818636"/>
      <trkpt lat="66.205637907" lon="16.384987583"/>
      <trkpt lat="66.205761037" lon="16.385114029"/>
      <trkpt lat="66.205827672" lon="16.385263508"/>
      <trkpt lat="66.205982106" lon="16.385371277"/>
      <trkpt lat="66.206452043" lon="16.385520218"/>
      <trkpt lat="66.206592129" lon="16.385514475"/>
      <trkpt lat="66.206761698" lon="16.385549161"/>
      <trkpt lat="66.206884156" lon="16.385625234"/>
      <trkpt lat="66.207095603" lon="16.385887792"/>
      <trkpt lat="66.207246758" lon="16.385965729"/>
      <trkpt lat="66.207402041" lon="16.385993571"/>
      <trkpt lat="66.207595591" lon="16.385911309"/>
      <trkpt lat="66.207993858" lon="16.385821581"/>
      <trkpt lat="66.208530594" lon="16.385651964"/>
      <trkpt lat="66.208699935" lon="16.385482226"/>
      <trkpt lat="66.208870504" lon="16.385422161"/>
      <trkpt lat="66.209215671" lon="16.385148267"/>
      <trkpt lat="66.209359335" lon="16.385142762"/>
      <trkpt lat="66.209581362" lon="16.384970502"/>
      <trkpt lat="66.209718505" lon="16.384902356"/>
      <trkpt lat="66.209816632" lon="16.38479021"/>
      <trkpt lat="66.209882536" lon="16.384782621"/>
      <trkpt lat="66.210264925" lon="16.384496303"/>
      <trkpt lat="66.210557812" lon="16.384186411"/>
      <trkpt lat="66.210715135" lon="16.384134384"/>
      <trkpt lat="66.210913871" lon="16.384013917"/>
      <trkpt lat="66.21115832" lon="16.383757157"/>
      <trkpt lat="66.211316333" lon="16.38363999"/>
      <trkpt lat="66.211431477" lon="16.383593627"/>
      <trkpt lat="66.211859691" lon="16.382933945"/>
      <trkpt lat="66.212134161" lon="16.382554652"/>
      <trkpt lat="66.212446443" lon="16.381994108"/>
      <trkpt lat="66.212568845" lon="16.381735353"/>
      <trkpt lat="66.212660547" lon="16.381664232"/>
      <trkpt lat="66.212873632" lon="16.381203914"/>
      <trkpt lat="66.212995098" lon="16.381033991"/>
      <trkpt lat="66.213139362" lon="16.380972204"/>
      <trkpt lat="66.213431161" lon="16.380991057"/>
      <trkpt lat="66.213529543" lon="16.380967786"/>
      <trkpt lat="66.213697394" lon="16.380711943"/>
      <trkpt lat="66.213819611" lon="16.380228813"/>
      <trkpt lat="66.213895011" lon="16.380097811"/>
      <trkpt lat="66.21429859" lon="16.379639588"/>
      <trkpt lat="66.214546824" lon="16.379419451"/>
      <trkpt lat="66.215439257" lon="16.37811835"/>
      <trkpt lat="66.215734403" lon="16.377753459"/>
      <trkpt lat="66.216083466" lon="16.377480778"/>
      <trkpt lat="66.216315702" lon="16.377194501"/>
      <trkpt lat="66.216507047" lon="16.377159787"/>
      <trkpt lat="66.217010276" lon="16.376979993"/>
      <trkpt lat="66.217183741" lon="16.376831747"/>
      <trkpt lat="66.217309559" lon="16.376674459"/>
      <trkpt lat="66.217393427" lon="16.376644487"/>
      <trkpt lat="66.217443583" lon="16.376641885"/>
      <trkpt lat="66.217501893" lon="16.376769886"/>
      <trkpt lat="66.217578043" lon="16.376792616"/>
      <trkpt lat="66.217635926" lon="16.376737291"/>
      <trkpt lat="66.217757207" lon="16.376780728"/>
      <trkpt lat="66.217890924" lon="16.376777699"/>
      <trkpt lat="66.218181206" lon="16.376643035"/>
      <trkpt lat="66.218417456" lon="16.376427939"/>
      <trkpt lat="66.21849588" lon="16.376237964"/>
      <trkpt lat="66.21891209" lon="16.376158871"/>
      <trkpt lat="66.219096931" lon="16.375839895"/>
      <trkpt lat="66.219536779" lon="16.375336583"/>
      <trkpt lat="66.220150796" lon="16.375288199"/>
      <trkpt lat="66.220833695" lon="16.375049164"/>
      <trkpt lat="66.22095787" lon="16.375045496"/>
      <trkpt lat="66.221290193" lon="16.375221058"/>
      <trkpt lat="66.221487563" lon="16.375293155"/>
      <trkpt lat="66.221695035" lon="16.375312696"/>
      <trkpt lat="66.221986235" lon="16.375538803"/>
      <trkpt lat="66.222222087" lon="16.375583856"/>
      <trkpt lat="66.222663466" lon="16.37560693"/>
      <trkpt lat="66.222845454" lon="16.375553812"/>
      <trkpt lat="66.223349934" lon="16.375480501"/>
      <trkpt lat="66.223686353" lon="16.37549666"/>
      <trkpt lat="66.224185553" lon="16.375470303"/>
      <trkpt lat="66.224325488" lon="16.37533163"/>
      <trkpt lat="66.224499758" lon="16.375331246"/>
      <trkpt lat="66.224688892" lon="16.375503354"/>
      <trkpt lat="66.224913595" lon="16.375920299"/>
      <trkpt lat="66.225032428" lon="16.375969504"/>
      <trkpt lat="66.225163821" lon="16.375960385"/>
      <trkpt lat="66.225338907" lon="16.375883188"/>
      <trkpt lat="66.225474755" lon="16.375903927"/>
      <trkpt lat="66.2255779" lon="16.375857473"/>
      <trkpt lat="66.225928254" lon="16.375910061"/>
      <trkpt lat="66.226249453" lon="16.376232812"/>
      <trkpt lat="66.226754249" lon="16.376798329"/>
      <trkpt lat="66.227001872" lon="16.376877975"/>
      <trkpt lat="66.227277509" lon="16.377024365"/>
      <trkpt lat="66.227882327" lon="16.377462384"/>
      <trkpt lat="66.228063459" lon="16.377751235"/>
      <trkpt lat="66.228207596" lon="16.377913593"/>
      <trkpt lat="66.228403147" lon="16.37794285"/>
      <trkpt lat="66.228688326" lon="16.377841221"/>
      <trkpt lat="66.228891384" lon="16.377835397"/>
      <trkpt lat="66.2292418" lon="16.377654735"/>
      <trkpt lat="66.229699155" lon="16.377030481"/>
      <trkpt lat="66.229890723" lon="16.376727998"/>
      <trkpt lat="66.230188047" lon="16.376354775"/>
      <trkpt lat="66.230362636" lon="16.376329508"/>
      <trkpt lat="66.230431398" lon="16.376380912"/>
      <trkpt lat="66.230751247" lon="16.376399699"/>
      <trkpt lat="66.230938686" lon="16.37652909"/>
      <trkpt lat="66.23137851" lon="16.376738446"/>
      <trkpt lat="66.231679223" lon="16.377010655"/>
      <trkpt lat="66.232706609" lon="16.378213596"/>
      <trkpt lat="66.232798455" lon="16.378349247"/>
      <trkpt lat="66.232868532" lon="16.378513202"/>
      <trkpt lat="66.233117124" lon="16.378989596"/>
      <trkpt lat="66.233283991" lon="16.379271755"/>
      <trkpt lat="66.233439888" lon="16.379452614"/>
      <trkpt lat="66.233571743" lon="16.37964982"/>
      <trkpt lat="66.233808785" lon="16.37983545"/>
      <trkpt lat="66.233926775" lon="16.379984485"/>
      <trkpt lat="66.234101197" lon="16.380474319"/>
      <trkpt lat="66.234179114" lon="16.380567722"/>
      <trkpt lat="66.234279937" lon="16.38076311"/>
      <trkpt lat="66.23445356" lon="16.380838461"/>
      <trkpt lat="66.234577682" lon="16.380845782"/>
      <trkpt lat="66.234861778" lon="16.380607914"/>
      <trkpt lat="66.234992377" lon="16.380438007"/>
      <trkpt lat="66.235324378" lon="16.3801852"/>
      <trkpt lat="66.235515447" lon="16.380184611"/>
      <trkpt lat="66.235652973" lon="16.380038765"/>
      <trkpt lat="66.235772373" lon="16.379791189"/>
      <trkpt lat="66.235905737" lon="16.379331309"/>
      <trkpt lat="66.236038433" lon="16.378942409"/>
      <trkpt lat="66.236118616" lon="16.378799116"/>
      <trkpt lat="66.236219716" lon="16.378716242"/>
      <trkpt lat="66.236434536" lon="16.378728884"/>
      <trkpt lat="66.236665168" lon="16.378837192"/>
      <trkpt lat="66.236802639" lon="16.37894593"/>
      <trkpt lat="66.237070165" lon="16.379441277"/>
      <trkpt lat="66.237173937" lon="16.379577652"/>
      <trkpt lat="66.23730454" lon="16.379656392"/>
      <trkpt lat="66.237397799" lon="16.379644138"/>
      <trkpt lat="66.237460431" lon="16.379588613"/>
      <trkpt lat="66.237507198" lon="16.379443332"/>
      <trkpt lat="66.237581987" lon="16.379364825"/>
      <trkpt lat="66.238010145" lon="16.3792953"/>
      <trkpt lat="66.238272312" lon="16.379103478"/>
      <trkpt lat="66.238576295" lon="16.379032548"/>
      <trkpt lat="66.238910694" lon="16.379028523"/>
      <trkpt lat="66.239423198" lon="16.379129752"/>
      <trkpt lat="66.240156594" lon="16.379558822"/>
      <trkpt lat="66.240616077" lon="16.379675055"/>
      <trkpt lat="66.240894133" lon="16.379697371"/>
      <trkpt lat="66.241081424" lon="16.379678641"/>
      <trkpt lat="66.241245995" lon="16.379527742"/>
      <trkpt lat="66.241584159" lon="16.379285921"/>
      <trkpt lat="66.242047112" lon="16.379289369"/>
      <trkpt lat="66.242380995" lon="16.379243559"/>
      <trkpt lat="66.242529928" lon="16.379222596"/>
      <trkpt lat="66.242739599" lon="16.379121917"/>
      <trkpt lat="66.242857243" lon="16.379110991"/>
      <trkpt lat="66.243197357" lon="16.379166663"/>
      <trkpt lat="66.243364389" lon="16.379259759"/>
      <trkpt lat="66.243420907" lon="16.379370157"/>
      <trkpt lat="66.243539932" lon="16.379466372"/>
      <trkpt lat="66.244149658" lon="16.379674737"/>
      <trkpt lat="66.244321153" lon="16.379803774"/>
      <trkpt lat="66.244471572" lon="16.379878059"/>
      <trkpt lat="66.244585936" lon="16.380043247"/>
      <trkpt lat="66.244880992" lon="16.380211464"/>
      <trkpt lat="66.244940301" lon="16.380280392"/>
      <trkpt lat="66.244967765" lon="16.380418826"/>
      <trkpt lat="66.24498301" lon="16.380580312"/>
      <trkpt lat="66.245041639" lon="16.380720585"/>
      <trkpt lat="66.245242021" lon="16.381089301"/>
      <trkpt lat="66.245392097" lon="16.381449083"/>
      <trkpt lat="66.245800603" lon="16.381877647"/>
      <trkpt lat="66.24596045" lon="16.381970355"/>
      <trkpt lat="66.246170856" lon="16.382042246"/>
      <trkpt lat="66.24627909" lon="16.382012926"/>
      <trkpt lat="66.246373796" lon="16.382143436"/>
      <trkpt lat="66.246503494" lon="16.382377112"/>
      <trkpt lat="66.246667784" lon="16.382505784"/>
      <trkpt lat="66.246776027" lon="16.382726317"/>
      <trkpt lat="66.247125389" lon="16.383318002"/>
      <trkpt lat="66.247176655" lon="16.383475714"/>
      <trkpt lat="66.247238189" lon="16.383562625"/>
      <trkpt lat="66.247835299" lon="16.38383581"/>
      <trkpt lat="66.248551191" lon="16.384229042"/>
      <trkpt lat="66.248643672" lon="16.384091732"/>
      <trkpt lat="66.248886452" lon="16.384290472"/>
      <trkpt lat="66.2490931" lon="16.384504948"/>
      <trkpt lat="66.249369616" lon="16.384687854"/>
      <trkpt lat="66.249473571" lon="16.384854639"/>
      <trkpt lat="66.249579407" lon="16.385075075"/>
      <trkpt lat="66.24995239" lon="16.385953825"/>
      <trkpt lat="66.250169021" lon="16.386127277"/>
      <trkpt lat="66.250283705" lon="16.386175707"/>
      <trkpt lat="66.250442234" lon="16.386155327"/>
      <trkpt lat="66.250984019" lon="16.385943388"/>
      <trkpt lat="66.251166238" lon="16.385954153"/>
      <trkpt lat="66.251299927" lon="16.386021567"/>
      <trkpt lat="66.251737702" lon="16.386148576"/>
      <trkpt lat="66.251915291" lon="16.386141239"/>
      <trkpt lat="66.252234397" lon="16.385886384"/>
      <trkpt lat="66.252671156" lon="16.385620624"/>
      <trkpt lat="66.252985171" lon="16.385395213"/>
      <trkpt lat="66.253301934" lon="16.385134267"/>
      <trkpt lat="66.253441909" lon="16.385047331"/>
      <trkpt lat="66.253578484" lon="16.385103152"/>
      <trkpt lat="66.253717701" lon="16.385356598"/>
      <trkpt lat="66.254079678" lon="16.385689948"/>
      <trkpt lat="66.254333103" lon="16.386058079"/>
      <trkpt lat="66.254661076" lon="16.386425038"/>
      <trkpt lat="66.255046129" lon="16.387081985"/>
      <trkpt lat="66.255233082" lon="16.387368333"/>
      <trkpt lat="66.255382833" lon="16.387533035"/>
      <trkpt lat="66.255661361" lon="16.38756879"/>
      <trkpt lat="66.256379228" lon="16.387435932"/>
      <trkpt lat="66.257620387" lon="16.387384386"/>
      <trkpt lat="66.258007095" lon="16.387421128"/>
      <trkpt lat="66.25815778" lon="16.387496427"/>
      <trkpt lat="66.258405733" lon="16.387697252"/>
      <trkpt lat="66.259829234" lon="16.389089732"/>
      <trkpt lat="66.259999617" lon="16.389351236"/>
      <trkpt lat="66.26019309" lon="16.38970372"/>
      <trkpt lat="66.260311728" lon="16.389854531"/>
      <trkpt lat="66.26056614" lon="16.3901274"/>
      <trkpt lat="66.2609814" lon="16.390422569"/>
      <trkpt lat="66.261121606" lon="16.390580745"/>
      <trkpt lat="66.261233657" lon="16.390671465"/>
      <trkpt lat="66.261559872" lon="16.391205526"/>
      <trkpt lat="66.261709744" lon="16.391358365"/>
      <trkpt lat="66.262008644" lon="16.39151482"/>
      <trkpt lat="66.262294069" lon="16.391580913"/>
      <trkpt lat="66.262556936" lon="16.391735074"/>
      <trkpt lat="66.262704466" lon="16.391881781"/>
      <trkpt lat="66.262942019" lon="16.391926912"/>
      <trkpt lat="66.263144872" lon="16.392071243"/>
      <trkpt lat="66.263605904" lon="16.392137777"/>
      <trkpt lat="66.263982078" lon="16.392253039"/>
      <trkpt lat="66.264218251" lon="16.392278546"/>
      <trkpt lat="66.264301034" lon="16.39234067"/>
      <trkpt lat="66.264338605" lon="16.392426607"/>
      <trkpt lat="66.264435399" lon="16.392826655"/>
      <trkpt lat="66.264582468" lon="16.393247833"/>
      <trkpt lat="66.264621434" lon="16.393429335"/>
      <trkpt lat="66.264778751" lon="16.393675165"/>
      <trkpt lat="66.264785539" lon="16.39383073"/>
      <trkpt lat="66.264843342" lon="16.393935892"/>
      <trkpt lat="66.264878009" lon="16.394069394"/>
      <trkpt lat="66.264933534" lon="16.394392196"/>
      <trkpt lat="66.265183166" lon="16.394978666"/>
      <trkpt lat="66.265300758" lon="16.395333302"/>
      <trkpt lat="66.265347946" lon="16.395535199"/>
      <trkpt lat="66.26535845" lon="16.395690372"/>
      <trkpt lat="66.265353471" lon="16.396341019"/>
      <trkpt lat="66.265539891" lon="16.397267385"/>
      <trkpt lat="66.265716012" lon="16.397889996"/>
      <trkpt lat="66.265839472" lon="16.398256871"/>
      <trkpt lat="66.265963371" lon="16.398451385"/>
      <trkpt lat="66.26605288" lon="16.398736034"/>
      <trkpt lat="66.266219519" lon="16.39985153"/>
      <trkpt lat="66.266465969" lon="16.401263034"/>
      <trkpt lat="66.266527578" lon="16.401709544"/>
      <trkpt lat="66.266544346" lon="16.401980189"/>
      <trkpt lat="66.266577328" lon="16.402163458"/>
      <trkpt lat="66.266650356" lon="16.402794937"/>
      <trkpt lat="66.266780975" lon="16.403414927"/>
      <trkpt lat="66.266860179" lon="16.403648476"/>
      <trkpt lat="66.267101535" lon="16.404209591"/>
      <trkpt lat="66.26729252" lon="16.404526985"/>
      <trkpt lat="66.267340375" lon="16.404532769"/>
      <trkpt lat="66.267430445" lon="16.404630233"/>
      <trkpt lat="66.267610149" lon="16.405122302"/>
      <trkpt lat="66.267641169" lon="16.405981957"/>
      <trkpt lat="66.267631897" lon="16.406451026"/>
      <trkpt lat="66.267687232" lon="16.40667424"/>
      <trkpt lat="66.267855647" lon="16.407094364"/>
      <trkpt lat="66.267922891" lon="16.407324215"/>
      <trkpt lat="66.268047606" lon="16.408306511"/>
      <trkpt lat="66.268162672" lon="16.408794828"/>
      <trkpt lat="66.268263209" lon="16.409300111"/>
      <trkpt lat="66.268482958" lon="16.410609084"/>
      <trkpt lat="66.268541206" lon="16.41127834"/>
      <trkpt lat="66.268558357" lon="16.411737122"/>
      <trkpt lat="66.268547988" lon="16.412069417"/>
      <trkpt lat="66.268496469" lon="16.412446847"/>
      <trkpt lat="66.268491904" lon="16.412672494"/>
      <trkpt lat="66.268618866" lon="16.413167477"/>
      <trkpt lat="66.268837919" lon="16.413549028"/>
      <trkpt lat="66.269162165" lon="16.414198389"/>
      <trkpt lat="66.26922479" lon="16.414410172"/>
      <trkpt lat="66.269337785" lon="16.414862744"/>
      <trkpt lat="66.269428957" lon="16.415343762"/>
      <trkpt lat="66.269841253" lon="16.417294424"/>
      <trkpt lat="66.269986028" lon="16.417927283"/>
      <trkpt lat="66.270097814" lon="16.418634957"/>
      <trkpt lat="66.270240877" lon="16.41919637"/>
      <trkpt lat="66.270359151" lon="16.419845488"/>
      <trkpt lat="66.270507315" lon="16.420870962"/>
      <trkpt lat="66.270974517" lon="16.423552573"/>
      <trkpt lat="66.271046589" lon="16.423776846"/>
      <trkpt lat="66.271321284" lon="16.425582849"/>
      <trkpt lat="66.271736447" lon="16.427718339"/>
      <trkpt lat="66.271872567" lon="16.428499414"/>
      <trkpt lat="66.272163527" lon="16.429610842"/>
      <trkpt lat="66.272296343" lon="16.430237139"/>
      <trkpt lat="66.272470651" lon="16.431276203"/>
      <trkpt lat="66.272640952" lon="16.431988025"/>
      <trkpt lat="66.272725234" lon="16.432433071"/>
      <trkpt lat="66.272878506" lon="16.433417398"/>
      <trkpt lat="66.272897847" lon="16.433644509"/>
      <trkpt lat="66.273183678" lon="16.434541678"/>
      <trkpt lat="66.273356094" lon="16.43503364"/>
      <trkpt lat="66.273439134" lon="16.435359727"/>
      <trkpt lat="66.273576635" lon="16.43574853"/>
      <trkpt lat="66.273749255" lon="16.436466494"/>
      <trkpt lat="66.2738077" lon="16.43661273"/>
      <trkpt lat="66.274293015" lon="16.437188946"/>
      <trkpt lat="66.275149082" lon="16.438055095"/>
      <trkpt lat="66.275424605" lon="16.438410625"/>
      <trkpt lat="66.27558041" lon="16.438764899"/>
      <trkpt lat="66.275645038" lon="16.439012603"/>
      <trkpt lat="66.275776671" lon="16.440001732"/>
      <trkpt lat="66.275832756" lon="16.440879258"/>
      <trkpt lat="66.275664858" lon="16.441886022"/>
      <trkpt lat="66.275654185" lon="16.442242178"/>
      <trkpt lat="66.275605517" lon="16.442810119"/>
      <trkpt lat="66.275590356" lon="16.443136275"/>
      <trkpt lat="66.275593229" lon="16.443576504"/>
      <trkpt lat="66.275674164" lon="16.444848026"/>
      <trkpt lat="66.275653806" lon="16.445459314"/>
      <trkpt lat="66.275708394" lon="16.445753981"/>
      <trkpt lat="66.275839642" lon="16.446113936"/>
      <trkpt lat="66.275974263" lon="16.446646346"/>
      <trkpt lat="66.27610998" lon="16.447039783"/>
      <trkpt lat="66.27614929" lon="16.448546889"/>
      <trkpt lat="66.276170931" lon="16.448892498"/>
      <trkpt lat="66.276323119" lon="16.44966758"/>
      <trkpt lat="66.276571985" lon="16.451899441"/>
      <trkpt lat="66.276694399" lon="16.453329144"/>
      <trkpt lat="66.276816347" lon="16.454127767"/>
      <trkpt lat="66.276981572" lon="16.454580109"/>
      <trkpt lat="66.277033367" lon="16.454804203"/>
      <trkpt lat="66.277142513" lon="16.45564486"/>
      <trkpt lat="66.277301115" lon="16.456249943"/>
      <trkpt lat="66.277448545" lon="16.45719739"/>
      <trkpt lat="66.277481803" lon="16.457536634"/>
      <trkpt lat="66.27756169" lon="16.457897426"/>
      <trkpt lat="66.277657652" lon="16.458142914"/>
      <trkpt lat="66.277761552" lon="16.458339936"/>
      <trkpt lat="66.278053275" lon="16.459621957"/>
      <trkpt lat="66.278127337" lon="16.460509298"/>
      <trkpt lat="66.278176325" lon="16.460763866"/>
      <trkpt lat="66.278693823" lon="16.461926553"/>
      <trkpt lat="66.278788196" lon="16.462092298"/>
      <trkpt lat="66.278988898" lon="16.462234668"/>
      <trkpt lat="66.279104706" lon="16.462469285"/>
      <trkpt lat="66.27926733" lon="16.463154395"/>
      <trkpt lat="66.279312429" lon="16.463537363"/>
      <trkpt lat="66.279327198" lon="16.464653559"/>
      <trkpt lat="66.279371255" lon="16.464907793"/>
      <trkpt lat="66.279537534" lon="16.465262296"/>
      <trkpt lat="66.279719075" lon="16.465574954"/>
      <trkpt lat="66.279826194" lon="16.465925423"/>
      <trkpt lat="66.279922076" lon="16.466177088"/>
      <trkpt lat="66.280087033" lon="16.467095254"/>
      <trkpt lat="66.280228404" lon="16.467693173"/>
      <trkpt lat="66.280315479" lon="16.468293505"/>
      <trkpt lat="66.280283558" lon="16.468946978"/>
      <trkpt lat="66.280207183" lon="16.469382919"/>
      <trkpt lat="66.279976631" lon="16.470151453"/>
      <trkpt lat="66.279962623" lon="16.470524267"/>
      <trkpt lat="66.28000137" lon="16.471476696"/>
      <trkpt lat="66.280002183" lon="16.472512298"/>
      <trkpt lat="66.280053281" lon="16.473018267"/>
      <trkpt lat="66.28015676" lon="16.473472686"/>
      <trkpt lat="66.280222651" lon="16.473979682"/>
      <trkpt lat="66.280291747" lon="16.474198908"/>
      <trkpt lat="66.280314769" lon="16.474568143"/>
      <trkpt lat="66.280375853" lon="16.474841964"/>
      <trkpt lat="66.280401823" lon="16.475389101"/>
      <trkpt lat="66.280513175" lon="16.476021771"/>
      <trkpt lat="66.280664592" lon="16.477043273"/>
      <trkpt lat="66.280778951" lon="16.477627156"/>
      <trkpt lat="66.280889324" lon="16.47790437"/>
      <trkpt lat="66.281113837" lon="16.478122057"/>
      <trkpt lat="66.281271938" lon="16.478322927"/>
      <trkpt lat="66.281450651" lon="16.478666132"/>
      <trkpt lat="66.281541378" lon="16.479377097"/>
      <trkpt lat="66.281629912" lon="16.480284015"/>
      <trkpt lat="66.281535362" lon="16.481239585"/>
      <trkpt lat="66.281499415" lon="16.481807002"/>
      <trkpt lat="66.281490238" lon="16.4824069"/>
      <trkpt lat="66.281498107" lon="16.482805754"/>
      <trkpt lat="66.281551503" lon="16.483324189"/>
      <trkpt lat="66.281787093" lon="16.484094225"/>
      <trkpt lat="66.281800295" lon="16.484677287"/>
      <trkpt lat="66.281692357" lon="16.485723825"/>
      <trkpt lat="66.281455905" lon="16.486571508"/>
      <trkpt lat="66.281188578" lon="16.487092257"/>
      <trkpt lat="66.281028558" lon="16.487283386"/>
      <trkpt lat="66.280824659" lon="16.48742858"/>
      <trkpt lat="66.280398306" lon="16.487394298"/>
      <trkpt lat="66.280160218" lon="16.487596585"/>
      <trkpt lat="66.280110994" lon="16.487716189"/>
      <trkpt lat="66.279986749" lon="16.488675515"/>
      <trkpt lat="66.279685658" lon="16.490443584"/>
      <trkpt lat="66.279629621" lon="16.491040107"/>
      <trkpt lat="66.280039632" lon="16.492747242"/>
      <trkpt lat="66.280212518" lon="16.493604743"/>
      <trkpt lat="66.280228398" lon="16.495260048"/>
      <trkpt lat="66.280250891" lon="16.496327638"/>
      <trkpt lat="66.28031272" lon="16.496969136"/>
      <trkpt lat="66.280470703" lon="16.497396752"/>
      <trkpt lat="66.280730971" lon="16.497941782"/>
      <trkpt lat="66.281079134" lon="16.498566477"/>
      <trkpt lat="66.281265163" lon="16.49913087"/>
      <trkpt lat="66.281528832" lon="16.499810977"/>
      <trkpt lat="66.281680631" lon="16.500348482"/>
      <trkpt lat="66.282087768" lon="16.502300804"/>
      <trkpt lat="66.28239273" lon="16.503253456"/>
      <trkpt lat="66.282567619" lon="16.503914856"/>
      <trkpt lat="66.282823927" lon="16.504588505"/>
      <trkpt lat="66.283115653" lon="16.505184969"/>
      <trkpt lat="66.283290416" lon="16.505436207"/>
      <trkpt lat="66.283428861" lon="16.505844241"/>
      <trkpt lat="66.283610046" lon="16.506181737"/>
      <trkpt lat="66.2840224" lon="16.50679896"/>
      <trkpt lat="66.28425583" lon="16.507097231"/>
      <trkpt lat="66.284528698" lon="16.507398268"/>
      <trkpt lat="66.284901327" lon="16.50803727"/>
      <trkpt lat="66.28519124" lon="16.508357889"/>
      <trkpt lat="66.285560432" lon="16.509082479"/>
      <trkpt lat="66.285819261" lon="16.509750328"/>
      <trkpt lat="66.286074337" lon="16.510313702"/>
      <trkpt lat="66.286126092" lon="16.511402193"/>
      <trkpt lat="66.286179255" lon="16.511933033"/>
      <trkpt lat="66.286484839" lon="16.513909729"/>
      <trkpt lat="66.28662461" lon="16.514416012"/>
      <trkpt lat="66.286818115" lon="16.514969018"/>
      <trkpt lat="66.287018578" lon="16.515344764"/>
      <trkpt lat="66.287256082" lon="16.515716972"/>
      <trkpt lat="66.287353921" lon="16.51605985"/>
      <trkpt lat="66.287864245" lon="16.516926253"/>
      <trkpt lat="66.288163821" lon="16.517304145"/>
      <trkpt lat="66.28854642" lon="16.517633017"/>
      <trkpt lat="66.288984949" lon="16.517885782"/>
      <trkpt lat="66.289271649" lon="16.518293688"/>
      <trkpt lat="66.289447348" lon="16.518977873"/>
      <trkpt lat="66.289527347" lon="16.519914804"/>
      <trkpt lat="66.289527131" lon="16.520876189"/>
      <trkpt lat="66.289476513" lon="16.521684619"/>
      <trkpt lat="66.289266117" lon="16.522492416"/>
      <trkpt lat="66.289030058" lon="16.522975565"/>
      <trkpt lat="66.288807858" lon="16.523535019"/>
      <trkpt lat="66.28855702" lon="16.523682766"/>
      <trkpt lat="66.288217858" lon="16.523787496"/>
      <trkpt lat="66.287644842" lon="16.524065708"/>
      <trkpt lat="66.287306171" lon="16.524127575"/>
      <trkpt lat="66.287284709" lon="16.524251809"/>
      <trkpt lat="66.287281478" lon="16.524533572"/>
      <trkpt lat="66.287292591" lon="16.524706051"/>
      <trkpt lat="66.287699565" lon="16.526215064"/>
      <trkpt lat="66.287766772" lon="16.526593759"/>
      <trkpt lat="66.287807215" lon="16.526939918"/>
      <trkpt lat="66.28794402" lon="16.527703615"/>
      <trkpt lat="66.288057207" lon="16.528215125"/>
      <trkpt lat="66.288093219" lon="16.528323522"/>
      <trkpt lat="66.288216632" lon="16.528525893"/>
      <trkpt lat="66.288307751" lon="16.528716297"/>
      <trkpt lat="66.288438668" lon="16.529105363"/>
      <trkpt lat="66.288535645" lon="16.529324191"/>
      <trkpt lat="66.288635284" lon="16.52981303"/>
      <trkpt lat="66.288662941" lon="16.530457257"/>
      <trkpt lat="66.288751414" lon="16.530845964"/>
      <trkpt lat="66.288872958" lon="16.531094715"/>
      <trkpt lat="66.289070167" lon="16.531380681"/>
      <trkpt lat="66.28913055" lon="16.531534505"/>
      <trkpt lat="66.289168695" lon="16.531767736"/>
      <trkpt lat="66.289055393" lon="16.532242306"/>
      <trkpt lat="66.288835375" lon="16.532639827"/>
      <trkpt lat="66.288800576" lon="16.532865542"/>
      <trkpt lat="66.288545996" lon="16.533546289"/>
      <trkpt lat="66.288423002" lon="16.533942144"/>
      <trkpt lat="66.288409672" lon="16.534670693"/>
      <trkpt lat="66.288370764" lon="16.535691669"/>
      <trkpt lat="66.288366866" lon="16.536243116"/>
      <trkpt lat="66.288392767" lon="16.536778282"/>
      <trkpt lat="66.288465301" lon="16.537335174"/>
      <trkpt lat="66.288491198" lon="16.537870343"/>
      <trkpt lat="66.288470403" lon="16.538175365"/>
      <trkpt lat="66.288424103" lon="16.538552143"/>
      <trkpt lat="66.288351012" lon="16.539540042"/>
      <trkpt lat="66.288292737" lon="16.5398853"/>
      <trkpt lat="66.288175886" lon="16.540814877"/>
      <trkpt lat="66.288119169" lon="16.54102537"/>
      <trkpt lat="66.287882043" lon="16.541474335"/>
      <trkpt lat="66.287772564" lon="16.541766875"/>
      <trkpt lat="66.287653208" lon="16.54227328"/>
      <trkpt lat="66.287550269" lon="16.54263986"/>
      <trkpt lat="66.287464085" lon="16.543050526"/>
      <trkpt lat="66.287469549" lon="16.543430987"/>
      <trkpt lat="66.287540394" lon="16.543705768"/>
      <trkpt lat="66.287635809" lon="16.543988454"/>
      <trkpt lat="66.287696291" lon="16.544305399"/>
      <trkpt lat="66.287733582" lon="16.544706539"/>
      <trkpt lat="66.287705166" lon="16.545029402"/>
      <trkpt lat="66.287674889" lon="16.545726061"/>
      <trkpt lat="66.287676386" lon="16.546234961"/>
      <trkpt lat="66.287644985" lon="16.546815062"/>
      <trkpt lat="66.28760734" lon="16.547082077"/>
      <trkpt lat="66.287497061" lon="16.547441989"/>
      <trkpt lat="66.287411181" lon="16.547613603"/>
      <trkpt lat="66.287348315" lon="16.547927855"/>
      <trkpt lat="66.287254279" lon="16.548589287"/>
      <trkpt lat="66.287165213" lon="16.54882195"/>
      <trkpt lat="66.287055839" lon="16.549316776"/>
      <trkpt lat="66.286941933" lon="16.549351495"/>
      <trkpt lat="66.286828526" lon="16.54934336"/>
      <trkpt lat="66.286671859" lon="16.549448601"/>
      <trkpt lat="66.286570252" lon="16.549698761"/>
      <trkpt lat="66.286522037" lon="16.550026314"/>
      <trkpt lat="66.286481772" lon="16.55094289"/>
      <trkpt lat="66.286417516" lon="16.551588024"/>
      <trkpt lat="66.286342708" lon="16.552079159"/>
      <trkpt lat="66.286170552" lon="16.552667509"/>
      <trkpt lat="66.286035611" lon="16.553025589"/>
      <trkpt lat="66.285984089" lon="16.553211908"/>
      <trkpt lat="66.286069913" lon="16.553469393"/>
      <trkpt lat="66.286444513" lon="16.553931539"/>
      <trkpt lat="66.286834353" lon="16.55428014"/>
      <trkpt lat="66.286956575" lon="16.554476338"/>
      <trkpt lat="66.287224366" lon="16.55480242"/>
      <trkpt lat="66.287410346" lon="16.55508454"/>
      <trkpt lat="66.287563401" lon="16.555215068"/>
      <trkpt lat="66.287715467" lon="16.555233864"/>
      <trkpt lat="66.287838439" lon="16.555188229"/>
      <trkpt lat="66.288055515" lon="16.554827871"/>
      <trkpt lat="66.288175576" lon="16.554813015"/>
      <trkpt lat="66.288321488" lon="16.554732081"/>
      <trkpt lat="66.288503983" lon="16.554530115"/>
      <trkpt lat="66.288599509" lon="16.554482201"/>
      <trkpt lat="66.288714214" lon="16.554863854"/>
      <trkpt lat="66.289184006" lon="16.555944844"/>
      <trkpt lat="66.289542748" lon="16.556371553"/>
      <trkpt lat="66.289711487" lon="16.556447585"/>
      <trkpt lat="66.290006727" lon="16.556769804"/>
      <trkpt lat="66.290306285" lon="16.557142031"/>
      <trkpt lat="66.290603679" lon="16.557675352"/>
      <trkpt lat="66.290849699" lon="16.558316078"/>
      <trkpt lat="66.290939779" lon="16.559043112"/>
      <trkpt lat="66.290869893" lon="16.560226227"/>
      <trkpt lat="66.291202304" lon="16.562853361"/>
      <trkpt lat="66.291679005" lon="16.565544268"/>
      <trkpt lat="66.291937474" lon="16.566471835"/>
      <trkpt lat="66.292226227" lon="16.567113403"/>
      <trkpt lat="66.292819273" lon="16.567234071"/>
      <trkpt lat="66.293787105" lon="16.567112983"/>
      <trkpt lat="66.294283315" lon="16.567084404"/>
      <trkpt lat="66.295568567" lon="16.567218737"/>
      <trkpt lat="66.296272177" lon="16.567082885"/>
      <trkpt lat="66.296603228" lon="16.566944976"/>
      <trkpt lat="66.297066755" lon="16.567189807"/>
      <trkpt lat="66.297367066" lon="16.567388004"/>
      <trkpt lat="66.297573085" lon="16.567712298"/>
      <trkpt lat="66.297742664" lon="16.568447458"/>
      <trkpt lat="66.297840165" lon="16.570467326"/>
      <trkpt lat="66.298060776" lon="16.572512895"/>
      <trkpt lat="66.298387346" lon="16.573976357"/>
      <trkpt lat="66.298676595" lon="16.57483717"/>
      <trkpt lat="66.298951857" lon="16.575488288"/>
      <trkpt lat="66.299303802" lon="16.575988187"/>
      <trkpt lat="66.299662446" lon="16.576400856"/>
      <trkpt lat="66.299911726" lon="16.576988907"/>
      <trkpt lat="66.3001818" lon="16.578148488"/>
      <trkpt lat="66.300548336" lon="16.579204312"/>
      <trkpt lat="66.300811604" lon="16.580127925"/>
      <trkpt lat="66.301016269" lon="16.581016319"/>
      <trkpt lat="66.301248464" lon="16.58188661"/>
      <trkpt lat="66.301369036" lon="16.58207508"/>
      <trkpt lat="66.301415986" lon="16.58241185"/>
      <trkpt lat="66.301320703" lon="16.584210434"/>
      <trkpt lat="66.30118686" lon="16.587205509"/>
      <trkpt lat="66.301040869" lon="16.590896522"/>
      <trkpt lat="66.300884632" lon="16.591365399"/>
      <trkpt lat="66.300132882" lon="16.592226532"/>
      <trkpt lat="66.299195313" lon="16.593125071"/>
      <trkpt lat="66.298771608" lon="16.593207325"/>
      <trkpt lat="66.298437139" lon="16.592894255"/>
      <trkpt lat="66.298334031" lon="16.592882134"/>
      <trkpt lat="66.298209991" lon="16.592956414"/>
      <trkpt lat="66.298147293" lon="16.594022637"/>
      <trkpt lat="66.297984349" lon="16.595039333"/>
      <trkpt lat="66.297700949" lon="16.595467379"/>
      <trkpt lat="66.297369093" lon="16.596499938"/>
      <trkpt lat="66.297153445" lon="16.597088211"/>
      <trkpt lat="66.296975923" lon="16.597772479"/>
      <trkpt lat="66.296833581" lon="16.598464993"/>
      <trkpt lat="66.296721302" lon="16.599171739"/>
      <trkpt lat="66.296334723" lon="16.600682276"/>
      <trkpt lat="66.296024741" lon="16.602347303"/>
      <trkpt lat="66.295998114" lon="16.603046397"/>
      <trkpt lat="66.296023221" lon="16.603460701"/>
      <trkpt lat="66.295818153" lon="16.604668779"/>
      <trkpt lat="66.295566829" lon="16.605570801"/>
      <trkpt lat="66.295359266" lon="16.60677556"/>
      <trkpt lat="66.295026742" lon="16.608420371"/>
      <trkpt lat="66.294430497" lon="16.610806859"/>
      <trkpt lat="66.294125115" lon="16.611158326"/>
      <trkpt lat="66.293532296" lon="16.611555778"/>
      <trkpt lat="66.293277467" lon="16.61215408"/>
      <trkpt lat="66.291791666" lon="16.615971289"/>
      <trkpt lat="66.291340731" lon="16.617077291"/>
      <trkpt lat="66.291146636" lon="16.61737252"/>
      <trkpt lat="66.290920001" lon="16.617378184"/>
      <trkpt lat="66.290706881" lon="16.617284554"/>
      <trkpt lat="66.29028293" lon="16.617391373"/>
      <trkpt lat="66.289960675" lon="16.617391498"/>
      <trkpt lat="66.289721523" lon="16.617524648"/>
      <trkpt lat="66.289297385" lon="16.618053585"/>
      <trkpt lat="66.288889497" lon="16.619802953"/>
      <trkpt lat="66.288565394" lon="16.621072449"/>
      <trkpt lat="66.288145208" lon="16.622117454"/>
      <trkpt lat="66.28781221" lon="16.623371487"/>
      <trkpt lat="66.28751053" lon="16.624803935"/>
      <trkpt lat="66.287245971" lon="16.625590444"/>
      <trkpt lat="66.286956923" lon="16.625867038"/>
      <trkpt lat="66.286733801" lon="16.625839596"/>
      <trkpt lat="66.286546033" lon="16.626023376"/>
      <trkpt lat="66.286210168" lon="16.626437267"/>
      <trkpt lat="66.286010294" lon="16.627387128"/>
      <trkpt lat="66.285804834" lon="16.628046616"/>
      <trkpt lat="66.285467519" lon="16.629520142"/>
      <trkpt lat="66.28523845" lon="16.630732846"/>
      <trkpt lat="66.284692697" lon="16.633133587"/>
      <trkpt lat="66.284322956" lon="16.634604545"/>
      <trkpt lat="66.284005396" lon="16.635752053"/>
      <trkpt lat="66.283714753" lon="16.636733038"/>
      <trkpt lat="66.283583442" lon="16.637490971"/>
      <trkpt lat="66.283004471" lon="16.639353221"/>
      <trkpt lat="66.282646314" lon="16.640307712"/>
      <trkpt lat="66.282499856" lon="16.640846342"/>
      <trkpt lat="66.282184578" lon="16.642358409"/>
      <trkpt lat="66.281911891" lon="16.644103939"/>
      <trkpt lat="66.281764366" lon="16.644966601"/>
      <trkpt lat="66.28157366" lon="16.645311958"/>
      <trkpt lat="66.281352101" lon="16.645826777"/>
      <trkpt lat="66.281179275" lon="16.646597525"/>
      <trkpt lat="66.281041425" lon="16.646796832"/>
      <trkpt lat="66.280852246" lon="16.647220306"/>
      <trkpt lat="66.280615349" lon="16.647303961"/>
      <trkpt lat="66.280434498" lon="16.647313462"/>
      <trkpt lat="66.280282136" lon="16.64747141"/>
      <trkpt lat="66.280125328" lon="16.647691393"/>
      <trkpt lat="66.279974768" lon="16.647799583"/>
      <trkpt lat="66.279777783" lon="16.647871556"/>
      <trkpt lat="66.279681719" lon="16.647818278"/>
      <trkpt lat="66.279501196" lon="16.64791196"/>
      <trkpt lat="66.279316894" lon="16.64812071"/>
      <trkpt lat="66.279239064" lon="16.648349167"/>
      <trkpt lat="66.279121116" lon="16.648459573"/>
      <trkpt lat="66.27900043" lon="16.6484763"/>
      <trkpt lat="66.278893959" lon="16.648456588"/>
      <trkpt lat="66.277742067" lon="16.66007757"/>
      <trkpt lat="66.277975308" lon="16.660068114"/>
      <trkpt lat="66.278117602" lon="16.66018021"/>
      <trkpt lat="66.278309771" lon="16.66024539"/>
      <trkpt lat="66.278748423" lon="16.660619564"/>
      <trkpt lat="66.278838372" lon="16.660705665"/>
      <trkpt lat="66.27893102" lon="16.660839787"/>
      <trkpt lat="66.279198593" lon="16.661014253"/>
      <trkpt lat="66.279450675" lon="16.661224223"/>
      <trkpt lat="66.279610412" lon="16.661194645"/>
      <trkpt lat="66.279728182" lon="16.661306429"/>
      <trkpt lat="66.279787956" lon="16.661418936"/>
      <trkpt lat="66.279859566" lon="16.661638896"/>
      <trkpt lat="66.279995992" lon="16.661843924"/>
      <trkpt lat="66.280238648" lon="16.662127093"/>
      <trkpt lat="66.280363133" lon="16.662314982"/>
      <trkpt lat="66.280462101" lon="16.662381657"/>
      <trkpt lat="66.280609063" lon="16.662279553"/>
      <trkpt lat="66.280851195" lon="16.662017841"/>
      <trkpt lat="66.280937205" lon="16.662289125"/>
      <trkpt lat="66.281025457" lon="16.662366861"/>
      <trkpt lat="66.281330901" lon="16.662482373"/>
      <trkpt lat="66.281501399" lon="16.662716787"/>
      <trkpt lat="66.281814419" lon="16.663382921"/>
      <trkpt lat="66.281957964" lon="16.663567318"/>
      <trkpt lat="66.282319537" lon="16.663706546"/>
      <trkpt lat="66.28266678" lon="16.66374666"/>
      <trkpt lat="66.282856454" lon="16.663846951"/>
      <trkpt lat="66.283087951" lon="16.664022971"/>
      <trkpt lat="66.283613847" lon="16.663940681"/>
      <trkpt lat="66.283714546" lon="16.663905076"/>
      <trkpt lat="66.284261401" lon="16.663293319"/>
      <trkpt lat="66.284365889" lon="16.663238326"/>
      <trkpt lat="66.284602676" lon="16.663029187"/>
      <trkpt lat="66.284692281" lon="16.662985445"/>
      <trkpt lat="66.284864045" lon="16.663003471"/>
      <trkpt lat="66.284918469" lon="16.663075779"/>
      <trkpt lat="66.284946489" lon="16.663152517"/>
      <trkpt lat="66.284980525" lon="16.663325448"/>
      <trkpt lat="66.284978997" lon="16.663448066"/>
      <trkpt lat="66.284953279" lon="16.663622333"/>
      <trkpt lat="66.284951218" lon="16.663839952"/>
      <trkpt lat="66.28508671" lon="16.664609469"/>
      <trkpt lat="66.285123936" lon="16.664986106"/>
      <trkpt lat="66.285139053" lon="16.665456276"/>
      <trkpt lat="66.28509637" lon="16.666132914"/>
      <trkpt lat="66.285112075" lon="16.666362163"/>
      <trkpt lat="66.285252574" lon="16.666871322"/>
      <trkpt lat="66.285357077" lon="16.667517563"/>
      <trkpt lat="66.285422486" lon="16.667609644"/>
      <trkpt lat="66.285802422" lon="16.668003279"/>
      <trkpt lat="66.285983144" lon="16.66815899"/>
      <trkpt lat="66.28613606" lon="16.668178857"/>
      <trkpt lat="66.286343113" lon="16.668295994"/>
      <trkpt lat="66.286531466" lon="16.668305014"/>
      <trkpt lat="66.286699457" lon="16.668420279"/>
      <trkpt lat="66.286855935" lon="16.668679266"/>
      <trkpt lat="66.287025606" lon="16.668855409"/>
      <trkpt lat="66.287351333" lon="16.669449074"/>
      <trkpt lat="66.287529494" lon="16.669941467"/>
      <trkpt lat="66.287979519" lon="16.670427802"/>
      <trkpt lat="66.288201727" lon="16.670928933"/>
      <trkpt lat="66.288504223" lon="16.671489992"/>
      <trkpt lat="66.288595603" lon="16.671718615"/>
      <trkpt lat="66.288807073" lon="16.672037157"/>
      <trkpt lat="66.289110593" lon="16.67228259"/>
      <trkpt lat="66.289532762" lon="16.672559941"/>
      <trkpt lat="66.289997367" lon="16.673063337"/>
      <trkpt lat="66.290354741" lon="16.6736251"/>
      <trkpt lat="66.290559547" lon="16.673909641"/>
      <trkpt lat="66.290785744" lon="16.674061113"/>
      <trkpt lat="66.291145939" lon="16.67414086"/>
      <trkpt lat="66.291301255" lon="16.674031133"/>
      <trkpt lat="66.291450576" lon="16.673879049"/>
      <trkpt lat="66.291546793" lon="16.673867431"/>
      <trkpt lat="66.2917418" lon="16.674030233"/>
      <trkpt lat="66.29188358" lon="16.674302443"/>
      <trkpt lat="66.292011702" lon="16.674381391"/>
      <trkpt lat="66.292439246" lon="16.674186202"/>
      <trkpt lat="66.292799841" lon="16.674120551"/>
      <trkpt lat="66.293370433" lon="16.673869803"/>
      <trkpt lat="66.293674802" lon="16.673639587"/>
      <trkpt lat="66.29397621" lon="16.67355008"/>
      <trkpt lat="66.294443579" lon="16.673640744"/>
      <trkpt lat="66.294809096" lon="16.673757864"/>
      <trkpt lat="66.295400466" lon="16.674082654"/>
      <trkpt lat="66.29580999" lon="16.674502305"/>
      <trkpt lat="66.296235222" lon="16.675028999"/>
      <trkpt lat="66.296514162" lon="16.675463939"/>
      <trkpt lat="66.296651577" lon="16.675584778"/>
      <trkpt lat="66.296862862" lon="16.676099561"/>
      <trkpt lat="66.297069257" lon="16.676306301"/>
      <trkpt lat="66.297872888" lon="16.677258404"/>
      <trkpt lat="66.298306714" lon="16.678883375"/>
      <trkpt lat="66.298757893" lon="16.680829886"/>
      <trkpt lat="66.299219211" lon="16.686039224"/>
      <trkpt lat="66.299808168" lon="16.688029523"/>
      <trkpt lat="66.299850589" lon="16.692150849"/>
      <trkpt lat="66.300249802" lon="16.695537569"/>
      <trkpt lat="66.301645064" lon="16.703543956"/>
      <trkpt lat="66.30268581" lon="16.708058542"/>
      <trkpt lat="66.303241392" lon="16.713538522"/>
      <trkpt lat="66.304567089" lon="16.720710205"/>
      <trkpt lat="66.305233706" lon="16.723082635"/>
      <trkpt lat="66.306131699" lon="16.726036507"/>
      <trkpt lat="66.306992024" lon="16.729134414"/>
      <trkpt lat="66.307683822" lon="16.731116847"/>
      <trkpt lat="66.308516623" lon="16.733045253"/>
      <trkpt lat="66.309332047" lon="16.735126375"/>
      <trkpt lat="66.310212473" lon="16.738218244"/>
      <trkpt lat="66.310605227" lon="16.739398394"/>
      <trkpt lat="66.310847208" lon="16.740559293"/>
      <trkpt lat="66.311323303" lon="16.742034425"/>
      <trkpt lat="66.311609985" lon="16.742977364"/>
      <trkpt lat="66.311634526" lon="16.743262634"/>
      <trkpt lat="66.311607845" lon="16.743732648"/>
      <trkpt lat="66.31156656" lon="16.744161956"/>
      <trkpt lat="66.311447693" lon="16.744731269"/>
      <trkpt lat="66.31139847" lon="16.74532154"/>
      <trkpt lat="66.311391856" lon="16.745799612"/>
      <trkpt lat="66.311335972" lon="16.746452851"/>
      <trkpt lat="66.311394522" lon="16.747149244"/>
      <trkpt lat="66.311487705" lon="16.747755784"/>
      <trkpt lat="66.312237316" lon="16.750133888"/>
      <trkpt lat="66.312405352" lon="16.751151413"/>
      <trkpt lat="66.312406705" lon="16.751355651"/>
      <trkpt lat="66.312284624" lon="16.752124206"/>
      <trkpt lat="66.312189291" lon="16.753452487"/>
      <trkpt lat="66.312166299" lon="16.75430949"/>
      <trkpt lat="66.312184831" lon="16.755325111"/>
      <trkpt lat="66.31230307" lon="16.756087769"/>
      <trkpt lat="66.312504226" lon="16.756884564"/>
      <trkpt lat="66.312588405" lon="16.756975725"/>
      <trkpt lat="66.312834707" lon="16.75797002"/>
      <trkpt lat="66.312963376" lon="16.75840757"/>
      <trkpt lat="66.313370513" lon="16.758810707"/>
      <trkpt lat="66.313458902" lon="16.759153966"/>
      <trkpt lat="66.313678511" lon="16.759562214"/>
      <trkpt lat="66.313813205" lon="16.760008577"/>
      <trkpt lat="66.314087179" lon="16.76033337"/>
      <trkpt lat="66.314283271" lon="16.760432559"/>
      <trkpt lat="66.314327621" lon="16.760799554"/>
      <trkpt lat="66.314337736" lon="16.761172811"/>
      <trkpt lat="66.314413" lon="16.761496249"/>
      <trkpt lat="66.314603402" lon="16.761954326"/>
      <trkpt lat="66.314836248" lon="16.762324627"/>
      <trkpt lat="66.315163324" lon="16.76265202"/>
      <trkpt lat="66.315509265" lon="16.762903218"/>
      <trkpt lat="66.316033607" lon="16.763554478"/>
      <trkpt lat="66.316444052" lon="16.764303379"/>
      <trkpt lat="66.316729934" lon="16.764749312"/>
      <trkpt lat="66.316874949" lon="16.764857438"/>
      <trkpt lat="66.317217508" lon="16.765233894"/>
      <trkpt lat="66.317416448" lon="16.765903375"/>
      <trkpt lat="66.317573306" lon="16.766113733"/>
      <trkpt lat="66.317895129" lon="16.766469142"/>
      <trkpt lat="66.318075718" lon="16.766716995"/>
      <trkpt lat="66.319032132" lon="16.768423065"/>
      <trkpt lat="66.319138228" lon="16.768582944"/>
      <trkpt lat="66.3193538" lon="16.768614956"/>
      <trkpt lat="66.32047544" lon="16.7690545"/>
      <trkpt lat="66.321284973" lon="16.769064334"/>
      <trkpt lat="66.321618745" lon="16.769010963"/>
      <trkpt lat="66.322070397" lon="16.768874968"/>
      <trkpt lat="66.322311571" lon="16.76894015"/>
      <trkpt lat="66.322550139" lon="16.768829675"/>
      <trkpt lat="66.322649899" lon="16.768729099"/>
      <trkpt lat="66.323008696" lon="16.768497538"/>
      <trkpt lat="66.323220678" lon="16.768641653"/>
      <trkpt lat="66.323429917" lon="16.768476805"/>
      <trkpt lat="66.323554192" lon="16.768573009"/>
      <trkpt lat="66.323722267" lon="16.768638631"/>
      <trkpt lat="66.323870586" lon="16.768419623"/>
      <trkpt lat="66.324011741" lon="16.768346062"/>
      <trkpt lat="66.324240689" lon="16.768405272"/>
      <trkpt lat="66.324381915" lon="16.768404423"/>
      <trkpt lat="66.324598687" lon="16.768469766"/>
      <trkpt lat="66.325004526" lon="16.768661395"/>
      <trkpt lat="66.326124853" lon="16.7694958"/>
      <trkpt lat="66.326319724" lon="16.769246632"/>
      <trkpt lat="66.326594923" lon="16.769155174"/>
      <trkpt lat="66.327052403" lon="16.769800095"/>
      <trkpt lat="66.327352377" lon="16.769888797"/>
      <trkpt lat="66.328056206" lon="16.76960887"/>
      <trkpt lat="66.328810117" lon="16.769087583"/>
      <trkpt lat="66.329715396" lon="16.768396209"/>
      <trkpt lat="66.330530079" lon="16.767376111"/>
      <trkpt lat="66.330730411" lon="16.767210713"/>
      <trkpt lat="66.331189038" lon="16.766920158"/>
      <trkpt lat="66.331483484" lon="16.766660413"/>
      <trkpt lat="66.331632307" lon="16.767517442"/>
      <trkpt lat="66.33160292" lon="16.768462586"/>
      <trkpt lat="66.331638645" lon="16.768881942"/>
      <trkpt lat="66.331847532" lon="16.769411923"/>
      <trkpt lat="66.331984648" lon="16.7696826"/>
      <trkpt lat="66.332267194" lon="16.769959079"/>
      <trkpt lat="66.332363209" lon="16.770588543"/>
      <trkpt lat="66.332530919" lon="16.771483381"/>
      <trkpt lat="66.332814162" lon="16.772629077"/>
      <trkpt lat="66.33282545" lon="16.7736138"/>
      <trkpt lat="66.332742415" lon="16.775315091"/>
      <trkpt lat="66.332904652" lon="16.776070708"/>
      <trkpt lat="66.333053183" lon="16.776577774"/>
      <trkpt lat="66.333270022" lon="16.777790542"/>
      <trkpt lat="66.333427327" lon="16.778551827"/>
      <trkpt lat="66.333410901" lon="16.77924459"/>
      <trkpt lat="66.333432015" lon="16.7798499"/>
      <trkpt lat="66.333512658" lon="16.78053853"/>
      <trkpt lat="66.333701188" lon="16.78104588"/>
      <trkpt lat="66.3339303" lon="16.781970004"/>
      <trkpt lat="66.334174338" lon="16.782681099"/>
      <trkpt lat="66.334481048" lon="16.783218439"/>
      <trkpt lat="66.334655048" lon="16.78381518"/>
      <trkpt lat="66.335091521" lon="16.785012895"/>
      <trkpt lat="66.335186942" lon="16.785591149"/>
      <trkpt lat="66.335309663" lon="16.785939232"/>
      <trkpt lat="66.335462703" lon="16.786325252"/>
      <trkpt lat="66.335799892" lon="16.786779247"/>
      <trkpt lat="66.336655412" lon="16.788379103"/>
      <trkpt lat="66.337001122" lon="16.789138252"/>
      <trkpt lat="66.337335096" lon="16.78971502"/>
      <trkpt lat="66.337984141" lon="16.791347283"/>
      <trkpt lat="66.338352022" lon="16.792163222"/>
      <trkpt lat="66.338600472" lon="16.793057062"/>
      <trkpt lat="66.339352585" lon="16.794897293"/>
      <trkpt lat="66.339477995" lon="16.795496792"/>
      <trkpt lat="66.339669179" lon="16.796039147"/>
      <trkpt lat="66.3397894" lon="16.796509421"/>
      <trkpt lat="66.339917137" lon="16.796846187"/>
      <trkpt lat="66.340010361" lon="16.797256616"/>
      <trkpt lat="66.340224088" lon="16.797712998"/>
      <trkpt lat="66.340397121" lon="16.79844001"/>
      <trkpt lat="66.340432154" lon="16.799498637"/>
      <trkpt lat="66.340488601" lon="16.79996978"/>
      <trkpt lat="66.34058711" lon="16.800399775"/>
      <trkpt lat="66.340653944" lon="16.800849463"/>
      <trkpt lat="66.340757143" lon="16.801844012"/>
      <trkpt lat="66.340910388" lon="16.802622123"/>
      <trkpt lat="66.340955119" lon="16.803377174"/>
      <trkpt lat="66.341046109" lon="16.804278565"/>
      <trkpt lat="66.341069351" lon="16.805045773"/>
      <trkpt lat="66.341262485" lon="16.80577701"/>
      <trkpt lat="66.341388687" lon="16.806480301"/>
      <trkpt lat="66.341612492" lon="16.807018628"/>
      <trkpt lat="66.341860842" lon="16.807318847"/>
      <trkpt lat="66.34210031" lon="16.807447955"/>
      <trkpt lat="66.34308259" lon="16.807818406"/>
      <trkpt lat="66.343586433" lon="16.808059205"/>
      <trkpt lat="66.343991577" lon="16.808132449"/>
      <trkpt lat="66.344706749" lon="16.80908661"/>
      <trkpt lat="66.344840522" lon="16.809396774"/>
      <trkpt lat="66.345039063" lon="16.81004561"/>
      <trkpt lat="66.345075976" lon="16.810359549"/>
      <trkpt lat="66.345045218" lon="16.810751836"/>
      <trkpt lat="66.345071503" lon="16.811135345"/>
      <trkpt lat="66.345218684" lon="16.811639423"/>
      <trkpt lat="66.345386048" lon="16.812091049"/>
      <trkpt lat="66.345680064" lon="16.813287854"/>
      <trkpt lat="66.34583534" lon="16.813730538"/>
      <trkpt lat="66.346011738" lon="16.814635367"/>
      <trkpt lat="66.346082221" lon="16.815165066"/>
      <trkpt lat="66.346220482" lon="16.815595725"/>
      <trkpt lat="66.346391535" lon="16.81673322"/>
      <trkpt lat="66.346495551" lon="16.816792806"/>
      <trkpt lat="66.346700608" lon="16.816996985"/>
      <trkpt lat="66.34685375" lon="16.817374021"/>
      <trkpt lat="66.346991606" lon="16.817468414"/>
      <trkpt lat="66.347492723" lon="16.818147566"/>
      <trkpt lat="66.347604134" lon="16.818486853"/>
      <trkpt lat="66.347727243" lon="16.81905377"/>
      <trkpt lat="66.347922518" lon="16.81930996"/>
      <trkpt lat="66.348147323" lon="16.819519646"/>
      <trkpt lat="66.34830857" lon="16.81996211"/>
      <trkpt lat="66.348658453" lon="16.82077237"/>
      <trkpt lat="66.348837522" lon="16.821343516"/>
      <trkpt lat="66.349079788" lon="16.822214317"/>
      <trkpt lat="66.349231115" lon="16.822979985"/>
      <trkpt lat="66.349503828" lon="16.82368708"/>
      <trkpt lat="66.349586637" lon="16.824694099"/>
      <trkpt lat="66.349671201" lon="16.825406116"/>
      <trkpt lat="66.349643116" lon="16.825706563"/>
      <trkpt lat="66.3496254" lon="16.826272126"/>
      <trkpt lat="66.349737015" lon="16.827551609"/>
      <trkpt lat="66.349882559" lon="16.828838001"/>
      <trkpt lat="66.350027154" lon="16.829640006"/>
      <trkpt lat="66.35008261" lon="16.830167332"/>
      <trkpt lat="66.350216548" lon="16.830613406"/>
      <trkpt lat="66.350503919" lon="16.830962577"/>
      <trkpt lat="66.351225434" lon="16.831179385"/>
      <trkpt lat="66.351561525" lon="16.831581142"/>
      <trkpt lat="66.351808237" lon="16.832017577"/>
      <trkpt lat="66.352112441" lon="16.83292717"/>
      <trkpt lat="66.352478976" lon="16.83352498"/>
      <trkpt lat="66.352922648" lon="16.833827547"/>
      <trkpt lat="66.353046332" lon="16.834266417"/>
      <trkpt lat="66.353164722" lon="16.835006675"/>
      <trkpt lat="66.353128584" lon="16.835784723"/>
      <trkpt lat="66.35286585" lon="16.837083819"/>
      <trkpt lat="66.352778195" lon="16.838276427"/>
      <trkpt lat="66.352379338" lon="16.840428241"/>
      <trkpt lat="66.352243865" lon="16.841529364"/>
      <trkpt lat="66.35215267" lon="16.842402343"/>
      <trkpt lat="66.35203381" lon="16.843881138"/>
      <trkpt lat="66.352055108" lon="16.845455908"/>
      <trkpt lat="66.35232031" lon="16.845868506"/>
      <trkpt lat="66.352512322" lon="16.84637056"/>
      <trkpt lat="66.352708763" lon="16.847394972"/>
      <trkpt lat="66.352928785" lon="16.848153764"/>
      <trkpt lat="66.353113732" lon="16.84907569"/>
      <trkpt lat="66.353134598" lon="16.849411922"/>
      <trkpt lat="66.353134496" lon="16.849901049"/>
      <trkpt lat="66.353186221" lon="16.850658846"/>
      <trkpt lat="66.353359547" lon="16.851953845"/>
      <trkpt lat="66.353547892" lon="16.852595903"/>
      <trkpt lat="66.353849768" lon="16.853982924"/>
      <trkpt lat="66.354362221" lon="16.856158744"/>
      <trkpt lat="66.35470512" lon="16.857876387"/>
      <trkpt lat="66.355024646" lon="16.859071837"/>
      <trkpt lat="66.355176794" lon="16.860176928"/>
      <trkpt lat="66.355254689" lon="16.861474211"/>
      <trkpt lat="66.355303607" lon="16.863118583"/>
      <trkpt lat="66.355380433" lon="16.86489211"/>
      <trkpt lat="66.355355376" lon="16.866194172"/>
      <trkpt lat="66.355401745" lon="16.86719154"/>
      <trkpt lat="66.355744254" lon="16.868760426"/>
      <trkpt lat="66.35592474" lon="16.869664289"/>
      <trkpt lat="66.356165323" lon="16.870984991"/>
      <trkpt lat="66.356563971" lon="16.872709455"/>
      <trkpt lat="66.356871879" lon="16.873728264"/>
      <trkpt lat="66.35716704" lon="16.874810995"/>
      <trkpt lat="66.357340194" lon="16.875935512"/>
      <trkpt lat="66.35747307" lon="16.877343817"/>
      <trkpt lat="66.357692791" lon="16.879051684"/>
      <trkpt lat="66.357762308" lon="16.88017967"/>
      <trkpt lat="66.357785549" lon="16.881077675"/>
      <trkpt lat="66.357850784" lon="16.881957214"/>
      <trkpt lat="66.357988994" lon="16.883215401"/>
      <trkpt lat="66.357982158" lon="16.883727976"/>
      <trkpt lat="66.358120039" lon="16.884661337"/>
      <trkpt lat="66.358219641" lon="16.885944418"/>
      <trkpt lat="66.358171661" lon="16.886753686"/>
      <trkpt lat="66.358155563" lon="16.88797467"/>
      <trkpt lat="66.358213954" lon="16.888808614"/>
      <trkpt lat="66.358383934" lon="16.889419498"/>
      <trkpt lat="66.358681943" lon="16.890337158"/>
      <trkpt lat="66.358882379" lon="16.890835427"/>
      <trkpt lat="66.359071241" lon="16.891480426"/>
      <trkpt lat="66.35919781" lon="16.892199923"/>
      <trkpt lat="66.359475243" lon="16.893079185"/>
      <trkpt lat="66.359701699" lon="16.893690232"/>
      <trkpt lat="66.359901503" lon="16.894516384"/>
      <trkpt lat="66.360197877" lon="16.896021645"/>
      <trkpt lat="66.360398148" lon="16.897279964"/>
      <trkpt lat="66.360501308" lon="16.898170693"/>
      <trkpt lat="66.360564369" lon="16.899121331"/>
      <trkpt lat="66.360556348" lon="16.900327167"/>
      <trkpt lat="66.360495514" lon="16.901417304"/>
      <trkpt lat="66.360514754" lon="16.902148771"/>
      <trkpt lat="66.360579892" lon="16.902646821"/>
      <trkpt lat="66.361207587" lon="16.904558385"/>
      <trkpt lat="66.361598698" lon="16.906376235"/>
      <trkpt lat="66.362029521" lon="16.907919111"/>
      <trkpt lat="66.362313138" lon="16.90886233"/>
      <trkpt lat="66.362537079" lon="16.909958393"/>
      <trkpt lat="66.362759771" lon="16.910552839"/>
      <trkpt lat="66.363178885" lon="16.911827524"/>
      <trkpt lat="66.363253835" lon="16.912363876"/>
      <trkpt lat="66.363361522" lon="16.912653952"/>
      <trkpt lat="66.363846842" lon="16.913743981"/>
      <trkpt lat="66.364273379" lon="16.914991056"/>
      <trkpt lat="66.364619856" lon="16.915938684"/>
      <trkpt lat="66.365092422" lon="16.917430275"/>
      <trkpt lat="66.365416838" lon="16.918561303"/>
      <trkpt lat="66.365641524" lon="16.918908994"/>
      <trkpt lat="66.365853706" lon="16.919000425"/>
      <trkpt lat="66.366437447" lon="16.919732614"/>
      <trkpt lat="66.366595715" lon="16.919647333"/>
      <trkpt lat="66.366996272" lon="16.919727896"/>
      <trkpt lat="66.367187809" lon="16.919866848"/>
      <trkpt lat="66.36763012" lon="16.920346874"/>
      <trkpt lat="66.367788018" lon="16.920465614"/>
      <trkpt lat="66.36808808" lon="16.921022036"/>
      <trkpt lat="66.368203773" lon="16.921523334"/>
      <trkpt lat="66.368256414" lon="16.9216866"/>
      <trkpt lat="66.368348018" lon="16.92179571"/>
      <trkpt lat="66.368465232" lon="16.92208476"/>
      <trkpt lat="66.368504119" lon="16.92228987"/>
      <trkpt lat="66.369384307" lon="16.922990591"/>
      <trkpt lat="66.369526765" lon="16.923260682"/>
      <trkpt lat="66.369785591" lon="16.923938257"/>
      <trkpt lat="66.369945721" lon="16.924495213"/>
      <trkpt lat="66.370108798" lon="16.925141733"/>
      <trkpt lat="66.370316666" lon="16.92579472"/>
      <trkpt lat="66.370495348" lon="16.926265382"/>
      <trkpt lat="66.370737014" lon="16.926707563"/>
      <trkpt lat="66.371290317" lon="16.92734024"/>
      <trkpt lat="66.371483756" lon="16.927380177"/>
      <trkpt lat="66.371693847" lon="16.927597448"/>
      <trkpt lat="66.371877145" lon="16.927925285"/>
      <trkpt lat="66.372078918" lon="16.928177959"/>
      <trkpt lat="66.372354241" lon="16.928677576"/>
      <trkpt lat="66.372539333" lon="16.929128459"/>
      <trkpt lat="66.37280526" lon="16.929688014"/>
      <trkpt lat="66.372913392" lon="16.929867229"/>
      <trkpt lat="66.372995969" lon="16.930230809"/>
      <trkpt lat="66.373069194" lon="16.930399512"/>
      <trkpt lat="66.373211053" lon="16.930627184"/>
      <trkpt lat="66.373431819" lon="16.930856146"/>
      <trkpt lat="66.373727793" lon="16.931477445"/>
      <trkpt lat="66.374044557" lon="16.93232325"/>
      <trkpt lat="66.374278841" lon="16.9330402"/>
      <trkpt lat="66.374520294" lon="16.934376694"/>
      <trkpt lat="66.374677336" lon="16.934859922"/>
      <trkpt lat="66.37485261" lon="16.935301523"/>
      <trkpt lat="66.37503584" lon="16.935884298"/>
      <trkpt lat="66.37514995" lon="16.936598116"/>
      <trkpt lat="66.375259003" lon="16.937389959"/>
      <trkpt lat="66.375326381" lon="16.93799215"/>
      <trkpt lat="66.375360103" lon="16.938411725"/>
      <trkpt lat="66.375426167" lon="16.938700852"/>
      <trkpt lat="66.375841266" lon="16.939584794"/>
      <trkpt lat="66.376010584" lon="16.9401044"/>
      <trkpt lat="66.376205808" lon="16.940638613"/>
      <trkpt lat="66.376306489" lon="16.940976297"/>
      <trkpt lat="66.376670455" lon="16.94186022"/>
      <trkpt lat="66.376886521" lon="16.942241126"/>
      <trkpt lat="66.377191" lon="16.942918946"/>
      <trkpt lat="66.377551718" lon="16.943509884"/>
      <trkpt lat="66.377781386" lon="16.943746112"/>
      <trkpt lat="66.378097385" lon="16.944442388"/>
      <trkpt lat="66.378614697" lon="16.945080733"/>
      <trkpt lat="66.378753863" lon="16.945183194"/>
      <trkpt lat="66.379087797" lon="16.945511375"/>
      <trkpt lat="66.379438155" lon="16.945677102"/>
      <trkpt lat="66.379984418" lon="16.94542242"/>
      <trkpt lat="66.38017928" lon="16.945880724"/>
      <trkpt lat="66.380286439" lon="16.946189697"/>
      <trkpt lat="66.380354519" lon="16.946691423"/>
      <trkpt lat="66.380368952" lon="16.947047618"/>
      <trkpt lat="66.380362647" lon="16.947541489"/>
      <trkpt lat="66.380343804" lon="16.947909577"/>
      <trkpt lat="66.380362456" lon="16.948058009"/>
      <trkpt lat="66.380467941" lon="16.948349031"/>
      <trkpt lat="66.380673657" lon="16.948671451"/>
      <trkpt lat="66.380846264" lon="16.948860427"/>
      <trkpt lat="66.380913838" lon="16.94906252"/>
      <trkpt lat="66.380949092" lon="16.949269843"/>
      <trkpt lat="66.381060111" lon="16.950641173"/>
      <trkpt lat="66.381049834" lon="16.951796787"/>
      <trkpt lat="66.381118585" lon="16.952448405"/>
      <trkpt lat="66.381221826" lon="16.95316644"/>
      <trkpt lat="66.381259905" lon="16.953597508"/>
      <trkpt lat="66.381336127" lon="16.953965496"/>
      <trkpt lat="66.381438812" lon="16.954149086"/>
      <trkpt lat="66.382115694" lon="16.954549047"/>
      <trkpt lat="66.382336816" lon="16.954603902"/>
      <trkpt lat="66.382474837" lon="16.954739909"/>
      <trkpt lat="66.382807422" lon="16.955247139"/>
      <trkpt lat="66.383481926" lon="16.956821107"/>
      <trkpt lat="66.383987842" lon="16.957765681"/>
      <trkpt lat="66.383853197" lon="16.958284866"/>
      <trkpt lat="66.383677116" lon="16.959192274"/>
      <trkpt lat="66.383598724" lon="16.95976324"/>
      <trkpt lat="66.383493368" lon="16.960354316"/>
      <trkpt lat="66.389258145" lon="16.97469096"/>
      <trkpt lat="66.391733165" lon="16.972631023"/>
      <trkpt lat="66.394207941" lon="16.969884441"/>
      <trkpt lat="66.397369798" lon="16.969197796"/>
      <trkpt lat="66.40149336" lon="16.970914409"/>
      <trkpt lat="66.406028493" lon="16.975377605"/>
      <trkpt lat="66.410013235" lon="16.976750896"/>
      <trkpt lat="66.413447848" lon="16.978810833"/>
      <trkpt lat="66.416881989" lon="16.978124187"/>
      <trkpt lat="66.417843464" lon="16.970914409"/>
      <trkpt lat="66.419354279" lon="16.954434917"/>
      <trkpt lat="66.423199578" lon="16.948255108"/>
      <trkpt lat="66.427044285" lon="16.949285076"/>
      <trkpt lat="66.429927428" lon="16.955121563"/>
      <trkpt lat="66.430751121" lon="16.961301372"/>
      <trkpt lat="66.433084774" lon="16.974347637"/>
      <trkpt lat="66.435829968" lon="16.98224406"/>
      <trkpt lat="66.437202452" lon="16.990483806"/>
      <trkpt lat="66.438849333" lon="16.994947002"/>
      <trkpt lat="66.440221651" lon="17.004560039"/>
      <trkpt lat="66.441182229" lon="17.016233013"/>
      <trkpt lat="66.442279987" lon="17.024816082"/>
      <trkpt lat="66.444612562" lon="17.02584605"/>
      <trkpt lat="66.446807729" lon="17.02584605"/>
      <trkpt lat="66.451746148" lon="17.039922283"/>
      <trkpt lat="66.454489292" lon="17.046788738"/>
      <trkpt lat="66.456957864" lon="17.05571513"/>
      <trkpt lat="66.461620056" lon="17.063611553"/>
      <trkpt lat="66.465047583" lon="17.073911236"/>
      <trkpt lat="66.46847464" lon="17.084554241"/>
      <trkpt lat="66.471627116" lon="17.094167278"/>
      <trkpt lat="66.475875476" lon="17.104123638"/>
      <trkpt lat="66.480808146" lon="17.107213543"/>
      <trkpt lat="66.48491796" lon="17.114079998"/>
      <trkpt lat="66.487520492" lon="17.121976421"/>
      <trkpt lat="66.492040033" lon="17.241796062"/>
      <trkpt lat="66.493683299" lon="17.243855999"/>
      <trkpt lat="66.496695672" lon="17.241796062"/>
      <trkpt lat="66.500665972" lon="17.239392803"/>
      <trkpt lat="66.504635639" lon="17.23527293"/>
      <trkpt lat="66.508057257" lon="17.234929607"/>
      <trkpt lat="66.510931054" lon="17.235616253"/>
      <trkpt lat="66.513667695" lon="17.238706157"/>
      <trkpt lat="66.516130414" lon="17.236646221"/>
      <trkpt lat="66.518866483" lon="17.233899639"/>
      <trkpt lat="66.52214937" lon="17.233556316"/>
      <trkpt lat="66.525295063" lon="17.234242962"/>
      <trkpt lat="66.529397543" lon="17.240766094"/>
      <trkpt lat="66.531995431" lon="17.243512676"/>
      <trkpt lat="66.534729756" lon="17.240766094"/>
      <trkpt lat="66.536096806" lon="17.243512676"/>
      <trkpt lat="66.53828393" lon="17.247975872"/>
      <trkpt lat="66.540744214" lon="17.24522929"/>
      <trkpt lat="66.543887556" lon="17.248319195"/>
      <trkpt lat="66.546073995" lon="17.246602581"/>
      <trkpt lat="66.547440421" lon="17.248319195"/>
      <trkpt lat="66.550719539" lon="17.249349163"/>
      <trkpt lat="66.55386162" lon="17.251752422"/>
      <trkpt lat="66.557276475" lon="17.254155681"/>
      <trkpt lat="66.561237119" lon="17.258618877"/>
      <trkpt lat="66.563422032" lon="17.265142009"/>
      <trkpt lat="66.567108636" lon="17.270635174"/>
      <trkpt lat="66.570385158" lon="17.272351787"/>
      <trkpt lat="66.572978765" lon="17.273381756"/>
      <trkpt lat="66.575162645" lon="17.275785015"/>
      <trkpt lat="66.577892224" lon="17.277844951"/>
      <trkpt lat="66.580621503" lon="17.275785015"/>
      <trkpt lat="66.58471486" lon="17.274755047"/>
      <trkpt lat="66.588807541" lon="17.275098369"/>
      <trkpt lat="66.595627176" lon="17.277844951"/>
      <trkpt lat="66.6023086" lon="17.279561565"/>
      <trkpt lat="66.605171516" lon="17.278188274"/>
      <trkpt lat="66.607216254" lon="17.280248211"/>
      <trkpt lat="66.609533419" lon="17.27647166"/>
      <trkpt lat="66.611714083" lon="17.277501629"/>
      <trkpt lat="66.613758281" lon="17.274755047"/>
      <trkpt lat="66.618799915" lon="17.274068401"/>
      <trkpt lat="66.623023197" lon="17.273038433"/>
      <trkpt lat="66.628471529" lon="17.273038433"/>
      <trkpt lat="66.632284648" lon="17.275785015"/>
      <trkpt lat="66.636505631" lon="17.275098369"/>
      <trkpt lat="66.638411645" lon="17.270978496"/>
      <trkpt lat="66.641134268" lon="17.267545269"/>
      <trkpt lat="66.643448262" lon="17.264112041"/>
      <trkpt lat="66.645898138" lon="17.261365459"/>
      <trkpt lat="66.650252873" lon="17.260335491"/>
      <trkpt lat="66.652293891" lon="17.263768718"/>
      <trkpt lat="66.653926585" lon="17.270978496"/>
      <trkpt lat="66.653790531" lon="17.279218242"/>
      <trkpt lat="66.654062638" lon="17.281964824"/>
      <trkpt lat="66.657871815" lon="17.283681438"/>
      <trkpt lat="66.659912205" lon="17.289861248"/>
      <trkpt lat="66.66236045" lon="17.291921184"/>
      <trkpt lat="66.66521643" lon="17.301190899"/>
      <trkpt lat="66.667936104" lon="17.301877544"/>
      <trkpt lat="66.670927399" lon="17.306684063"/>
      <trkpt lat="66.672694813" lon="17.308400676"/>
      <trkpt lat="66.674190218" lon="17.312177227"/>
      <trkpt lat="66.6744621" lon="17.318700359"/>
      <trkpt lat="66.677724452" lon="17.325910137"/>
      <trkpt lat="66.680850468" lon="17.332433269"/>
      <trkpt lat="66.684791403" lon="17.343419597"/>
      <trkpt lat="66.688459984" lon="17.352689312"/>
      <trkpt lat="66.691720487" lon="17.358525799"/>
      <trkpt lat="66.694301414" lon="17.356465862"/>
      <trkpt lat="66.696338797" lon="17.350972698"/>
      <trkpt lat="66.697425332" lon="17.345136211"/>
      <trkpt lat="66.698647627" lon="17.339299724"/>
      <trkpt lat="66.701363622" lon="17.336553142"/>
      <trkpt lat="66.706387425" lon="17.330373333"/>
      <trkpt lat="66.709374065" lon="17.329343364"/>
      <trkpt lat="66.711953146" lon="17.331746624"/>
      <trkpt lat="66.7135819" lon="17.333463237"/>
      <trkpt lat="66.715210546" lon="17.336896465"/>
      <trkpt lat="66.717653314" lon="17.341359661"/>
      <trkpt lat="66.719010303" lon="17.346852825"/>
      <trkpt lat="66.718790473" lon="17.34891662"/>
      <trkpt lat="66.719740329" lon="17.350633234"/>
      <trkpt lat="66.72143641" lon="17.354924768"/>
      <trkpt lat="66.721843452" lon="17.359044641"/>
      <trkpt lat="66.723132374" lon="17.360246271"/>
      <trkpt lat="66.725099546" lon="17.361791223"/>
      <trkpt lat="66.726116987" lon="17.364881128"/>
      <trkpt lat="66.726388298" lon="17.36762771"/>
      <trkpt lat="66.726998735" lon="17.371747583"/>
      <trkpt lat="66.727337861" lon="17.378442377"/>
      <trkpt lat="66.728287388" lon="17.379300684"/>
      <trkpt lat="66.730186332" lon="17.389085382"/>
      <trkpt lat="66.730864491" lon="17.390973657"/>
      <trkpt lat="66.730932305" lon="17.394406885"/>
      <trkpt lat="66.734051587" lon="17.398526758"/>
      <trkpt lat="66.735543277" lon="17.400930017"/>
      <trkpt lat="66.738119621" lon="17.404191583"/>
      <trkpt lat="66.74056012" lon="17.405736536"/>
      <trkpt lat="66.742593683" lon="17.405393213"/>
      <trkpt lat="66.744220413" lon="17.405908197"/>
      <trkpt lat="66.74591481" lon="17.408311456"/>
      <trkpt lat="66.749438781" lon="17.410886377"/>
      <trkpt lat="66.7518104" lon="17.409684747"/>
      <trkpt lat="66.753843035" lon="17.412946314"/>
      <trkpt lat="66.755536769" lon="17.417066187"/>
      <trkpt lat="66.757162644" lon="17.42376098"/>
      <trkpt lat="66.762039625" lon="17.426335901"/>
      <trkpt lat="66.763326444" lon="17.432344049"/>
      <trkpt lat="66.764951805" lon="17.434575647"/>
      <trkpt lat="66.765967601" lon="17.436807245"/>
      <trkpt lat="66.767389644" lon="17.437322229"/>
      <trkpt lat="66.771655281" lon="17.437665552"/>
      <trkpt lat="66.7726708" lon="17.438008875"/>
      <trkpt lat="66.773550883" lon="17.439382166"/>
      <trkpt lat="66.774363239" lon="17.442987054"/>
      <trkpt lat="66.774430934" lon="17.449681848"/>
      <trkpt lat="66.775649414" lon="17.450025171"/>
      <trkpt lat="66.777206273" lon="17.451913446"/>
      <trkpt lat="66.778559983" lon="17.453973383"/>
      <trkpt lat="66.781199503" lon="17.455518335"/>
      <trkpt lat="66.781943932" lon="17.454145044"/>
      <trkpt lat="66.783635732" lon="17.454145044"/>
      <trkpt lat="66.78512442" lon="17.456033319"/>
      <trkpt lat="66.78674834" lon="17.456204981"/>
      <trkpt lat="66.790131162" lon="17.453458398"/>
      <trkpt lat="66.791890046" lon="17.453458398"/>
      <trkpt lat="66.793648803" lon="17.454145044"/>
      <trkpt lat="66.797436469" lon="17.459809869"/>
      <trkpt lat="66.79858618" lon="17.464616388"/>
      <trkpt lat="66.799871088" lon="17.469422907"/>
      <trkpt lat="66.800953064" lon="17.473027795"/>
      <trkpt lat="66.802373085" lon="17.474572748"/>
      <trkpt lat="66.803995865" lon="17.477490991"/>
      <trkpt lat="66.8053481" lon="17.482984155"/>
      <trkpt lat="66.805956581" lon="17.487447351"/>
      <trkpt lat="66.806159405" lon="17.49105224"/>
      <trkpt lat="66.807038289" lon="17.495172113"/>
      <trkpt lat="66.808187551" lon="17.496373743"/>
      <trkpt lat="66.809404357" lon="17.501695245"/>
      <trkpt lat="66.810283125" lon="17.506158441"/>
      <trkpt lat="66.810891484" lon="17.513024896"/>
      <trkpt lat="66.811229455" lon="17.518689722"/>
      <trkpt lat="66.811567421" lon="17.524011224"/>
      <trkpt lat="66.811770198" lon="17.527959436"/>
      <trkpt lat="66.811972974" lon="17.532937616"/>
      <trkpt lat="66.811499828" lon="17.536714166"/>
      <trkpt lat="66.810418317" lon="17.541520685"/>
      <trkpt lat="66.809066362" lon="17.545125574"/>
      <trkpt lat="66.80926916" lon="17.548215479"/>
      <trkpt lat="66.812108157" lon="17.550275415"/>
      <trkpt lat="66.81359512" lon="17.554051965"/>
      <trkpt lat="66.815622651" lon="17.556455225"/>
      <trkpt lat="66.817244556" lon="17.558000177"/>
      <trkpt lat="66.819001498" lon="17.558858484"/>
      <trkpt lat="66.820690747" lon="17.561433405"/>
      <trkpt lat="66.82217719" lon="17.563493341"/>
      <trkpt lat="66.823731102" lon="17.565553278"/>
      <trkpt lat="66.824947138" lon="17.567956537"/>
      <trkpt lat="66.827446579" lon="17.569329828"/>
      <trkpt lat="66.830891337" lon="17.568471521"/>
      <trkpt lat="66.833795365" lon="17.569673151"/>
      <trkpt lat="66.837306754" lon="17.573793024"/>
      <trkpt lat="66.83973742" lon="17.576882929"/>
      <trkpt lat="66.841627772" lon="17.581689447"/>
      <trkpt lat="66.843315463" lon="17.583406061"/>
      <trkpt lat="66.844193016" lon="17.584951013"/>
      <trkpt lat="66.845273038" lon="17.588899225"/>
      <trkpt lat="66.846218019" lon="17.592160791"/>
      <trkpt lat="66.850132551" lon="17.594049066"/>
      <trkpt lat="66.850942376" lon="17.596452325"/>
      <trkpt lat="66.851954619" lon="17.600572199"/>
      <trkpt lat="66.853101778" lon="17.607095331"/>
      <trkpt lat="66.854181408" lon="17.613618463"/>
      <trkpt lat="66.85559835" lon="17.61825332"/>
      <trkpt lat="66.856610401" lon="17.623403162"/>
      <trkpt lat="66.858566915" lon="17.626836389"/>
      <trkpt lat="66.861130386" lon="17.633359522"/>
      <trkpt lat="66.863019087" lon="17.636449426"/>
      <trkpt lat="66.864300623" lon="17.634046167"/>
      <trkpt lat="66.86524487" lon="17.634046167"/>
      <trkpt lat="66.866391406" lon="17.633359522"/>
      <trkpt lat="66.867133254" lon="17.631127924"/>
      <trkpt lat="66.868954058" lon="17.630956262"/>
      <trkpt lat="66.870572437" lon="17.629754633"/>
      <trkpt lat="66.872797533" lon="17.629239648"/>
      <trkpt lat="66.877651586" lon="17.627694696"/>
      <trkpt lat="66.881763294" lon="17.635076135"/>
      <trkpt lat="66.883043849" lon="17.635076135"/>
      <trkpt lat="66.885469979" lon="17.638681024"/>
      <trkpt lat="66.886480796" lon="17.642114252"/>
      <trkpt lat="66.888839205" lon="17.644002527"/>
      <trkpt lat="66.890523645" lon="17.652242273"/>
      <trkpt lat="66.894363732" lon="17.656533807"/>
      <trkpt lat="66.895172094" lon="17.659452051"/>
      <trkpt lat="66.897597022" lon="17.662198633"/>
      <trkpt lat="66.900291103" lon="17.667348474"/>
      <trkpt lat="66.902109441" lon="17.675244898"/>
      <trkpt lat="66.904735689" lon="17.676274866"/>
      <trkpt lat="66.906755688" lon="17.679708093"/>
      <trkpt lat="66.908573544" lon="17.682969659"/>
      <trkpt lat="66.910660545" lon="17.68554458"/>
      <trkpt lat="66.912343481" lon="17.688634485"/>
      <trkpt lat="66.91449747" lon="17.689149469"/>
      <trkpt lat="66.916180141" lon="17.690007776"/>
      <trkpt lat="66.918804877" lon="17.69172439"/>
      <trkpt lat="66.919208657" lon="17.693097681"/>
      <trkpt lat="66.918535686" lon="17.695672601"/>
      <trkpt lat="66.920150786" lon="17.698075861"/>
      <trkpt lat="66.920285373" lon="17.706487268"/>
      <trkpt lat="66.922034934" lon="17.710607141"/>
      <trkpt lat="66.922842381" lon="17.714040369"/>
      <trkpt lat="66.924524478" lon="17.718160242"/>
      <trkpt lat="66.925937349" lon="17.719018549"/>
      <trkpt lat="66.951726131" lon="17.717857863"/>
      <trkpt lat="66.951911521" lon="17.717970888"/>
      <trkpt lat="66.95224724" lon="17.718050276"/>
      <trkpt lat="66.952455408" lon="17.718136408"/>
      <trkpt lat="66.952686596" lon="17.718078268"/>
      <trkpt lat="66.952855168" lon="17.718076076"/>
      <trkpt lat="66.953154282" lon="17.718612922"/>
      <trkpt lat="66.953324089" lon="17.718778699"/>
      <trkpt lat="66.953436102" lon="17.718959017"/>
      <trkpt lat="66.953473537" lon="17.719172989"/>
      <trkpt lat="66.95349258" lon="17.719741553"/>
      <trkpt lat="66.953639377" lon="17.719810366"/>
      <trkpt lat="66.953858442" lon="17.719740394"/>
      <trkpt lat="66.953936139" lon="17.719644161"/>
      <trkpt lat="66.95404353" lon="17.719614193"/>
      <trkpt lat="66.954168562" lon="17.719754003"/>
      <trkpt lat="66.954201563" lon="17.719747215"/>
      <trkpt lat="66.954327141" lon="17.719855633"/>
      <trkpt lat="66.954481228" lon="17.720218986"/>
      <trkpt lat="66.954632654" lon="17.720498129"/>
      <trkpt lat="66.954633497" lon="17.720624983"/>
      <trkpt lat="66.955332574" lon="17.720527134"/>
      <trkpt lat="66.955658477" lon="17.720444228"/>
      <trkpt lat="66.955811589" lon="17.720357779"/>
      <trkpt lat="66.956213614" lon="17.720328223"/>
      <trkpt lat="66.956385426" lon="17.720382701"/>
      <trkpt lat="66.95660578" lon="17.720512592"/>
      <trkpt lat="66.957031715" lon="17.720945551"/>
      <trkpt lat="66.95717173" lon="17.720944957"/>
      <trkpt lat="66.957285305" lon="17.720908235"/>
      <trkpt lat="66.957438907" lon="17.720796313"/>
      <trkpt lat="66.957524493" lon="17.72080346"/>
      <trkpt lat="66.957691043" lon="17.720908315"/>
      <trkpt lat="66.957780775" lon="17.720996234"/>
      <trkpt lat="66.957949279" lon="17.721221694"/>
      <trkpt lat="66.958164656" lon="17.721387431"/>
      <trkpt lat="66.958296282" lon="17.721451435"/>
      <trkpt lat="66.958566855" lon="17.721496513"/>
      <trkpt lat="66.958931601" lon="17.721508135"/>
      <trkpt lat="66.958979049" lon="17.721963186"/>
      <trkpt lat="66.959056079" lon="17.722264674"/>
      <trkpt lat="66.959196006" lon="17.722490194"/>
      <trkpt lat="66.959320975" lon="17.722750319"/>
      <trkpt lat="66.959610142" lon="17.723089513"/>
      <trkpt lat="66.959650928" lon="17.723196772"/>
      <trkpt lat="66.959697283" lon="17.723384993"/>
      <trkpt lat="66.959713148" lon="17.723598519"/>
      <trkpt lat="66.959756348" lon="17.723655041"/>
      <trkpt lat="66.959859798" lon="17.72391974"/>
      <trkpt lat="66.959904871" lon="17.72410051"/>
      <trkpt lat="66.960032095" lon="17.724244221"/>
      <trkpt lat="66.960079068" lon="17.72432674"/>
      <trkpt lat="66.960310317" lon="17.724410631"/>
      <trkpt lat="66.960420083" lon="17.724570382"/>
      <trkpt lat="66.960490212" lon="17.724637595"/>
      <trkpt lat="66.960579508" lon="17.724674388"/>
      <trkpt lat="66.960823008" lon="17.72508446"/>
      <trkpt lat="66.960937403" lon="17.725226564"/>
      <trkpt lat="66.961044476" lon="17.72545163"/>
      <trkpt lat="66.961122048" lon="17.725651079"/>
      <trkpt lat="66.96124157" lon="17.726118458"/>
      <trkpt lat="66.961504087" lon="17.726873809"/>
      <trkpt lat="66.9617267" lon="17.727624138"/>
      <trkpt lat="66.961782408" lon="17.727919328"/>
      <trkpt lat="66.961851985" lon="17.728088609"/>
      <trkpt lat="66.961928394" lon="17.728200402"/>
      <trkpt lat="66.962039496" lon="17.728291031"/>
      <trkpt lat="66.962215133" lon="17.72859044"/>
      <trkpt lat="66.962637216" lon="17.729147173"/>
      <trkpt lat="66.962707569" lon="17.729276445"/>
      <trkpt lat="66.962857572" lon="17.729718548"/>
      <trkpt lat="66.963020942" lon="17.729987246"/>
      <trkpt lat="66.963156286" lon="17.730153918"/>
      <trkpt lat="66.963263987" lon="17.730346279"/>
      <trkpt lat="66.963326797" lon="17.730496485"/>
      <trkpt lat="66.963431108" lon="17.730863518"/>
      <trkpt lat="66.963537377" lon="17.731424113"/>
      <trkpt lat="66.963638961" lon="17.731710542"/>
      <trkpt lat="66.963667066" lon="17.731881913"/>
      <trkpt lat="66.963660417" lon="17.732151009"/>
      <trkpt lat="66.963625348" lon="17.73255876"/>
      <trkpt lat="66.963654416" lon="17.732974643"/>
      <trkpt lat="66.963759857" lon="17.733724833"/>
      <trkpt lat="66.963880205" lon="17.734148623"/>
      <trkpt lat="66.963987685" lon="17.734351938"/>
      <trkpt lat="66.964068592" lon="17.735040674"/>
      <trkpt lat="66.964255903" lon="17.73779016"/>
      <trkpt lat="66.964356889" lon="17.73869432"/>
      <trkpt lat="66.964397867" lon="17.739275549"/>
      <trkpt lat="66.964514677" lon="17.740107128"/>
      <trkpt lat="66.964812106" lon="17.74013514"/>
      <trkpt lat="66.965277229" lon="17.74071364"/>
      <trkpt lat="66.965688151" lon="17.740926512"/>
      <trkpt lat="66.966107913" lon="17.74098292"/>
      <trkpt lat="66.966406304" lon="17.740936995"/>
      <trkpt lat="66.966879674" lon="17.741387635"/>
      <trkpt lat="66.967228435" lon="17.74189322"/>
      <trkpt lat="66.967505716" lon="17.742390522"/>
      <trkpt lat="66.967593359" lon="17.743040215"/>
      <trkpt lat="66.967779703" lon="17.74339499"/>
      <trkpt lat="66.968114991" lon="17.743604938"/>
      <trkpt lat="66.968345827" lon="17.743980025"/>
      <trkpt lat="66.968541444" lon="17.744565439"/>
      <trkpt lat="66.968754611" lon="17.744572603"/>
      <trkpt lat="66.968949798" lon="17.744634707"/>
      <trkpt lat="66.969139385" lon="17.744968423"/>
      <trkpt lat="66.969482026" lon="17.745365767"/>
      <trkpt lat="66.969691492" lon="17.745687844"/>
      <trkpt lat="66.969958715" lon="17.745931686"/>
      <trkpt lat="66.970084953" lon="17.746206751"/>
      <trkpt lat="66.970226654" lon="17.746684589"/>
      <trkpt lat="66.970318556" lon="17.747127062"/>
      <trkpt lat="66.970478823" lon="17.747385204"/>
      <trkpt lat="66.970771669" lon="17.747747231"/>
      <trkpt lat="66.970983048" lon="17.748112617"/>
      <trkpt lat="66.971274829" lon="17.74906951"/>
      <trkpt lat="66.971529366" lon="17.749519592"/>
      <trkpt lat="66.971967939" lon="17.749954442"/>
      <trkpt lat="66.972067768" lon="17.750110194"/>
      <trkpt lat="66.972150626" lon="17.75031227"/>
      <trkpt lat="66.972319137" lon="17.751026711"/>
      <trkpt lat="66.97240573" lon="17.751325644"/>
      <trkpt lat="66.972506138" lon="17.751605437"/>
      <trkpt lat="66.972754473" lon="17.752067042"/>
      <trkpt lat="66.97291083" lon="17.752229104"/>
      <trkpt lat="66.973177321" lon="17.752258779"/>
      <trkpt lat="66.973327246" lon="17.752323684"/>
      <trkpt lat="66.973484428" lon="17.752437627"/>
      <trkpt lat="66.973754886" lon="17.752708819"/>
      <trkpt lat="66.973920721" lon="17.752947719"/>
      <trkpt lat="66.974011299" lon="17.753171351"/>
      <trkpt lat="66.974108191" lon="17.753499014"/>
      <trkpt lat="66.974206238" lon="17.75391637"/>
      <trkpt lat="66.974520676" lon="17.754771149"/>
      <trkpt lat="66.974695269" lon="17.755128137"/>
      <trkpt lat="66.974852091" lon="17.755262723"/>
      <trkpt lat="66.975399364" lon="17.755275518"/>
      <trkpt lat="66.975532912" lon="17.755193953"/>
      <trkpt lat="66.975627479" lon="17.75518383"/>
      <trkpt lat="66.975880033" lon="17.755397997"/>
      <trkpt lat="66.976155082" lon="17.755242667"/>
      <trkpt lat="66.976221579" lon="17.755277386"/>
      <trkpt lat="66.976312882" lon="17.755452907"/>
      <trkpt lat="66.976371822" lon="17.755719907"/>
      <trkpt lat="66.976552988" lon="17.756153368"/>
      <trkpt lat="66.9766122" lon="17.756469819"/>
      <trkpt lat="66.976740556" lon="17.756683939"/>
      <trkpt lat="66.976863112" lon="17.756766627"/>
      <trkpt lat="66.976963193" lon="17.756901831"/>
      <trkpt lat="66.9771544" lon="17.75737777"/>
      <trkpt lat="66.977279196" lon="17.757798018"/>
      <trkpt lat="66.977370129" lon="17.757994153"/>
      <trkpt lat="66.977602213" lon="17.758288854"/>
      <trkpt lat="66.977748566" lon="17.758553211"/>
      <trkpt lat="66.978214989" lon="17.759012087"/>
      <trkpt lat="66.978275022" lon="17.759280479"/>
      <trkpt lat="66.978376604" lon="17.759484715"/>
      <trkpt lat="66.978561568" lon="17.759698379"/>
      <trkpt lat="66.979074163" lon="17.760603121"/>
      <trkpt lat="66.979354317" lon="17.761233767"/>
      <trkpt lat="66.979792421" lon="17.762081938"/>
      <trkpt lat="66.980229705" lon="17.762496266"/>
      <trkpt lat="66.980404093" lon="17.762853349"/>
      <trkpt lat="66.980940982" lon="17.763444275"/>
      <trkpt lat="66.981450315" lon="17.763915059"/>
      <trkpt lat="66.981763664" lon="17.763874803"/>
      <trkpt lat="66.981897618" lon="17.76376604"/>
      <trkpt lat="66.982080097" lon="17.763694435"/>
      <trkpt lat="66.982311973" lon="17.763844635"/>
      <trkpt lat="66.982765477" lon="17.764426185"/>
      <trkpt lat="66.982913612" lon="17.764587554"/>
      <trkpt lat="66.983015111" lon="17.764640366"/>
      <trkpt lat="66.983273243" lon="17.76498635"/>
      <trkpt lat="66.983468961" lon="17.765201321"/>
      <trkpt lat="66.98361877" lon="17.765266505"/>
      <trkpt lat="66.984233162" lon="17.76514666"/>
      <trkpt lat="66.984352539" lon="17.765256583"/>
      <trkpt lat="66.984610781" lon="17.76572519"/>
      <trkpt lat="66.984752115" lon="17.76627831"/>
      <trkpt lat="66.98492446" lon="17.766752336"/>
      <trkpt lat="66.984975458" lon="17.767074872"/>
      <trkpt lat="66.985404268" lon="17.767991179"/>
      <trkpt lat="66.985497764" lon="17.768504482"/>
      <trkpt lat="66.985594251" lon="17.768845968"/>
      <trkpt lat="66.98571299" lon="17.769042348"/>
      <trkpt lat="66.985939964" lon="17.769164514"/>
      <trkpt lat="66.986542047" lon="17.769260397"/>
      <trkpt lat="66.986727477" lon="17.76944671"/>
      <trkpt lat="66.986816608" lon="17.769746064"/>
      <trkpt lat="66.987226543" lon="17.769985437"/>
      <trkpt lat="66.987447963" lon="17.770272279"/>
      <trkpt lat="66.987787258" lon="17.770909969"/>
      <trkpt lat="66.987875915" lon="17.771236841"/>
      <trkpt lat="66.98821168" lon="17.771922355"/>
      <trkpt lat="66.988327883" lon="17.772369448"/>
      <trkpt lat="66.988516355" lon="17.772845426"/>
      <trkpt lat="66.989096203" lon="17.775301218"/>
      <trkpt lat="66.989139279" lon="17.776077495"/>
      <trkpt lat="66.989180513" lon="17.776495425"/>
      <trkpt lat="66.989223852" lon="17.776638119"/>
      <trkpt lat="66.989373166" lon="17.776730865"/>
      <trkpt lat="66.989478559" lon="17.776715311"/>
      <trkpt lat="66.98977181" lon="17.777210163"/>
      <trkpt lat="66.989912344" lon="17.777205733"/>
      <trkpt lat="66.98996822" lon="17.777253637"/>
      <trkpt lat="66.990033903" lon="17.777357886"/>
      <trkpt lat="66.990276516" lon="17.777537852"/>
      <trkpt lat="66.990744464" lon="17.777806086"/>
      <trkpt lat="66.990900572" lon="17.777989863"/>
      <trkpt lat="66.991173693" lon="17.778125071"/>
      <trkpt lat="66.991568789" lon="17.778532296"/>
      <trkpt lat="66.991858581" lon="17.778641837"/>
      <trkpt lat="66.992862976" lon="17.77957982"/>
      <trkpt lat="66.993331635" lon="17.779910942"/>
      <trkpt lat="66.993460291" lon="17.780119152"/>
      <trkpt lat="66.99362338" lon="17.780511963"/>
      <trkpt lat="66.993862215" lon="17.781658036"/>
      <trkpt lat="66.993957911" lon="17.78220074"/>
      <trkpt lat="66.994205795" lon="17.783147707"/>
      <trkpt lat="66.994537723" lon="17.784076841"/>
      <trkpt lat="66.994888522" lon="17.784552565"/>
      <trkpt lat="66.995142517" lon="17.78469945"/>
      <trkpt lat="66.995290415" lon="17.784889251"/>
      <trkpt lat="66.995412934" lon="17.785290102"/>
      <trkpt lat="66.995495762" lon="17.785493068"/>
      <trkpt lat="66.995700387" lon="17.785682554"/>
      <trkpt lat="66.99585599" lon="17.78604585"/>
      <trkpt lat="66.996190606" lon="17.786367848"/>
      <trkpt lat="66.996998054" lon="17.787290326"/>
      <trkpt lat="66.997141902" lon="17.787403726"/>
      <trkpt lat="66.997279616" lon="17.78770974"/>
      <trkpt lat="66.99747454" lon="17.788443601"/>
      <trkpt lat="66.997604141" lon="17.789204367"/>
      <trkpt lat="66.997618837" lon="17.789440842"/>
      <trkpt lat="66.997819888" lon="17.789830197"/>
      <trkpt lat="66.998127183" lon="17.79016982"/>
      <trkpt lat="66.998228582" lon="17.790702155"/>
      <trkpt lat="66.998300296" lon="17.790611184"/>
      <trkpt lat="66.998391943" lon="17.790621857"/>
      <trkpt lat="66.998596561" lon="17.79081141"/>
      <trkpt lat="66.998705477" lon="17.791065775"/>
      <trkpt lat="66.998782524" lon="17.791440726"/>
      <trkpt lat="66.998854195" lon="17.791663118"/>
      <trkpt lat="66.998946325" lon="17.791798161"/>
      <trkpt lat="66.999380505" lon="17.792387563"/>
      <trkpt lat="66.999650673" lon="17.792536462"/>
      <trkpt lat="66.999848306" lon="17.792511177"/>
      <trkpt lat="67.000161374" lon="17.792526962"/>
      <trkpt lat="67.000338418" lon="17.792595948"/>
      <trkpt lat="67.000401393" lon="17.792699974"/>
      <trkpt lat="67.000495374" lon="17.792731651"/>
      <trkpt lat="67.000590945" lon="17.792673739"/>
      <trkpt lat="67.000783456" lon="17.792482113"/>
      <trkpt lat="67.000898026" lon="17.792419517"/>
      <trkpt lat="67.001913018" lon="17.793310479"/>
      <trkpt lat="67.002071398" lon="17.793349717"/>
      <trkpt lat="67.00240821" lon="17.793513322"/>
      <trkpt lat="67.002395432" lon="17.793847215"/>
      <trkpt lat="67.002543517" lon="17.794760995"/>
      <trkpt lat="67.002570324" lon="17.795370938"/>
      <trkpt lat="67.002644745" lon="17.796482939"/>
      <trkpt lat="67.002732292" lon="17.797313776"/>
      <trkpt lat="67.002735314" lon="17.798196763"/>
      <trkpt lat="67.002751027" lon="17.798522688"/>
      <trkpt lat="67.002804513" lon="17.798997859"/>
      <trkpt lat="67.003022752" lon="17.800057848"/>
      <trkpt lat="67.003221528" lon="17.801150026"/>
      <trkpt lat="67.003442684" lon="17.802196593"/>
      <trkpt lat="67.003805154" lon="17.803032259"/>
      <trkpt lat="67.003889615" lon="17.803283549"/>
      <trkpt lat="67.003954003" lon="17.803601423"/>
      <trkpt lat="67.004182611" lon="17.804083459"/>
      <trkpt lat="67.004329851" lon="17.804742126"/>
      <trkpt lat="67.004520203" lon="17.805102431"/>
      <trkpt lat="67.004731867" lon="17.805327337"/>
      <trkpt lat="67.004883096" lon="17.805614104"/>
      <trkpt lat="67.005088647" lon="17.806327924"/>
      <trkpt lat="67.005389341" lon="17.807597778"/>
      <trkpt lat="67.005514369" lon="17.807991814"/>
      <trkpt lat="67.005679011" lon="17.808431892"/>
      <trkpt lat="67.005872506" lon="17.809365029"/>
      <trkpt lat="67.005980679" lon="17.809646746"/>
      <trkpt lat="67.006216017" lon="17.810053802"/>
      <trkpt lat="67.006407809" lon="17.810483338"/>
      <trkpt lat="67.006480629" lon="17.810781576"/>
      <trkpt lat="67.006668774" lon="17.811114131"/>
      <trkpt lat="67.006765632" lon="17.811125558"/>
      <trkpt lat="67.006892251" lon="17.811281882"/>
      <trkpt lat="67.007128721" lon="17.811480986"/>
      <trkpt lat="67.007390723" lon="17.811525766"/>
      <trkpt lat="67.007488295" lon="17.811647626"/>
      <trkpt lat="67.007717834" lon="17.81177818"/>
      <trkpt lat="67.00793884" lon="17.81223187"/>
      <trkpt lat="67.008229929" lon="17.81268697"/>
      <trkpt lat="67.00832245" lon="17.81338761"/>
      <trkpt lat="67.00812882" lon="17.814702767"/>
      <trkpt lat="67.008094728" lon="17.815843675"/>
      <trkpt lat="67.008123992" lon="17.816164391"/>
      <trkpt lat="67.008251517" lon="17.816717448"/>
      <trkpt lat="67.008433393" lon="17.817097592"/>
      <trkpt lat="67.008490837" lon="17.817370673"/>
      <trkpt lat="67.008531665" lon="17.818244555"/>
      <trkpt lat="67.008683675" lon="17.819083317"/>
      <trkpt lat="67.009017246" lon="17.819722869"/>
      <trkpt lat="67.009287716" lon="17.819975593"/>
      <trkpt lat="67.009495049" lon="17.820289843"/>
      <trkpt lat="67.0095664" lon="17.820518999"/>
      <trkpt lat="67.009749561" lon="17.821423588"/>
      <trkpt lat="67.009953505" lon="17.821627079"/>
      <trkpt lat="67.010367876" lon="17.821676154"/>
      <trkpt lat="67.010553729" lon="17.821836126"/>
      <trkpt lat="67.010696035" lon="17.822018534"/>
      <trkpt lat="67.010923819" lon="17.822245565"/>
      <trkpt lat="67.011100804" lon="17.822597622"/>
      <trkpt lat="67.01131376" lon="17.822898793"/>
      <trkpt lat="67.011553995" lon="17.823182491"/>
      <trkpt lat="67.011719444" lon="17.82327797"/>
      <trkpt lat="67.011847428" lon="17.823506981"/>
      <trkpt lat="67.011896825" lon="17.82494767"/>
      <trkpt lat="67.011897748" lon="17.825789357"/>
      <trkpt lat="67.011948005" lon="17.826140227"/>
      <trkpt lat="67.012515589" lon="17.827775916"/>
      <trkpt lat="67.012712032" lon="17.828383226"/>
      <trkpt lat="67.012848469" lon="17.829038727"/>
      <trkpt lat="67.01284178" lon="17.830035595"/>
      <trkpt lat="67.012785063" lon="17.830971725"/>
      <trkpt lat="67.01276755" lon="17.831664638"/>
      <trkpt lat="67.01282683" lon="17.832118646"/>
      <trkpt lat="67.0134027" lon="17.833017197"/>
      <trkpt lat="67.013894376" lon="17.833348793"/>
      <trkpt lat="67.014121761" lon="17.833877155"/>
      <trkpt lat="67.014463608" lon="17.835086108"/>
      <trkpt lat="67.014780157" lon="17.835590333"/>
      <trkpt lat="67.014913364" lon="17.83612169"/>
      <trkpt lat="67.015123338" lon="17.836552567"/>
      <trkpt lat="67.015259735" lon="17.836595748"/>
      <trkpt lat="67.015362952" lon="17.836690158"/>
      <trkpt lat="67.01548375" lon="17.836855412"/>
      <trkpt lat="67.01614648" lon="17.838472944"/>
      <trkpt lat="67.017584113" lon="17.841748659"/>
      <trkpt lat="67.017878446" lon="17.842291789"/>
      <trkpt lat="67.018027886" lon="17.84235716"/>
      <trkpt lat="67.018634247" lon="17.842894953"/>
      <trkpt lat="67.01876726" lon="17.84313049"/>
      <trkpt lat="67.018842362" lon="17.843600231"/>
      <trkpt lat="67.018849835" lon="17.843786902"/>
      <trkpt lat="67.018929988" lon="17.843816749"/>
      <trkpt lat="67.019058173" lon="17.843714522"/>
      <trkpt lat="67.019300672" lon="17.843687396"/>
      <trkpt lat="67.020064828" lon="17.843968064"/>
      <trkpt lat="67.020755831" lon="17.844433031"/>
      <trkpt lat="67.021052774" lon="17.845026586"/>
      <trkpt lat="67.021328336" lon="17.846483072"/>
      <trkpt lat="67.021416461" lon="17.846823606"/>
      <trkpt lat="67.021478696" lon="17.84695466"/>
      <trkpt lat="67.021549697" lon="17.847809453"/>
      <trkpt lat="67.021682258" lon="17.84837537"/>
      <trkpt lat="67.021774637" lon="17.848626928"/>
      <trkpt lat="67.021892867" lon="17.848785116"/>
      <trkpt lat="67.022376648" lon="17.84956365"/>
      <trkpt lat="67.022995032" lon="17.850791401"/>
      <trkpt lat="67.023140429" lon="17.851696119"/>
      <trkpt lat="67.023321153" lon="17.853190041"/>
      <trkpt lat="67.023504819" lon="17.853906509"/>
      <trkpt lat="67.02384443" lon="17.855081546"/>
      <trkpt lat="67.024003314" lon="17.855678132"/>
      <trkpt lat="67.024119115" lon="17.855973764"/>
      <trkpt lat="67.024338957" lon="17.856315842"/>
      <trkpt lat="67.024765449" lon="17.856681833"/>
      <trkpt lat="67.024884289" lon="17.856957156"/>
      <trkpt lat="67.024998264" lon="17.857355852"/>
      <trkpt lat="67.025463708" lon="17.85825645"/>
      <trkpt lat="67.025677551" lon="17.858329404"/>
      <trkpt lat="67.025916331" lon="17.858191636"/>
      <trkpt lat="67.026027611" lon="17.858279914"/>
      <trkpt lat="67.026340468" lon="17.859133405"/>
      <trkpt lat="67.026426373" lon="17.859136322"/>
      <trkpt lat="67.026575184" lon="17.859228887"/>
      <trkpt lat="67.027055571" lon="17.859716621"/>
      <trkpt lat="67.027221121" lon="17.859927924"/>
      <trkpt lat="67.027761073" lon="17.861623436"/>
      <trkpt lat="67.027838499" lon="17.862113382"/>
      <trkpt lat="67.027857777" lon="17.86254861"/>
      <trkpt lat="67.028147356" lon="17.863811965"/>
      <trkpt lat="67.028255769" lon="17.864064899"/>
      <trkpt lat="67.028323299" lon="17.864505642"/>
      <trkpt lat="67.028392979" lon="17.864822888"/>
      <trkpt lat="67.028809038" lon="17.865763967"/>
      <trkpt lat="67.029126045" lon="17.866377547"/>
      <trkpt lat="67.029199599" lon="17.866626527"/>
      <trkpt lat="67.029252207" lon="17.867306157"/>
      <trkpt lat="67.029416986" lon="17.869032893"/>
      <trkpt lat="67.029428486" lon="17.869605706"/>
      <trkpt lat="67.029479248" lon="17.869836838"/>
      <trkpt lat="67.029645464" lon="17.870186735"/>
      <trkpt lat="67.029776487" lon="17.870969608"/>
      <trkpt lat="67.029800398" lon="17.87133533"/>
      <trkpt lat="67.029784908" lon="17.872517222"/>
      <trkpt lat="67.0297564" lon="17.873496682"/>
      <trkpt lat="67.029844393" lon="17.876116004"/>
      <trkpt lat="67.029975319" lon="17.877828405"/>
      <trkpt lat="67.030129535" lon="17.878959564"/>
      <trkpt lat="67.030353593" lon="17.879586699"/>
      <trkpt lat="67.030521372" lon="17.88140583"/>
      <trkpt lat="67.030565608" lon="17.882228051"/>
      <trkpt lat="67.030358497" lon="17.884897702"/>
      <trkpt lat="67.030369721" lon="17.88549003"/>
      <trkpt lat="67.03050449" lon="17.886156291"/>
      <trkpt lat="67.030589367" lon="17.887891484"/>
      <trkpt lat="67.030664331" lon="17.889144967"/>
      <trkpt lat="67.030750581" lon="17.889378698"/>
      <trkpt lat="67.030942833" lon="17.889665632"/>
      <trkpt lat="67.031035965" lon="17.890881448"/>
      <trkpt lat="67.031084978" lon="17.89126852"/>
      <trkpt lat="67.031064987" lon="17.892385148"/>
      <trkpt lat="67.030996583" lon="17.89351775"/>
      <trkpt lat="67.030825503" lon="17.894525902"/>
      <trkpt lat="67.030830599" lon="17.894981293"/>
      <trkpt lat="67.030759621" lon="17.895658674"/>
      <trkpt lat="67.030617652" lon="17.896558388"/>
      <trkpt lat="67.030653963" lon="17.896944549"/>
      <trkpt lat="67.030722731" lon="17.897151057"/>
      <trkpt lat="67.031011063" lon="17.897698549"/>
      <trkpt lat="67.031174102" lon="17.898100437"/>
      <trkpt lat="67.031366119" lon="17.898406909"/>
      <trkpt lat="67.031640235" lon="17.898634878"/>
      <trkpt lat="67.031893693" lon="17.898893829"/>
      <trkpt lat="67.032934055" lon="17.900055188"/>
      <trkpt lat="67.033458583" lon="17.900814984"/>
      <trkpt lat="67.033641895" lon="17.900990869"/>
      <trkpt lat="67.034403358" lon="17.902125556"/>
      <trkpt lat="67.034558781" lon="17.902754521"/>
      <trkpt lat="67.034642103" lon="17.903248188"/>
      <trkpt lat="67.034840111" lon="17.905291097"/>
      <trkpt lat="67.034935887" lon="17.906032747"/>
      <trkpt lat="67.035177928" lon="17.907539284"/>
      <trkpt lat="67.035404252" lon="17.908635096"/>
      <trkpt lat="67.035580956" lon="17.909174657"/>
      <trkpt lat="67.035861122" lon="17.911629559"/>
      <trkpt lat="67.035931455" lon="17.912165775"/>
      <trkpt lat="67.035936203" lon="17.913050642"/>
      <trkpt lat="67.035905967" lon="17.913225157"/>
      <trkpt lat="67.035898434" lon="17.913853556"/>
      <trkpt lat="67.035999322" lon="17.914614948"/>
      <trkpt lat="67.036126261" lon="17.915122868"/>
      <trkpt lat="67.036289928" lon="17.915980942"/>
      <trkpt lat="67.036367753" lon="17.916530887"/>
      <trkpt lat="67.03638793" lon="17.917194215"/>
      <trkpt lat="67.036534296" lon="17.918214748"/>
      <trkpt lat="67.03656017" lon="17.918616477"/>
      <trkpt lat="67.036649263" lon="17.9192918"/>
      <trkpt lat="67.036785777" lon="17.920704716"/>
      <trkpt lat="67.037007991" lon="17.922222683"/>
      <trkpt lat="67.037164742" lon="17.923014761"/>
      <trkpt lat="67.037404897" lon="17.923892072"/>
      <trkpt lat="67.037820759" lon="17.924835722"/>
      <trkpt lat="67.038113681" lon="17.925579647"/>
      <trkpt lat="67.038407691" lon="17.926231939"/>
      <trkpt lat="67.038579107" lon="17.926867997"/>
      <trkpt lat="67.038645766" lon="17.92727954"/>
      <trkpt lat="67.039068073" lon="17.928748023"/>
      <trkpt lat="67.039336623" lon="17.929601505"/>
      <trkpt lat="67.039440348" lon="17.930120849"/>
      <trkpt lat="67.039462298" lon="17.930633705"/>
      <trkpt lat="67.039601111" lon="17.931424515"/>
      <trkpt lat="67.039817733" lon="17.932339443"/>
      <trkpt lat="67.040003587" lon="17.933048814"/>
      <trkpt lat="67.041013005" lon="17.935042523"/>
      <trkpt lat="67.041249871" lon="17.935552849"/>
      <trkpt lat="67.042362139" lon="17.936447382"/>
      <trkpt lat="67.042857122" lon="17.936768587"/>
      <trkpt lat="67.042967826" lon="17.936921567"/>
      <trkpt lat="67.043077904" lon="17.93712695"/>
      <trkpt lat="67.043352881" lon="17.938079484"/>
      <trkpt lat="67.043418716" lon="17.938346876"/>
      <trkpt lat="67.043557221" lon="17.938528322"/>
      <trkpt lat="67.043788546" lon="17.939484206"/>
      <trkpt lat="67.043764218" lon="17.940013131"/>
      <trkpt lat="67.043814504" lon="17.941137885"/>
      <trkpt lat="67.043780262" lon="17.941639829"/>
      <trkpt lat="67.043721815" lon="17.942028407"/>
      <trkpt lat="67.043432002" lon="17.94278933"/>
      <trkpt lat="67.043429071" lon="17.94294795"/>
      <trkpt lat="67.043429071" lon="17.94294795"/>
      <trkpt lat="67.043420026" lon="17.943282328"/>
      <trkpt lat="67.04364944" lon="17.944401737"/>
      <trkpt lat="67.043696097" lon="17.944772472"/>
      <trkpt lat="67.043753327" lon="17.945886488"/>
      <trkpt lat="67.043813316" lon="17.946212438"/>
      <trkpt lat="67.043917312" lon="17.946496014"/>
      <trkpt lat="67.043950859" lon="17.946682223"/>
      <trkpt lat="67.044022588" lon="17.947513772"/>
      <trkpt lat="67.043859169" lon="17.948405578"/>
      <trkpt lat="67.043852641" lon="17.948758089"/>
      <trkpt lat="67.043942453" lon="17.949122305"/>
      <trkpt lat="67.044192942" lon="17.949825277"/>
      <trkpt lat="67.044541496" lon="17.949646101"/>
      <trkpt lat="67.045081349" lon="17.94943373"/>
      <trkpt lat="67.04531329" lon="17.949504739"/>
      <trkpt lat="67.046028284" lon="17.950243682"/>
      <trkpt lat="67.046311662" lon="17.950502374"/>
      <trkpt lat="67.046680971" lon="17.951056351"/>
      <trkpt lat="67.046998917" lon="17.952045423"/>
      <trkpt lat="67.047055528" lon="17.952646473"/>
      <trkpt lat="67.047031711" lon="17.952919853"/>
      <trkpt lat="67.04694484" lon="17.953172749"/>
      <trkpt lat="67.047114785" lon="17.953402893"/>
      <trkpt lat="67.047370623" lon="17.953595629"/>
      <trkpt lat="67.047672764" lon="17.953913242"/>
      <trkpt lat="67.047759154" lon="17.954089617"/>
      <trkpt lat="67.047859166" lon="17.954353491"/>
      <trkpt lat="67.048012135" lon="17.954420324"/>
      <trkpt lat="67.048143634" lon="17.954530362"/>
      <trkpt lat="67.048292796" lon="17.954781136"/>
      <trkpt lat="67.04846476" lon="17.955173343"/>
      <trkpt lat="67.049016223" lon="17.955873909"/>
      <trkpt lat="67.049200298" lon="17.956222067"/>
      <trkpt lat="67.049308325" lon="17.956595743"/>
      <trkpt lat="67.049367385" lon="17.956663045"/>
      <trkpt lat="67.049445294" lon="17.956690089"/>
      <trkpt lat="67.049642437" lon="17.956611426"/>
      <trkpt lat="67.049754831" lon="17.956649711"/>
      <trkpt lat="67.049790872" lon="17.956710597"/>
      <trkpt lat="67.04980908" lon="17.956887638"/>
      <trkpt lat="67.049878819" lon="17.956874053"/>
      <trkpt lat="67.049998303" lon="17.956942969"/>
      <trkpt lat="67.050092555" lon="17.956863524"/>
      <trkpt lat="67.050237431" lon="17.956886469"/>
      <trkpt lat="67.050447555" lon="17.957112596"/>
      <trkpt lat="67.050502563" lon="17.95718923"/>
      <trkpt lat="67.050592529" lon="17.957379324"/>
      <trkpt lat="67.050791592" lon="17.957518329"/>
      <trkpt lat="67.0508759" lon="17.95760882"/>
      <trkpt lat="67.050944341" lon="17.95772022"/>
      <trkpt lat="67.051181408" lon="17.957887443"/>
      <trkpt lat="67.051267762" lon="17.957879405"/>
      <trkpt lat="67.051515529" lon="17.958275359"/>
      <trkpt lat="67.051612562" lon="17.958558644"/>
      <trkpt lat="67.05176096" lon="17.958908191"/>
      <trkpt lat="67.051790577" lon="17.95946562"/>
      <trkpt lat="67.051834577" lon="17.959577016"/>
      <trkpt lat="67.052064779" lon="17.959578617"/>
      <trkpt lat="67.05215011" lon="17.959619853"/>
      <trkpt lat="67.05229931" lon="17.959620339"/>
      <trkpt lat="67.052539159" lon="17.959715508"/>
      <trkpt lat="67.053003381" lon="17.95969254"/>
      <trkpt lat="67.053350422" lon="17.959810705"/>
      <trkpt lat="67.053643882" lon="17.95994509"/>
      <trkpt lat="67.053823722" lon="17.960141446"/>
      <trkpt lat="67.054014391" lon="17.960528588"/>
      <trkpt lat="67.054056969" lon="17.960646403"/>
      <trkpt lat="67.054170151" lon="17.960833067"/>
      <trkpt lat="67.054283634" lon="17.961253707"/>
      <trkpt lat="67.054303159" lon="17.96155286"/>
      <trkpt lat="67.05443023" lon="17.961813906"/>
      <trkpt lat="67.054454238" lon="17.961958838"/>
      <trkpt lat="67.054445415" lon="17.962198142"/>
      <trkpt lat="67.054512342" lon="17.96244444"/>
      <trkpt lat="67.054575987" lon="17.962911027"/>
      <trkpt lat="67.054776963" lon="17.963640067"/>
      <trkpt lat="67.054854516" lon="17.964055835"/>
      <trkpt lat="67.054929235" lon="17.964484397"/>
      <trkpt lat="67.054996205" lon="17.965162295"/>
      <trkpt lat="67.05505787" lon="17.965351894"/>
      <trkpt lat="67.05510477" lon="17.96544722"/>
      <trkpt lat="67.055286203" lon="17.965630042"/>
      <trkpt lat="67.05536792" lon="17.965782821"/>
      <trkpt lat="67.055484317" lon="17.966062246"/>
      <trkpt lat="67.055631284" lon="17.966727974"/>
      <trkpt lat="67.055776683" lon="17.96715959"/>
      <trkpt lat="67.055862591" lon="17.967296485"/>
      <trkpt lat="67.055958788" lon="17.967309587"/>
      <trkpt lat="67.056451214" lon="17.967521018"/>
      <trkpt lat="67.057398428" lon="17.9676083"/>
      <trkpt lat="67.057708947" lon="17.967717807"/>
      <trkpt lat="67.057918967" lon="17.967829311"/>
      <trkpt lat="67.058258211" lon="17.967826915"/>
      <trkpt lat="67.058358576" lon="17.967949327"/>
      <trkpt lat="67.058599087" lon="17.968074324"/>
      <trkpt lat="67.058633913" lon="17.968131788"/>
      <trkpt lat="67.058671206" lon="17.968318096"/>
      <trkpt lat="67.058716208" lon="17.968442849"/>
      <trkpt lat="67.058928498" lon="17.96856403"/>
      <trkpt lat="67.059002265" lon="17.968666325"/>
      <trkpt lat="67.059153832" lon="17.968614483"/>
      <trkpt lat="67.059205729" lon="17.968717117"/>
      <trkpt lat="67.059335393" lon="17.969100537"/>
      <trkpt lat="67.05935721" lon="17.969350634"/>
      <trkpt lat="67.059389931" lon="17.969447356"/>
      <trkpt lat="67.059501681" lon="17.969640533"/>
      <trkpt lat="67.059516094" lon="17.969813831"/>
      <trkpt lat="67.059606157" lon="17.970060068"/>
      <trkpt lat="67.059619494" lon="17.970234708"/>
      <trkpt lat="67.059688834" lon="17.97035481"/>
      <trkpt lat="67.059746174" lon="17.970400954"/>
      <trkpt lat="67.059843978" lon="17.970833004"/>
      <trkpt lat="67.059909394" lon="17.97105034"/>
      <trkpt lat="67.060050792" lon="17.971424889"/>
      <trkpt lat="67.060112671" lon="17.971491452"/>
      <trkpt lat="67.060212301" lon="17.97180957"/>
      <trkpt lat="67.060304251" lon="17.972034927"/>
      <trkpt lat="67.060424829" lon="17.972144587"/>
      <trkpt lat="67.060585642" lon="17.972460614"/>
      <trkpt lat="67.060963659" lon="17.972518315"/>
      <trkpt lat="67.061086621" lon="17.972680652"/>
      <trkpt lat="67.061202595" lon="17.972678527"/>
      <trkpt lat="67.061328385" lon="17.972736891"/>
      <trkpt lat="67.061623391" lon="17.973083424"/>
      <trkpt lat="67.061695261" lon="17.973203993"/>
      <trkpt lat="67.061833758" lon="17.973310361"/>
      <trkpt lat="67.061917161" lon="17.973475429"/>
      <trkpt lat="67.061992544" lon="17.973560735"/>
      <trkpt lat="67.06233184" lon="17.97384623"/>
      <trkpt lat="67.062635515" lon="17.974359288"/>
      <trkpt lat="67.062902787" lon="17.974957125"/>
      <trkpt lat="67.063094002" lon="17.975590224"/>
      <trkpt lat="67.063333442" lon="17.976125174"/>
      <trkpt lat="67.063744292" lon="17.976800149"/>
      <trkpt lat="67.064850971" lon="17.978110777"/>
      <trkpt lat="67.06505873" lon="17.978478337"/>
      <trkpt lat="67.065377375" lon="17.979275898"/>
      <trkpt lat="67.065894606" lon="17.979845077"/>
      <trkpt lat="67.066317569" lon="17.980491914"/>
      <trkpt lat="67.066830876" lon="17.981581173"/>
      <trkpt lat="67.067977326" lon="17.983863833"/>
      <trkpt lat="67.068200096" lon="17.984203573"/>
      <trkpt lat="67.068558043" lon="17.984604577"/>
      <trkpt lat="67.068887274" lon="17.985299538"/>
      <trkpt lat="67.069254689" lon="17.986742871"/>
      <trkpt lat="67.069495714" lon="17.987501373"/>
      <trkpt lat="67.069823549" lon="17.988270593"/>
      <trkpt lat="67.070366254" lon="17.9902637"/>
      <trkpt lat="67.070530452" lon="17.99109623"/>
      <trkpt lat="67.072279205" lon="17.994172091"/>
      <trkpt lat="67.07300554" lon="17.996658145"/>
      <trkpt lat="67.073439543" lon="17.999106726"/>
      <trkpt lat="67.073857135" lon="18.000631923"/>
      <trkpt lat="67.07425322" lon="18.002295733"/>
      <trkpt lat="67.07462321" lon="18.004085477"/>
      <trkpt lat="67.074733041" lon="18.005365334"/>
      <trkpt lat="67.074935741" lon="18.006198111"/>
      <trkpt lat="67.075073209" lon="18.00685602"/>
      <trkpt lat="67.075483384" lon="18.009549971"/>
      <trkpt lat="67.075507064" lon="18.010557416"/>
      <trkpt lat="67.075503056" lon="18.011773443"/>
      <trkpt lat="67.075435895" lon="18.012306945"/>
      <trkpt lat="67.075445372" lon="18.01312336"/>
      <trkpt lat="67.075475582" lon="18.013836471"/>
      <trkpt lat="67.075432828" lon="18.014515293"/>
      <trkpt lat="67.075479166" lon="18.015124485"/>
      <trkpt lat="67.075489549" lon="18.015692958"/>
      <trkpt lat="67.07552486" lon="18.015969821"/>
      <trkpt lat="67.07557933" lon="18.01621402"/>
      <trkpt lat="67.075615825" lon="18.016644607"/>
      <trkpt lat="67.0757951" lon="18.017285098"/>
      <trkpt lat="67.07589445" lon="18.017583136"/>
      <trkpt lat="67.076082" lon="18.018059488"/>
      <trkpt lat="67.076173863" lon="18.01848639"/>
      <trkpt lat="67.076206026" lon="18.018904524"/>
      <trkpt lat="67.076461152" lon="18.019863296"/>
      <trkpt lat="67.076525317" lon="18.020498767"/>
      <trkpt lat="67.076659704" lon="18.021085469"/>
      <trkpt lat="67.077005245" lon="18.021502365"/>
      <trkpt lat="67.077143033" lon="18.022349469"/>
      <trkpt lat="67.077173729" lon="18.023039101"/>
      <trkpt lat="67.077271482" lon="18.023821278"/>
      <trkpt lat="67.077315546" lon="18.024737335"/>
      <trkpt lat="67.077421569" lon="18.025355361"/>
      <trkpt lat="67.077299861" lon="18.026471512"/>
      <trkpt lat="67.077280399" lon="18.027342792"/>
      <trkpt lat="67.077344401" lon="18.0281909"/>
      <trkpt lat="67.07747191" lon="18.0290838"/>
      <trkpt lat="67.077663867" lon="18.029773557"/>
      <trkpt lat="67.077732959" lon="18.030373111"/>
      <trkpt lat="67.077676825" lon="18.032078999"/>
      <trkpt lat="67.077849457" lon="18.033014016"/>
      <trkpt lat="67.077936767" lon="18.0340546"/>
      <trkpt lat="67.077876829" lon="18.035085339"/>
      <trkpt lat="67.077943688" lon="18.035803981"/>
      <trkpt lat="67.078138582" lon="18.036978585"/>
      <trkpt lat="67.078324437" lon="18.037939222"/>
      <trkpt lat="67.078399514" lon="18.03890717"/>
      <trkpt lat="67.078412927" lon="18.039747902"/>
      <trkpt lat="67.07845474" lon="18.04117169"/>
      <trkpt lat="67.078614319" lon="18.041352847"/>
      <trkpt lat="67.078814038" lon="18.041488629"/>
      <trkpt lat="67.079075001" lon="18.041976083"/>
      <trkpt lat="67.079220114" lon="18.043107992"/>
      <trkpt lat="67.079398597" lon="18.04398495"/>
      <trkpt lat="67.079595448" lon="18.044864645"/>
      <trkpt lat="67.079755982" lon="18.045514507"/>
      <trkpt lat="67.079853217" lon="18.045700189"/>
      <trkpt lat="67.079910212" lon="18.045933097"/>
      <trkpt lat="67.080053884" lon="18.046308791"/>
      <trkpt lat="67.080167703" lon="18.046680067"/>
      <trkpt lat="67.08038617" lon="18.047214523"/>
      <trkpt lat="67.080497453" lon="18.04739049"/>
      <trkpt lat="67.080840719" lon="18.048114726"/>
      <trkpt lat="67.081084541" lon="18.04885381"/>
      <trkpt lat="67.081173824" lon="18.049085619"/>
      <trkpt lat="67.08122803" lon="18.049134985"/>
      <trkpt lat="67.081323631" lon="18.049290912"/>
      <trkpt lat="67.08145333" lon="18.049570057"/>
      <trkpt lat="67.081540274" lon="18.04970108"/>
      <trkpt lat="67.081583353" lon="18.04993786"/>
      <trkpt lat="67.081730946" lon="18.050343721"/>
      <trkpt lat="67.082043937" lon="18.051081293"/>
      <trkpt lat="67.082154825" lon="18.051889389"/>
      <trkpt lat="67.082249987" lon="18.0522698"/>
      <trkpt lat="67.08238715" lon="18.052626874"/>
      <trkpt lat="67.082560232" lon="18.052924279"/>
      <trkpt lat="67.082587975" lon="18.053022911"/>
      <trkpt lat="67.082766488" lon="18.054000601"/>
      <trkpt lat="67.082765863" lon="18.054437715"/>
      <trkpt lat="67.08278875" lon="18.054547463"/>
      <trkpt lat="67.082800845" lon="18.0547265"/>
      <trkpt lat="67.082901699" lon="18.055160932"/>
      <trkpt lat="67.083043402" lon="18.056032743"/>
      <trkpt lat="67.083113499" lon="18.056297193"/>
      <trkpt lat="67.083136737" lon="18.056596044"/>
      <trkpt lat="67.083192921" lon="18.056864362"/>
      <trkpt lat="67.083240934" lon="18.056983735"/>
      <trkpt lat="67.083268442" lon="18.057501856"/>
      <trkpt lat="67.083303196" lon="18.057902879"/>
      <trkpt lat="67.083334278" lon="18.05856923"/>
      <trkpt lat="67.083564724" lon="18.059901888"/>
      <trkpt lat="67.083664226" lon="18.061802554"/>
      <trkpt lat="67.083697946" lon="18.062201732"/>
      <trkpt lat="67.083757803" lon="18.062553212"/>
      <trkpt lat="67.083772049" lon="18.062852601"/>
      <trkpt lat="67.083662583" lon="18.064177898"/>
      <trkpt lat="67.083549799" lon="18.06433553"/>
      <trkpt lat="67.08357025" lon="18.064580046"/>
      <trkpt lat="67.083535054" lon="18.065274934"/>
      <trkpt lat="67.083530291" lon="18.066574671"/>
      <trkpt lat="67.083720387" lon="18.067348857"/>
      <trkpt lat="67.083800178" lon="18.068464609"/>
      <trkpt lat="67.083795908" lon="18.069096958"/>
      <trkpt lat="67.083913915" lon="18.069458453"/>
      <trkpt lat="67.084091776" lon="18.070173462"/>
      <trkpt lat="67.084142804" lon="18.071377331"/>
      <trkpt lat="67.084095676" lon="18.072556176"/>
      <trkpt lat="67.084038601" lon="18.073353874"/>
      <trkpt lat="67.083851256" lon="18.074375265"/>
      <trkpt lat="67.083564666" lon="18.075210299"/>
      <trkpt lat="67.083448961" lon="18.076022899"/>
      <trkpt lat="67.083403209" lon="18.076707055"/>
      <trkpt lat="67.083266828" lon="18.077436227"/>
      <trkpt lat="67.083437532" lon="18.078276864"/>
      <trkpt lat="67.083671778" lon="18.078654464"/>
      <trkpt lat="67.083769805" lon="18.07889819"/>
      <trkpt lat="67.083782096" lon="18.080234811"/>
      <trkpt lat="67.08353059" lon="18.082386548"/>
      <trkpt lat="67.083378005" lon="18.083458697"/>
      <trkpt lat="67.083122427" lon="18.084309425"/>
      <trkpt lat="67.08285525" lon="18.085285126"/>
      <trkpt lat="67.082643906" lon="18.086590745"/>
      <trkpt lat="67.082537109" lon="18.087437342"/>
      <trkpt lat="67.082609131" lon="18.087917767"/>
      <trkpt lat="67.082596687" lon="18.088670515"/>
      <trkpt lat="67.082757352" lon="18.089535457"/>
      <trkpt lat="67.082798992" lon="18.09031234"/>
      <trkpt lat="67.082707831" lon="18.091078546"/>
      <trkpt lat="67.082436277" lon="18.09227857"/>
      <trkpt lat="67.082190507" lon="18.095585634"/>
      <trkpt lat="67.082283173" lon="18.097295855"/>
      <trkpt lat="67.082135414" lon="18.098624479"/>
      <trkpt lat="67.082043321" lon="18.099984282"/>
      <trkpt lat="67.081901609" lon="18.101000831"/>
      <trkpt lat="67.08189557" lon="18.102275393"/>
      <trkpt lat="67.081904949" lon="18.102757828"/>
      <trkpt lat="67.081889063" lon="18.103573945"/>
      <trkpt lat="67.081737501" lon="18.104613278"/>
      <trkpt lat="67.081663603" lon="18.106961931"/>
      <trkpt lat="67.082076226" lon="18.108891757"/>
      <trkpt lat="67.082482032" lon="18.110334897"/>
      <trkpt lat="67.082653767" lon="18.111151309"/>
      <trkpt lat="67.08281156" lon="18.111770385"/>
      <trkpt lat="67.083063767" lon="18.112597574"/>
      <trkpt lat="67.083162593" lon="18.113691783"/>
      <trkpt lat="67.083327501" lon="18.114622343"/>
      <trkpt lat="67.083338068" lon="18.115647283"/>
      <trkpt lat="67.083306427" lon="18.116321562"/>
      <trkpt lat="67.083342175" lon="18.117430373"/>
      <trkpt lat="67.083319779" lon="18.118531427"/>
      <trkpt lat="67.083373586" lon="18.119412636"/>
      <trkpt lat="67.083558131" lon="18.121139413"/>
      <trkpt lat="67.083863036" lon="18.123779374"/>
      <trkpt lat="67.084005936" lon="18.125406971"/>
      <trkpt lat="67.084196301" lon="18.127052559"/>
      <trkpt lat="67.084434867" lon="18.12868279"/>
      <trkpt lat="67.084560202" lon="18.129917319"/>
      <trkpt lat="67.084801175" lon="18.131436341"/>
      <trkpt lat="67.084876415" lon="18.132373494"/>
      <trkpt lat="67.085058471" lon="18.134196587"/>
      <trkpt lat="67.085167821" lon="18.135562809"/>
      <trkpt lat="67.085377448" lon="18.135927841"/>
      <trkpt lat="67.085801688" lon="18.137026976"/>
      <trkpt lat="67.086030955" lon="18.137885971"/>
      <trkpt lat="67.086462685" lon="18.138841149"/>
      <trkpt lat="67.087163942" lon="18.140605415"/>
      <trkpt lat="67.087481865" lon="18.141588898"/>
      <trkpt lat="67.087846286" lon="18.142634939"/>
      <trkpt lat="67.087997424" lon="18.14348277"/>
      <trkpt lat="67.088051268" lon="18.144796538"/>
      <trkpt lat="67.088153255" lon="18.145503325"/>
      <trkpt lat="67.088234462" lon="18.146363415"/>
      <trkpt lat="67.088416693" lon="18.147182282"/>
      <trkpt lat="67.088487142" lon="18.147739433"/>
      <trkpt lat="67.088658407" lon="18.148858131"/>
      <trkpt lat="67.088736343" lon="18.150063812"/>
      <trkpt lat="67.089334824" lon="18.153722548"/>
      <trkpt lat="67.089520023" lon="18.154207054"/>
      <trkpt lat="67.089689756" lon="18.154800969"/>
      <trkpt lat="67.089887723" lon="18.155298515"/>
      <trkpt lat="67.090180106" lon="18.156647021"/>
      <trkpt lat="67.090389045" lon="18.157436429"/>
      <trkpt lat="67.090623763" lon="18.158240759"/>
      <trkpt lat="67.090624025" lon="18.159412959"/>
      <trkpt lat="67.090756654" lon="18.16050392"/>
      <trkpt lat="67.090802493" lon="18.160990619"/>
      <trkpt lat="67.090767612" lon="18.161979112"/>
      <trkpt lat="67.090791921" lon="18.162652454"/>
      <trkpt lat="67.090858309" lon="18.162997005"/>
      <trkpt lat="67.090938291" lon="18.163120258"/>
      <trkpt lat="67.091045451" lon="18.163392593"/>
      <trkpt lat="67.091335964" lon="18.164428413"/>
      <trkpt lat="67.091607259" lon="18.164758094"/>
      <trkpt lat="67.091978512" lon="18.165292131"/>
      <trkpt lat="67.092316113" lon="18.165575672"/>
      <trkpt lat="67.092569226" lon="18.166137201"/>
      <trkpt lat="67.092777963" lon="18.166736957"/>
      <trkpt lat="67.092781847" lon="18.16774233"/>
      <trkpt lat="67.092859248" lon="18.168769586"/>
      <trkpt lat="67.093012081" lon="18.17032139"/>
      <trkpt lat="67.0931891" lon="18.171173349"/>
      <trkpt lat="67.093619552" lon="18.17237488"/>
      <trkpt lat="67.093803018" lon="18.173328326"/>
      <trkpt lat="67.093921006" lon="18.174093589"/>
      <trkpt lat="67.09410979" lon="18.175003161"/>
      <trkpt lat="67.094278659" lon="18.175239934"/>
      <trkpt lat="67.094674815" lon="18.176023461"/>
      <trkpt lat="67.094912734" lon="18.17746502"/>
      <trkpt lat="67.095246718" lon="18.178988533"/>
      <trkpt lat="67.095367559" lon="18.180031463"/>
      <trkpt lat="67.09547079" lon="18.180404505"/>
      <trkpt lat="67.095622831" lon="18.180563378"/>
      <trkpt lat="67.095952574" lon="18.182086055"/>
      <trkpt lat="67.096159545" lon="18.18332135"/>
      <trkpt lat="67.096540017" lon="18.183874327"/>
      <trkpt lat="67.096707471" lon="18.184958534"/>
      <trkpt lat="67.096796363" lon="18.18606289"/>
      <trkpt lat="67.096944194" lon="18.187066007"/>
      <trkpt lat="67.096997102" lon="18.188219953"/>
      <trkpt lat="67.096885304" lon="18.189201679"/>
      <trkpt lat="67.096901679" lon="18.190427296"/>
      <trkpt lat="67.096835599" lon="18.191994794"/>
      <trkpt lat="67.096642735" lon="18.193263024"/>
      <trkpt lat="67.096673404" lon="18.194347283"/>
      <trkpt lat="67.096470961" lon="18.195141498"/>
      <trkpt lat="67.096318095" lon="18.196455445"/>
      <trkpt lat="67.096357086" lon="18.196795543"/>
      <trkpt lat="67.096408009" lon="18.197093169"/>
      <trkpt lat="67.096523201" lon="18.197251529"/>
      <trkpt lat="67.096659479" lon="18.197263374"/>
      <trkpt lat="67.096753834" lon="18.197134718"/>
      <trkpt lat="67.096932802" lon="18.197034641"/>
      <trkpt lat="67.096996263" lon="18.197120267"/>
      <trkpt lat="67.097263391" lon="18.198455151"/>
      <trkpt lat="67.097421916" lon="18.199037708"/>
      <trkpt lat="67.097606282" lon="18.199457876"/>
      <trkpt lat="67.097731748" lon="18.200146058"/>
      <trkpt lat="67.097672346" lon="18.200602979"/>
      <trkpt lat="67.097430875" lon="18.201396096"/>
      <trkpt lat="67.097443385" lon="18.201753947"/>
      <trkpt lat="67.097401251" lon="18.202213766"/>
      <trkpt lat="67.09725577" lon="18.202645063"/>
      <trkpt lat="67.097212217" lon="18.203160221"/>
      <trkpt lat="67.097121697" lon="18.203998981"/>
      <trkpt lat="67.09742766" lon="18.204397222"/>
      <trkpt lat="67.09761022" lon="18.204717056"/>
      <trkpt lat="67.097842929" lon="18.205445612"/>
      <trkpt lat="67.09856305" lon="18.205984266"/>
      <trkpt lat="67.099610619" lon="18.206301446"/>
      <trkpt lat="67.099975968" lon="18.206275497"/>
      <trkpt lat="67.100016795" lon="18.207213384"/>
      <trkpt lat="67.099930743" lon="18.208177291"/>
      <trkpt lat="67.10018744" lon="18.208733135"/>
      <trkpt lat="67.100519198" lon="18.209095416"/>
      <trkpt lat="67.10101713" lon="18.209123932"/>
      <trkpt lat="67.101184092" lon="18.209207722"/>
      <trkpt lat="67.101338302" lon="18.20957449"/>
      <trkpt lat="67.101558678" lon="18.210778713"/>
      <trkpt lat="67.101752316" lon="18.212526369"/>
      <trkpt lat="67.101942945" lon="18.212855534"/>
      <trkpt lat="67.101962217" lon="18.213465856"/>
      <trkpt lat="67.101949456" lon="18.214882261"/>
      <trkpt lat="67.101957996" lon="18.215632979"/>
      <trkpt lat="67.101890136" lon="18.217042061"/>
      <trkpt lat="67.102044513" lon="18.217994478"/>
      <trkpt lat="67.102079094" lon="18.218627089"/>
      <trkpt lat="67.101994939" lon="18.219669366"/>
      <trkpt lat="67.102111301" lon="18.220940876"/>
      <trkpt lat="67.102259768" lon="18.222966293"/>
      <trkpt lat="67.102200738" lon="18.225105861"/>
      <trkpt lat="67.10219189" lon="18.225964466"/>
      <trkpt lat="67.102367663" lon="18.227725488"/>
      <trkpt lat="67.102276314" lon="18.228601153"/>
      <trkpt lat="67.102568675" lon="18.230836696"/>
      <trkpt lat="67.102813459" lon="18.232234491"/>
      <trkpt lat="67.102963163" lon="18.233902203"/>
      <trkpt lat="67.103034308" lon="18.235042504"/>
      <trkpt lat="67.103003555" lon="18.237410147"/>
      <trkpt lat="67.103077775" lon="18.239053741"/>
      <trkpt lat="67.103096795" lon="18.240602703"/>
      <trkpt lat="67.10305338" lon="18.241934608"/>
      <trkpt lat="67.103158003" lon="18.242923305"/>
      <trkpt lat="67.103282346" lon="18.244344087"/>
      <trkpt lat="67.103410025" lon="18.246137907"/>
      <trkpt lat="67.103327218" lon="18.247815783"/>
      <trkpt lat="67.103312314" lon="18.249283646"/>
      <trkpt lat="67.103415277" lon="18.251659075"/>
      <trkpt lat="67.103436096" lon="18.252538227"/>
      <trkpt lat="67.103413103" lon="18.253790384"/>
      <trkpt lat="67.103449453" lon="18.25620856"/>
      <trkpt lat="67.10333354" lon="18.257293418"/>
      <trkpt lat="67.1033887" lon="18.259228822"/>
      <trkpt lat="67.103489847" lon="18.260587147"/>
      <trkpt lat="67.103471713" lon="18.261474253"/>
      <trkpt lat="67.103571991" lon="18.262480788"/>
      <trkpt lat="67.103670113" lon="18.262804319"/>
      <trkpt lat="67.103853674" lon="18.263284207"/>
      <trkpt lat="67.104000425" lon="18.263593643"/>
      <trkpt lat="67.10414" lon="18.26425379"/>
      <trkpt lat="67.1043595" lon="18.264945438"/>
      <trkpt lat="67.104628896" lon="18.265561071"/>
      <trkpt lat="67.104697844" lon="18.266128953"/>
      <trkpt lat="67.104730415" lon="18.266505764"/>
      <trkpt lat="67.104723251" lon="18.26681223"/>
      <trkpt lat="67.104902933" lon="18.268635651"/>
      <trkpt lat="67.104967104" lon="18.270482344"/>
      <trkpt lat="67.104971911" lon="18.271234728"/>
      <trkpt lat="67.10507382" lon="18.27215883"/>
      <trkpt lat="67.10513547" lon="18.272843133"/>
      <trkpt lat="67.105225818" lon="18.27333584"/>
      <trkpt lat="67.105436217" lon="18.273345764"/>
      <trkpt lat="67.10586459" lon="18.273672681"/>
      <trkpt lat="67.106226146" lon="18.274114707"/>
      <trkpt lat="67.106804643" lon="18.274586132"/>
      <trkpt lat="67.106898519" lon="18.274722981"/>
      <trkpt lat="67.107522525" lon="18.275445659"/>
      <trkpt lat="67.108009744" lon="18.275968044"/>
      <trkpt lat="67.108444176" lon="18.276654363"/>
      <trkpt lat="67.108776977" lon="18.277354015"/>
      <trkpt lat="67.109621323" lon="18.279212835"/>
      <trkpt lat="67.110661721" lon="18.281145597"/>
      <trkpt lat="67.111243643" lon="18.282052268"/>
      <trkpt lat="67.111638292" lon="18.282840837"/>
      <trkpt lat="67.112632484" lon="18.284243391"/>
      <trkpt lat="67.11284898" lon="18.284860303"/>
      <trkpt lat="67.113150821" lon="18.285413711"/>
      <trkpt lat="67.113490482" lon="18.285818267"/>
      <trkpt lat="67.113690136" lon="18.285892983"/>
      <trkpt lat="67.113951912" lon="18.286455581"/>
      <trkpt lat="67.114125115" lon="18.286867486"/>
      <trkpt lat="67.115064239" lon="18.286568265"/>
      <trkpt lat="67.115508852" lon="18.286561279"/>
      <trkpt lat="67.115971689" lon="18.286651406"/>
      <trkpt lat="67.1164435" lon="18.287130378"/>
      <trkpt lat="67.116693566" lon="18.287616065"/>
      <trkpt lat="67.116754237" lon="18.287797074"/>
      <trkpt lat="67.116813438" lon="18.288241639"/>
      <trkpt lat="67.117071069" lon="18.289045128"/>
      <trkpt lat="67.117499464" lon="18.289424197"/>
      <trkpt lat="67.143359551" lon="18.289464003"/>
      <trkpt lat="67.143530629" lon="18.289799927"/>
      <trkpt lat="67.143842054" lon="18.29000512"/>
      <trkpt lat="67.144277199" lon="18.28984606"/>
      <trkpt lat="67.144833109" lon="18.289341448"/>
      <trkpt lat="67.144922151" lon="18.28936896"/>
      <trkpt lat="67.145166166" lon="18.289678461"/>
      <trkpt lat="67.145404711" lon="18.290307652"/>
      <trkpt lat="67.14560478" lon="18.290680454"/>
      <trkpt lat="67.145821812" lon="18.290972694"/>
      <trkpt lat="67.146006481" lon="18.29166357"/>
      <trkpt lat="67.146218503" lon="18.292256362"/>
      <trkpt lat="67.146483418" lon="18.29312718"/>
      <trkpt lat="67.146701794" lon="18.293964711"/>
      <trkpt lat="67.146810549" lon="18.294700788"/>
      <trkpt lat="67.146898017" lon="18.294990946"/>
      <trkpt lat="67.147115774" lon="18.295353913"/>
      <trkpt lat="67.147335186" lon="18.295550439"/>
      <trkpt lat="67.147463394" lon="18.295706268"/>
      <trkpt lat="67.147682303" lon="18.296422094"/>
      <trkpt lat="67.147801269" lon="18.2969483"/>
      <trkpt lat="67.147496764" lon="18.300758115"/>
      <trkpt lat="67.14746831" lon="18.301289825"/>
      <trkpt lat="67.148274169" lon="18.303536273"/>
      <trkpt lat="67.148756682" lon="18.305386519"/>
      <trkpt lat="67.148759772" lon="18.306910225"/>
      <trkpt lat="67.149169207" lon="18.308268269"/>
      <trkpt lat="67.150440775" lon="18.309577259"/>
      <trkpt lat="67.15089944" lon="18.311180568"/>
      <trkpt lat="67.15091444" lon="18.312774418"/>
      <trkpt lat="67.151119053" lon="18.314578196"/>
      <trkpt lat="67.150998091" lon="18.318677931"/>
      <trkpt lat="67.151175745" lon="18.319348693"/>
      <trkpt lat="67.151408143" lon="18.320729092"/>
      <trkpt lat="67.151569844" lon="18.321143389"/>
      <trkpt lat="67.152303769" lon="18.322489716"/>
      <trkpt lat="67.152704237" lon="18.322944281"/>
      <trkpt lat="67.153214456" lon="18.324171812"/>
      <trkpt lat="67.153803506" lon="18.324725742"/>
      <trkpt lat="67.154228546" lon="18.325407028"/>
      <trkpt lat="67.154610024" lon="18.32624377"/>
      <trkpt lat="67.154820945" lon="18.326445829"/>
      <trkpt lat="67.155613006" lon="18.3275814"/>
      <trkpt lat="67.15608329" lon="18.328026838"/>
      <trkpt lat="67.157552461" lon="18.330005615"/>
      <trkpt lat="67.158321835" lon="18.330723098"/>
      <trkpt lat="67.158871114" lon="18.332244811"/>
      <trkpt lat="67.160273188" lon="18.333864637"/>
      <trkpt lat="67.161610276" lon="18.335941234"/>
      <trkpt lat="67.163889194" lon="18.33905979"/>
      <trkpt lat="67.165254553" lon="18.341040024"/>
      <trkpt lat="67.167280656" lon="18.343198467"/>
      <trkpt lat="67.169786625" lon="18.346384589"/>
      <trkpt lat="67.171146508" lon="18.348650547"/>
      <trkpt lat="67.172529665" lon="18.350873817"/>
      <trkpt lat="67.175373797" lon="18.356520855"/>
      <trkpt lat="67.176465756" lon="18.358946818"/>
      <trkpt lat="67.176713973" lon="18.360237458"/>
      <trkpt lat="67.177602227" lon="18.362025655"/>
      <trkpt lat="67.179269677" lon="18.363297188"/>
      <trkpt lat="67.180937761" lon="18.365786337"/>
      <trkpt lat="67.18165348" lon="18.369714287"/>
      <trkpt lat="67.181952447" lon="18.371903575"/>
      <trkpt lat="67.183045171" lon="18.374876271"/>
      <trkpt lat="67.18346734" lon="18.375729537"/>
      <trkpt lat="67.183563178" lon="18.376285639"/>
      <trkpt lat="67.184266584" lon="18.378208563"/>
      <trkpt lat="67.184557824" lon="18.378849841"/>
      <trkpt lat="67.184798188" lon="18.379564822"/>
      <trkpt lat="67.185202357" lon="18.380164218"/>
      <trkpt lat="67.185511441" lon="18.381043996"/>
      <trkpt lat="67.185976597" lon="18.382974964"/>
      <trkpt lat="67.186976288" lon="18.385361895"/>
      <trkpt lat="67.187469849" lon="18.387388216"/>
      <trkpt lat="67.1879055" lon="18.388615876"/>
      <trkpt lat="67.188224819" lon="18.38945482"/>
      <trkpt lat="67.188316859" lon="18.389756206"/>
      <trkpt lat="67.18858887" lon="18.38978605"/>
      <trkpt lat="67.188830689" lon="18.390007731"/>
      <trkpt lat="67.18905511" lon="18.391049869"/>
      <trkpt lat="67.189511487" lon="18.392514481"/>
      <trkpt lat="67.190087862" lon="18.394660134"/>
      <trkpt lat="67.190706891" lon="18.396378811"/>
      <trkpt lat="67.191199699" lon="18.397444501"/>
      <trkpt lat="67.191370523" lon="18.3984784"/>
      <trkpt lat="67.191585253" lon="18.400920708"/>
      <trkpt lat="67.192126398" lon="18.402874097"/>
      <trkpt lat="67.192300698" lon="18.403169685"/>
      <trkpt lat="67.193279826" lon="18.403961144"/>
      <trkpt lat="67.193584899" lon="18.404105314"/>
      <trkpt lat="67.193784223" lon="18.404480043"/>
      <trkpt lat="67.194386644" lon="18.404868424"/>
      <trkpt lat="67.195174768" lon="18.405745171"/>
      <trkpt lat="67.195976188" lon="18.406402226"/>
      <trkpt lat="67.196100837" lon="18.407016996"/>
      <trkpt lat="67.196256308" lon="18.407313312"/>
      <trkpt lat="67.197019682" lon="18.408562185"/>
      <trkpt lat="67.19828228" lon="18.410303553"/>
      <trkpt lat="67.199580943" lon="18.413691508"/>
      <trkpt lat="67.19985202" lon="18.414040906"/>
      <trkpt lat="67.199998507" lon="18.414500547"/>
      <trkpt lat="67.200148854" lon="18.415694639"/>
      <trkpt lat="67.200201769" lon="18.415961164"/>
      <trkpt lat="67.200381488" lon="18.416432739"/>
      <trkpt lat="67.20085858" lon="18.417049879"/>
      <trkpt lat="67.201338211" lon="18.418318053"/>
      <trkpt lat="67.202078514" lon="18.419136178"/>
      <trkpt lat="67.203007052" lon="18.420722674"/>
      <trkpt lat="67.203954815" lon="18.421926945"/>
      <trkpt lat="67.232373346" lon="18.441014776"/>
      <trkpt lat="67.232711955" lon="18.441096882"/>
      <trkpt lat="67.233490442" lon="18.441366834"/>
      <trkpt lat="67.233632947" lon="18.441371258"/>
      <trkpt lat="67.233883404" lon="18.441458353"/>
      <trkpt lat="67.23449388" lon="18.44192991"/>
      <trkpt lat="67.234768936" lon="18.442228597"/>
      <trkpt lat="67.234987769" lon="18.442258355"/>
      <trkpt lat="67.235115888" lon="18.442412743"/>
      <trkpt lat="67.23526392" lon="18.442448365"/>
      <trkpt lat="67.235542334" lon="18.442590704"/>
      <trkpt lat="67.23565922" lon="18.442748288"/>
      <trkpt lat="67.235699467" lon="18.442837298"/>
      <trkpt lat="67.235840121" lon="18.442927866"/>
      <trkpt lat="67.236042058" lon="18.442993637"/>
      <trkpt lat="67.23626564" lon="18.443148933"/>
      <trkpt lat="67.236472287" lon="18.443514658"/>
      <trkpt lat="67.236621214" lon="18.443710468"/>
      <trkpt lat="67.236697312" lon="18.443775795"/>
      <trkpt lat="67.236864015" lon="18.443807703"/>
      <trkpt lat="67.237232471" lon="18.444087822"/>
      <trkpt lat="67.237307462" lon="18.44420422"/>
      <trkpt lat="67.237364914" lon="18.444358108"/>
      <trkpt lat="67.237443544" lon="18.444507031"/>
      <trkpt lat="67.237545362" lon="18.444817736"/>
      <trkpt lat="67.237596591" lon="18.444885906"/>
      <trkpt lat="67.237651673" lon="18.444919426"/>
      <trkpt lat="67.237743284" lon="18.444926155"/>
      <trkpt lat="67.237840772" lon="18.444890524"/>
      <trkpt lat="67.238177178" lon="18.444642664"/>
      <trkpt lat="67.238354428" lon="18.444703317"/>
      <trkpt lat="67.238897068" lon="18.444350566"/>
      <trkpt lat="67.239066044" lon="18.444305973"/>
      <trkpt lat="67.239177373" lon="18.444203488"/>
      <trkpt lat="67.239303634" lon="18.444213604"/>
      <trkpt lat="67.239654231" lon="18.444068477"/>
      <trkpt lat="67.239950025" lon="18.44399553"/>
      <trkpt lat="67.240286918" lon="18.443746269"/>
      <trkpt lat="67.240368918" lon="18.443718731"/>
      <trkpt lat="67.240506034" lon="18.44361868"/>
      <trkpt lat="67.240922605" lon="18.443681039"/>
      <trkpt lat="67.241314067" lon="18.44370188"/>
      <trkpt lat="67.24149524" lon="18.44365223"/>
      <trkpt lat="67.241918658" lon="18.443932231"/>
      <trkpt lat="67.242196283" lon="18.44422034"/>
      <trkpt lat="67.242352307" lon="18.444320405"/>
      <trkpt lat="67.242721742" lon="18.444867551"/>
      <trkpt lat="67.243211877" lon="18.44542729"/>
      <trkpt lat="67.243290791" lon="18.445463099"/>
      <trkpt lat="67.243422028" lon="18.445599798"/>
      <trkpt lat="67.243494234" lon="18.445599667"/>
      <trkpt lat="67.243651667" lon="18.445722263"/>
      <trkpt lat="67.243784712" lon="18.445892673"/>
      <trkpt lat="67.243921551" lon="18.44602691"/>
      <trkpt lat="67.244014954" lon="18.446078973"/>
      <trkpt lat="67.244366363" lon="18.44653775"/>
      <trkpt lat="67.244496174" lon="18.446621669"/>
      <trkpt lat="67.244721965" lon="18.446877537"/>
      <trkpt lat="67.244894238" lon="18.446967018"/>
      <trkpt lat="67.244986761" lon="18.447095466"/>
      <trkpt lat="67.245242921" lon="18.447250106"/>
      <trkpt lat="67.245351942" lon="18.447355221"/>
      <trkpt lat="67.245384595" lon="18.447357911"/>
      <trkpt lat="67.245521371" lon="18.447527232"/>
      <trkpt lat="67.245683582" lon="18.447594676"/>
      <trkpt lat="67.245830064" lon="18.447709462"/>
      <trkpt lat="67.246282345" lon="18.447744694"/>
      <trkpt lat="67.246373144" lon="18.447834697"/>
      <trkpt lat="67.24671854" lon="18.447970727"/>
      <trkpt lat="67.246968479" lon="18.44800792"/>
      <trkpt lat="67.247105051" lon="18.448092734"/>
      <trkpt lat="67.247490805" lon="18.448436541"/>
      <trkpt lat="67.247823761" lon="18.448703297"/>
      <trkpt lat="67.247962856" lon="18.448785255"/>
      <trkpt lat="67.24812815" lon="18.448979066"/>
      <trkpt lat="67.248237579" lon="18.44906352"/>
      <trkpt lat="67.248499862" lon="18.449094657"/>
      <trkpt lat="67.2487216" lon="18.449305419"/>
      <trkpt lat="67.249033699" lon="18.449502502"/>
      <trkpt lat="67.249149204" lon="18.449654746"/>
      <trkpt lat="67.249612047" lon="18.449906642"/>
      <trkpt lat="67.249890816" lon="18.450230115"/>
      <trkpt lat="67.250113966" lon="18.45043152"/>
      <trkpt lat="67.250298381" lon="18.450468428"/>
      <trkpt lat="67.250414728" lon="18.450451752"/>
      <trkpt lat="67.250572358" lon="18.450532982"/>
      <trkpt lat="67.250819369" lon="18.450587654"/>
      <trkpt lat="67.251024791" lon="18.450560339"/>
      <trkpt lat="67.25109816" lon="18.450595451"/>
      <trkpt lat="67.251339282" lon="18.450572801"/>
      <trkpt lat="67.251468506" lon="18.450529132"/>
      <trkpt lat="67.251753681" lon="18.450588779"/>
      <trkpt lat="67.251848909" lon="18.450578931"/>
      <trkpt lat="67.25191528" lon="18.450530223"/>
      <trkpt lat="67.252366182" lon="18.450498957"/>
      <trkpt lat="67.252547671" lon="18.45055037"/>
      <trkpt lat="67.252608063" lon="18.450529506"/>
      <trkpt lat="67.252892765" lon="18.450692072"/>
      <trkpt lat="67.253454061" lon="18.450732919"/>
      <trkpt lat="67.253707824" lon="18.450685862"/>
      <trkpt lat="67.253858542" lon="18.450616294"/>
      <trkpt lat="67.25425006" lon="18.450634118"/>
      <trkpt lat="67.254445858" lon="18.450576571"/>
      <trkpt lat="67.254594083" lon="18.450702902"/>
      <trkpt lat="67.254923718" lon="18.450820513"/>
      <trkpt lat="67.255047301" lon="18.45088993"/>
      <trkpt lat="67.255171159" lon="18.451010025"/>
      <trkpt lat="67.255528942" lon="18.451257799"/>
      <trkpt lat="67.255759608" lon="18.451492671"/>
      <trkpt lat="67.255900974" lon="18.451602154"/>
      <trkpt lat="67.256227967" lon="18.451988481"/>
      <trkpt lat="67.25634934" lon="18.452174746"/>
      <trkpt lat="67.256546473" lon="18.452240823"/>
      <trkpt lat="67.256742831" lon="18.452218155"/>
      <trkpt lat="67.25688694" lon="18.452432621"/>
      <trkpt lat="67.256974507" lon="18.452529157"/>
      <trkpt lat="67.257047627" lon="18.452547886"/>
      <trkpt lat="67.25720358" lon="18.452459996"/>
      <trkpt lat="67.25723877" lon="18.452477101"/>
      <trkpt lat="67.257318283" lon="18.452610614"/>
      <trkpt lat="67.25767295" lon="18.453022636"/>
      <trkpt lat="67.257869484" lon="18.453120296"/>
      <trkpt lat="67.257978972" lon="18.453222754"/>
      <trkpt lat="67.258193528" lon="18.453338536"/>
      <trkpt lat="67.258594283" lon="18.453838706"/>
      <trkpt lat="67.258756364" lon="18.453944674"/>
      <trkpt lat="67.258886958" lon="18.453967521"/>
      <trkpt lat="67.258991063" lon="18.454031356"/>
      <trkpt lat="67.259053479" lon="18.45409379"/>
      <trkpt lat="67.259132214" lon="18.45426836"/>
      <trkpt lat="67.25918465" lon="18.454344632"/>
      <trkpt lat="67.259512234" lon="18.454699476"/>
      <trkpt lat="67.259696904" lon="18.454776672"/>
      <trkpt lat="67.260037513" lon="18.455025538"/>
      <trkpt lat="67.260162834" lon="18.455003415"/>
      <trkpt lat="67.260352994" lon="18.455049629"/>
      <trkpt lat="67.260605084" lon="18.45525248"/>
      <trkpt lat="67.261167048" lon="18.455839635"/>
      <trkpt lat="67.261672826" lon="18.456289916"/>
      <trkpt lat="67.261788125" lon="18.456408981"/>
      <trkpt lat="67.26187724" lon="18.456553224"/>
      <trkpt lat="67.262155717" lon="18.456784789"/>
      <trkpt lat="67.262462043" lon="18.457162326"/>
      <trkpt lat="67.262529976" lon="18.457196275"/>
      <trkpt lat="67.262650179" lon="18.457186169"/>
      <trkpt lat="67.262841851" lon="18.457216791"/>
      <trkpt lat="67.26292678" lon="18.457129384"/>
      <trkpt lat="67.262975709" lon="18.457132414"/>
      <trkpt lat="67.263210188" lon="18.457295095"/>
      <trkpt lat="67.263327041" lon="18.457332076"/>
      <trkpt lat="67.263559875" lon="18.457323566"/>
      <trkpt lat="67.263662343" lon="18.457279566"/>
      <trkpt lat="67.263751225" lon="18.457306644"/>
      <trkpt lat="67.263969764" lon="18.457470473"/>
      <trkpt lat="67.264185867" lon="18.457311066"/>
      <trkpt lat="67.264311084" lon="18.45716545"/>
      <trkpt lat="67.264453973" lon="18.457250037"/>
      <trkpt lat="67.264828007" lon="18.457363993"/>
      <trkpt lat="67.265171174" lon="18.457709113"/>
      <trkpt lat="67.265244469" lon="18.457828467"/>
      <trkpt lat="67.265308412" lon="18.457861638"/>
      <trkpt lat="67.265435516" lon="18.457773521"/>
      <trkpt lat="67.265686767" lon="18.457691446"/>
      <trkpt lat="67.265822792" lon="18.457582392"/>
      <trkpt lat="67.26590985" lon="18.457486159"/>
      <trkpt lat="67.266097777" lon="18.457207195"/>
      <trkpt lat="67.26679628" lon="18.456525669"/>
      <trkpt lat="67.267040012" lon="18.456389067"/>
      <trkpt lat="67.267275895" lon="18.456150702"/>
      <trkpt lat="67.267352807" lon="18.456141391"/>
      <trkpt lat="67.267610412" lon="18.455849028"/>
      <trkpt lat="67.267700617" lon="18.455649212"/>
      <trkpt lat="67.267746083" lon="18.455497378"/>
      <trkpt lat="67.267792225" lon="18.455440122"/>
      <trkpt lat="67.267850792" lon="18.455434808"/>
      <trkpt lat="67.268001822" lon="18.455500879"/>
      <trkpt lat="67.268446473" lon="18.455433382"/>
      <trkpt lat="67.268526806" lon="18.455437077"/>
      <trkpt lat="67.268651274" lon="18.455490386"/>
      <trkpt lat="67.26888004" lon="18.4555031"/>
      <trkpt lat="67.269267049" lon="18.455456792"/>
      <trkpt lat="67.269523565" lon="18.455353286"/>
      <trkpt lat="67.26961969" lon="18.455358952"/>
      <trkpt lat="67.269818865" lon="18.455194731"/>
      <trkpt lat="67.269887452" lon="18.455174929"/>
      <trkpt lat="67.269992475" lon="18.455225788"/>
      <trkpt lat="67.270119071" lon="18.455099809"/>
      <trkpt lat="67.270200584" lon="18.45497449"/>
      <trkpt lat="67.270351703" lon="18.454905101"/>
      <trkpt lat="67.270428748" lon="18.454823328"/>
      <trkpt lat="67.270725793" lon="18.454636635"/>
      <trkpt lat="67.2709172" lon="18.454562801"/>
      <trkpt lat="67.270997948" lon="18.454478354"/>
      <trkpt lat="67.271250482" lon="18.454327045"/>
      <trkpt lat="67.271437442" lon="18.454425927"/>
      <trkpt lat="67.271709348" lon="18.454346377"/>
      <trkpt lat="67.271814584" lon="18.454255512"/>
      <trkpt lat="67.271996782" lon="18.454152153"/>
      <trkpt lat="67.272215079" lon="18.453876885"/>
      <trkpt lat="67.272370517" lon="18.453641033"/>
      <trkpt lat="67.272442133" lon="18.453523935"/>
      <trkpt lat="67.272509933" lon="18.453349643"/>
      <trkpt lat="67.272571067" lon="18.453272187"/>
      <trkpt lat="67.272650195" lon="18.45320956"/>
      <trkpt lat="67.272704823" lon="18.453219512"/>
      <trkpt lat="67.272799481" lon="18.45330376"/>
      <trkpt lat="67.273242874" lon="18.452911535"/>
      <trkpt lat="67.273404532" lon="18.452799328"/>
      <trkpt lat="67.273640248" lon="18.452504127"/>
      <trkpt lat="67.273828247" lon="18.45235109"/>
      <trkpt lat="67.273880447" lon="18.452360738"/>
      <trkpt lat="67.274048422" lon="18.452236707"/>
      <trkpt lat="67.274156233" lon="18.452269011"/>
      <trkpt lat="67.27420989" lon="18.452200064"/>
      <trkpt lat="67.274271011" lon="18.452188768"/>
      <trkpt lat="67.274425612" lon="18.452063065"/>
      <trkpt lat="67.274748734" lon="18.451980373"/>
      <trkpt lat="67.274828777" lon="18.451933615"/>
      <trkpt lat="67.274934774" lon="18.451801866"/>
      <trkpt lat="67.27502784" lon="18.451775632"/>
      <trkpt lat="67.275291592" lon="18.451609928"/>
      <trkpt lat="67.275755714" lon="18.451412447"/>
      <trkpt lat="67.276059624" lon="18.451314738"/>
      <trkpt lat="67.276287402" lon="18.451380885"/>
      <trkpt lat="67.276415224" lon="18.451450352"/>
      <trkpt lat="67.276716062" lon="18.451714648"/>
      <trkpt lat="67.276892763" lon="18.451906805"/>
      <trkpt lat="67.277027461" lon="18.452065348"/>
      <trkpt lat="67.277178006" lon="18.452288914"/>
      <trkpt lat="67.277446538" lon="18.452541403"/>
      <trkpt lat="67.277574072" lon="18.45273193"/>
      <trkpt lat="67.277769194" lon="18.453164456"/>
      <trkpt lat="67.277829838" lon="18.45345535"/>
      <trkpt lat="67.278052382" lon="18.454090516"/>
      <trkpt lat="67.278286338" lon="18.45456847"/>
      <trkpt lat="67.278486654" lon="18.454917658"/>
      <trkpt lat="67.278629473" lon="18.455253296"/>
      <trkpt lat="67.278764546" lon="18.455363884"/>
      <trkpt lat="67.278845185" lon="18.455489328"/>
      <trkpt lat="67.278903797" lon="18.455633714"/>
      <trkpt lat="67.278967963" lon="18.455865969"/>
      <trkpt lat="67.279038879" lon="18.456248453"/>
      <trkpt lat="67.279171246" lon="18.456816137"/>
      <trkpt lat="67.279248116" lon="18.457012688"/>
      <trkpt lat="67.279316553" lon="18.457083648"/>
      <trkpt lat="67.279506399" lon="18.457098581"/>
      <trkpt lat="67.279561031" lon="18.457136678"/>
      <trkpt lat="67.279716305" lon="18.457386792"/>
      <trkpt lat="67.279809463" lon="18.457675648"/>
      <trkpt lat="67.280086102" lon="18.457935064"/>
      <trkpt lat="67.280472329" lon="18.458441884"/>
      <trkpt lat="67.280708898" lon="18.45884557"/>
      <trkpt lat="67.280915846" lon="18.45909921"/>
      <trkpt lat="67.281045156" lon="18.459196641"/>
      <trkpt lat="67.281156795" lon="18.45921093"/>
      <trkpt lat="67.281383645" lon="18.459115427"/>
      <trkpt lat="67.281460536" lon="18.459122149"/>
      <trkpt lat="67.281542175" lon="18.45919484"/>
      <trkpt lat="67.281708546" lon="18.459430837"/>
      <trkpt lat="67.281885334" lon="18.459562373"/>
      <trkpt lat="67.282048192" lon="18.459667228"/>
      <trkpt lat="67.282326414" lon="18.459780619"/>
      <trkpt lat="67.282521629" lon="18.459892724"/>
      <trkpt lat="67.282607952" lon="18.459972231"/>
      <trkpt lat="67.282691948" lon="18.460110579"/>
      <trkpt lat="67.283079006" lon="18.460574023"/>
      <trkpt lat="67.283381505" lon="18.460864821"/>
      <trkpt lat="67.283630124" lon="18.461204752"/>
      <trkpt lat="67.283883756" lon="18.461408396"/>
      <trkpt lat="67.285313461" lon="18.462967696"/>
      <trkpt lat="67.285787881" lon="18.463392643"/>
      <trkpt lat="67.286358539" lon="18.46363069"/>
      <trkpt lat="67.28699965" lon="18.464086328"/>
      <trkpt lat="67.287218811" lon="18.464266949"/>
      <trkpt lat="67.287544844" lon="18.464585763"/>
      <trkpt lat="67.287757701" lon="18.464718865"/>
      <trkpt lat="67.288341559" lon="18.464958664"/>
      <trkpt lat="67.288901309" lon="18.465263873"/>
      <trkpt lat="67.289038417" lon="18.4653935"/>
      <trkpt lat="67.289355469" lon="18.46555244"/>
      <trkpt lat="67.289558736" lon="18.465746599"/>
      <trkpt lat="67.289816319" lon="18.465932183"/>
      <trkpt lat="67.289925938" lon="18.466052081"/>
      <trkpt lat="67.29004808" lon="18.466083289"/>
      <trkpt lat="67.290185623" lon="18.466174898"/>
      <trkpt lat="67.29047862" lon="18.466422066"/>
      <trkpt lat="67.290976446" lon="18.467105411"/>
      <trkpt lat="67.291408091" lon="18.467761803"/>
      <trkpt lat="67.292915221" lon="18.469098896"/>
      <trkpt lat="67.293366847" lon="18.469582264"/>
      <trkpt lat="67.293618218" lon="18.469888893"/>
      <trkpt lat="67.293696408" lon="18.470034544"/>
      <trkpt lat="67.293907729" lon="18.470317531"/>
      <trkpt lat="67.294091616" lon="18.470603153"/>
      <trkpt lat="67.294424658" lon="18.470997363"/>
      <trkpt lat="67.29450903" lon="18.471193152"/>
      <trkpt lat="67.29466564" lon="18.471410562"/>
      <trkpt lat="67.294883682" lon="18.471777652"/>
      <trkpt lat="67.295213966" lon="18.472439662"/>
      <trkpt lat="67.295423047" lon="18.472901177"/>
      <trkpt lat="67.295875384" lon="18.474090574"/>
      <trkpt lat="67.295931419" lon="18.474335142"/>
      <trkpt lat="67.296281342" lon="18.475462085"/>
      <trkpt lat="67.296314136" lon="18.475614252"/>
      <trkpt lat="67.29687387" lon="18.477039557"/>
      <trkpt lat="67.297068861" lon="18.477490058"/>
      <trkpt lat="67.297235517" lon="18.477989321"/>
      <trkpt lat="67.297309721" lon="18.47815611"/>
      <trkpt lat="67.297398378" lon="18.478562087"/>
      <trkpt lat="67.297490456" lon="18.47872808"/>
      <trkpt lat="67.297722034" lon="18.479257338"/>
      <trkpt lat="67.297831948" lon="18.479548936"/>
      <trkpt lat="67.298093339" lon="18.480075867"/>
      <trkpt lat="67.298193036" lon="18.480341508"/>
      <trkpt lat="67.298332764" lon="18.480630798"/>
      <trkpt lat="67.298625937" lon="18.481177296"/>
      <trkpt lat="67.298966211" lon="18.481751437"/>
      <trkpt lat="67.299182877" lon="18.482312723"/>
      <trkpt lat="67.299426799" lon="18.482818972"/>
      <trkpt lat="67.299594139" lon="18.48321977"/>
      <trkpt lat="67.299780446" lon="18.483749398"/>
      <trkpt lat="67.299817334" lon="18.483812749"/>
      <trkpt lat="67.299931802" lon="18.483867616"/>
      <trkpt lat="67.30003346" lon="18.484395295"/>
      <trkpt lat="67.300122691" lon="18.48467108"/>
      <trkpt lat="67.300211162" lon="18.484829592"/>
      <trkpt lat="67.30032584" lon="18.484938486"/>
      <trkpt lat="67.300434262" lon="18.485157288"/>
      <trkpt lat="67.300655263" lon="18.485294461"/>
      <trkpt lat="67.300948932" lon="18.485321738"/>
      <trkpt lat="67.301115628" lon="18.4854416"/>
      <trkpt lat="67.301307024" lon="18.485661995"/>
      <trkpt lat="67.301415626" lon="18.485696629"/>
      <trkpt lat="67.30151644" lon="18.485779681"/>
      <trkpt lat="67.301655474" lon="18.486013625"/>
      <trkpt lat="67.301820288" lon="18.486440276"/>
      <trkpt lat="67.30193463" lon="18.486573715"/>
      <trkpt lat="67.302061083" lon="18.486517939"/>
      <trkpt lat="67.302257401" lon="18.486554599"/>
      <trkpt lat="67.302416909" lon="18.48667994"/>
      <trkpt lat="67.302537248" lon="18.486893737"/>
      <trkpt lat="67.302659377" lon="18.486978785"/>
      <trkpt lat="67.303118397" lon="18.487052174"/>
      <trkpt lat="67.30387657" lon="18.487270059"/>
      <trkpt lat="67.304064068" lon="18.487428721"/>
      <trkpt lat="67.304353068" lon="18.48762137"/>
      <trkpt lat="67.304481209" lon="18.487614886"/>
      <trkpt lat="67.304744102" lon="18.487467414"/>
      <trkpt lat="67.305013247" lon="18.487381943"/>
      <trkpt lat="67.305085725" lon="18.487456216"/>
      <trkpt lat="67.305381336" lon="18.487514415"/>
      <trkpt lat="67.30551565" lon="18.48757604"/>
      <trkpt lat="67.305688084" lon="18.487794733"/>
      <trkpt lat="67.30586774" lon="18.487836008"/>
      <trkpt lat="67.306044508" lon="18.487913865"/>
      <trkpt lat="67.306217303" lon="18.487936071"/>
      <trkpt lat="67.306820508" lon="18.488213293"/>
      <trkpt lat="67.306975626" lon="18.48831368"/>
      <trkpt lat="67.307254638" lon="18.48854231"/>
      <trkpt lat="67.307391813" lon="18.488739308"/>
      <trkpt lat="67.307571715" lon="18.488762208"/>
      <trkpt lat="67.307736298" lon="18.488863492"/>
      <trkpt lat="67.308102003" lon="18.489167749"/>
      <trkpt lat="67.308236484" lon="18.489217111"/>
      <trkpt lat="67.308393455" lon="18.489354554"/>
      <trkpt lat="67.308574938" lon="18.489470891"/>
      <trkpt lat="67.308696755" lon="18.489690952"/>
      <trkpt lat="67.308897779" lon="18.489900063"/>
      <trkpt lat="67.30906659" lon="18.490038611"/>
      <trkpt lat="67.309951062" lon="18.490041168"/>
      <trkpt lat="67.310129684" lon="18.490156078"/>
      <trkpt lat="67.310386803" lon="18.490253748"/>
      <trkpt lat="67.311196924" lon="18.490998683"/>
      <trkpt lat="67.311863991" lon="18.491288122"/>
      <trkpt lat="67.312577712" lon="18.491803057"/>
      <trkpt lat="67.312913754" lon="18.491852826"/>
      <trkpt lat="67.313096042" lon="18.491703973"/>
      <trkpt lat="67.313308262" lon="18.491619341"/>
      <trkpt lat="67.313490026" lon="18.491679299"/>
      <trkpt lat="67.313645051" lon="18.491781027"/>
      <trkpt lat="67.313855776" lon="18.491970538"/>
      <trkpt lat="67.314103259" lon="18.491948722"/>
      <trkpt lat="67.314369858" lon="18.492064423"/>
      <trkpt lat="67.314536427" lon="18.492193665"/>
      <trkpt lat="67.314763103" lon="18.492280353"/>
      <trkpt lat="67.31500324" lon="18.492559296"/>
      <trkpt lat="67.315417468" lon="18.492943748"/>
      <trkpt lat="67.3157068" lon="18.493265109"/>
      <trkpt lat="67.315857077" lon="18.493374075"/>
      <trkpt lat="67.316031479" lon="18.493461132"/>
      <trkpt lat="67.316163994" lon="18.493494288"/>
      <trkpt lat="67.316338728" lon="18.493704479"/>
      <trkpt lat="67.316497986" lon="18.493845241"/>
      <trkpt lat="67.316617199" lon="18.494069649"/>
      <trkpt lat="67.316961223" lon="18.494532534"/>
      <trkpt lat="67.317124812" lon="18.494698392"/>
      <trkpt lat="67.317434336" lon="18.494948172"/>
      <trkpt lat="67.317663519" lon="18.495170592"/>
      <trkpt lat="67.318056459" lon="18.495405012"/>
      <trkpt lat="67.318263285" lon="18.495686516"/>
      <trkpt lat="67.318392616" lon="18.495768577"/>
      <trkpt lat="67.3186998" lon="18.496159707"/>
      <trkpt lat="67.318894521" lon="18.49631059"/>
      <trkpt lat="67.319067668" lon="18.496329804"/>
      <trkpt lat="67.319165963" lon="18.496420742"/>
      <trkpt lat="67.31923901" lon="18.496601236"/>
      <trkpt lat="67.319471108" lon="18.496934789"/>
      <trkpt lat="67.319610434" lon="18.496987208"/>
      <trkpt lat="67.31973008" lon="18.497080525"/>
      <trkpt lat="67.319841989" lon="18.497209922"/>
      <trkpt lat="67.319969052" lon="18.497285592"/>
      <trkpt lat="67.32009005" lon="18.497440614"/>
      <trkpt lat="67.320233716" lon="18.49751813"/>
      <trkpt lat="67.320359657" lon="18.497661404"/>
      <trkpt lat="67.320493655" lon="18.497891752"/>
      <trkpt lat="67.320633292" lon="18.497925747"/>
      <trkpt lat="67.320821717" lon="18.498026704"/>
      <trkpt lat="67.320928066" lon="18.498204751"/>
      <trkpt lat="67.320974218" lon="18.498431508"/>
      <trkpt lat="67.321073969" lon="18.498578015"/>
      <trkpt lat="67.32117358" lon="18.498589083"/>
      <trkpt lat="67.321232541" lon="18.498472521"/>
      <trkpt lat="67.32131233" lon="18.498389046"/>
      <trkpt lat="67.321429772" lon="18.498328202"/>
      <trkpt lat="67.321855879" lon="18.498424806"/>
      <trkpt lat="67.322349079" lon="18.498775147"/>
      <trkpt lat="67.322562538" lon="18.498798856"/>
      <trkpt lat="67.322831701" lon="18.498902647"/>
      <trkpt lat="67.323076252" lon="18.498956597"/>
      <trkpt lat="67.323809951" lon="18.499419891"/>
      <trkpt lat="67.324062026" lon="18.499694221"/>
      <trkpt lat="67.324348537" lon="18.499898461"/>
      <trkpt lat="67.32483963" lon="18.500088542"/>
      <trkpt lat="67.325322928" lon="18.500462489"/>
      <trkpt lat="67.325737309" lon="18.500693299"/>
      <trkpt lat="67.326262473" lon="18.500893513"/>
      <trkpt lat="67.326902047" lon="18.501419114"/>
      <trkpt lat="67.327350626" lon="18.501871911"/>
      <trkpt lat="67.327547642" lon="18.502144886"/>
      <trkpt lat="67.327750354" lon="18.502368696"/>
      <trkpt lat="67.328121841" lon="18.502562976"/>
      <trkpt lat="67.328443015" lon="18.502614086"/>
      <trkpt lat="67.32876954" lon="18.502902686"/>
      <trkpt lat="67.329015311" lon="18.503405913"/>
      <trkpt lat="67.329299345" lon="18.504187967"/>
      <trkpt lat="67.329716357" lon="18.505060852"/>
      <trkpt lat="67.329917716" lon="18.505359334"/>
      <trkpt lat="67.330107367" lon="18.505506852"/>
      <trkpt lat="67.330302361" lon="18.505355832"/>
      <trkpt lat="67.330592411" lon="18.505266137"/>
      <trkpt lat="67.331524024" lon="18.505054284"/>
      <trkpt lat="67.332116607" lon="18.504714307"/>
      <trkpt lat="67.332557809" lon="18.504505668"/>
      <trkpt lat="67.333322976" lon="18.50392467"/>
      <trkpt lat="67.333549545" lon="18.50388961"/>
      <trkpt lat="67.334106454" lon="18.503619422"/>
      <trkpt lat="67.334875855" lon="18.503338081"/>
      <trkpt lat="67.33529286" lon="18.503675069"/>
      <trkpt lat="67.335912669" lon="18.503961673"/>
      <trkpt lat="67.336889461" lon="18.504179105"/>
      <trkpt lat="67.337545637" lon="18.504046181"/>
      <trkpt lat="67.337917677" lon="18.503941396"/>
      <trkpt lat="67.338302875" lon="18.50377526"/>
      <trkpt lat="67.33856992" lon="18.503738741"/>
      <trkpt lat="67.338816269" lon="18.503987951"/>
      <trkpt lat="67.33914227" lon="18.504135767"/>
      <trkpt lat="67.339675786" lon="18.504313739"/>
      <trkpt lat="67.340076292" lon="18.504597926"/>
      <trkpt lat="67.340558077" lon="18.504705611"/>
      <trkpt lat="67.341287058" lon="18.504799012"/>
      <trkpt lat="67.341725137" lon="18.504912903"/>
      <trkpt lat="67.342155143" lon="18.505176317"/>
      <trkpt lat="67.342523717" lon="18.505594017"/>
      <trkpt lat="67.343187713" lon="18.506230496"/>
      <trkpt lat="67.343624929" lon="18.506608007"/>
      <trkpt lat="67.344364823" lon="18.507092335"/>
      <trkpt lat="67.345532549" lon="18.507940328"/>
      <trkpt lat="67.346166313" lon="18.508183258"/>
      <trkpt lat="67.347688227" lon="18.508995039"/>
      <trkpt lat="67.348378199" lon="18.509456146"/>
      <trkpt lat="67.349036829" lon="18.510002123"/>
      <trkpt lat="67.349586805" lon="18.510202761"/>
      <trkpt lat="67.349925672" lon="18.510483593"/>
      <trkpt lat="67.350318223" lon="18.510343821"/>
      <trkpt lat="67.350769057" lon="18.510415206"/>
      <trkpt lat="67.351205536" lon="18.510269763"/>
      <trkpt lat="67.351753921" lon="18.51033136"/>
      <trkpt lat="67.352772338" lon="18.510513149"/>
      <trkpt lat="67.353114602" lon="18.51064939"/>
      <trkpt lat="67.354070092" lon="18.511400324"/>
      <trkpt lat="67.354174922" lon="18.511546325"/>
      <trkpt lat="67.354293244" lon="18.51158401"/>
      <trkpt lat="67.354377809" lon="18.511660523"/>
      <trkpt lat="67.354470061" lon="18.511668813"/>
      <trkpt lat="67.354547952" lon="18.511719038"/>
      <trkpt lat="67.354673748" lon="18.51185258"/>
      <trkpt lat="67.354774669" lon="18.511906447"/>
      <trkpt lat="67.355017891" lon="18.511960742"/>
      <trkpt lat="67.355243293" lon="18.512100607"/>
      <trkpt lat="67.355489349" lon="18.51234475"/>
      <trkpt lat="67.355707804" lon="18.51252138"/>
      <trkpt lat="67.356496011" lon="18.513086713"/>
      <trkpt lat="67.356674151" lon="18.513373754"/>
      <trkpt lat="67.357039081" lon="18.513838737"/>
      <trkpt lat="67.357234581" lon="18.514008614"/>
      <trkpt lat="67.357416647" lon="18.514129016"/>
      <trkpt lat="67.357525255" lon="18.514269312"/>
      <trkpt lat="67.357624637" lon="18.514285072"/>
      <trkpt lat="67.357693964" lon="18.514337106"/>
      <trkpt lat="67.357788873" lon="18.514491029"/>
      <trkpt lat="67.358077918" lon="18.514820936"/>
      <trkpt lat="67.358927593" lon="18.515621709"/>
      <trkpt lat="67.359159799" lon="18.515885801"/>
      <trkpt lat="67.359275632" lon="18.516080954"/>
      <trkpt lat="67.359420968" lon="18.516211315"/>
      <trkpt lat="67.359507069" lon="18.516325989"/>
      <trkpt lat="67.359824203" lon="18.516805601"/>
      <trkpt lat="67.359939615" lon="18.517070143"/>
      <trkpt lat="67.360027322" lon="18.517219792"/>
      <trkpt lat="67.360267662" lon="18.517396833"/>
      <trkpt lat="67.36054757" lon="18.517804255"/>
      <trkpt lat="67.360836314" lon="18.518146832"/>
      <trkpt lat="67.36091007" lon="18.518269027"/>
      <trkpt lat="67.361023791" lon="18.51834706"/>
      <trkpt lat="67.361641165" lon="18.518991198"/>
      <trkpt lat="67.361774428" lon="18.519066031"/>
      <trkpt lat="67.361976129" lon="18.519230651"/>
      <trkpt lat="67.362015398" lon="18.519318961"/>
      <trkpt lat="67.36227369" lon="18.519508358"/>
      <trkpt lat="67.362635507" lon="18.519692102"/>
      <trkpt lat="67.362885243" lon="18.519728596"/>
      <trkpt lat="67.363037522" lon="18.519822256"/>
      <trkpt lat="67.363311808" lon="18.519900534"/>
      <trkpt lat="67.363604404" lon="18.520079617"/>
      <trkpt lat="67.363663913" lon="18.520147603"/>
      <trkpt lat="67.363896017" lon="18.520217363"/>
      <trkpt lat="67.364307982" lon="18.520491311"/>
      <trkpt lat="67.364723638" lon="18.520613381"/>
      <trkpt lat="67.364878543" lon="18.520686387"/>
      <trkpt lat="67.365217428" lon="18.520945245"/>
      <trkpt lat="67.365337284" lon="18.520999822"/>
      <trkpt lat="67.365494677" lon="18.521171755"/>
      <trkpt lat="67.365985251" lon="18.52158573"/>
      <trkpt lat="67.366818794" lon="18.522392779"/>
      <trkpt lat="67.367204845" lon="18.522675265"/>
      <trkpt lat="67.367323536" lon="18.5228282"/>
      <trkpt lat="67.367369923" lon="18.522934305"/>
      <trkpt lat="67.367439184" lon="18.522955178"/>
      <trkpt lat="67.367872019" lon="18.523226302"/>
      <trkpt lat="67.367980815" lon="18.523333107"/>
      <trkpt lat="67.36818013" lon="18.523442051"/>
      <trkpt lat="67.36833832" lon="18.523480665"/>
      <trkpt lat="67.368541677" lon="18.523574376"/>
      <trkpt lat="67.368692946" lon="18.523545115"/>
      <trkpt lat="67.368814805" lon="18.523562722"/>
      <trkpt lat="67.369083989" lon="18.523416121"/>
      <trkpt lat="67.369292935" lon="18.523078506"/>
      <trkpt lat="67.369533218" lon="18.523012983"/>
      <trkpt lat="67.369623433" lon="18.523027762"/>
      <trkpt lat="67.36970917" lon="18.522975046"/>
      <trkpt lat="67.369977953" lon="18.52289514"/>
      <trkpt lat="67.370213062" lon="18.522790628"/>
      <trkpt lat="67.370383579" lon="18.522573813"/>
      <trkpt lat="67.370588481" lon="18.522251387"/>
      <trkpt lat="67.370894991" lon="18.522121648"/>
      <trkpt lat="67.371143289" lon="18.521977956"/>
      <trkpt lat="67.37132263" lon="18.521800721"/>
      <trkpt lat="67.37214352" lon="18.521264472"/>
      <trkpt lat="67.372698911" lon="18.520773743"/>
      <trkpt lat="67.372940435" lon="18.520606661"/>
      <trkpt lat="67.373289936" lon="18.520428652"/>
      <trkpt lat="67.373412624" lon="18.520416959"/>
      <trkpt lat="67.37348798" lon="18.520438846"/>
      <trkpt lat="67.373614743" lon="18.520259335"/>
      <trkpt lat="67.373725086" lon="18.520251955"/>
      <trkpt lat="67.373905549" lon="18.520179788"/>
      <trkpt lat="67.374179864" lon="18.520224713"/>
      <trkpt lat="67.374411444" lon="18.520214941"/>
      <trkpt lat="67.374837596" lon="18.520055822"/>
      <trkpt lat="67.375165573" lon="18.520058675"/>
      <trkpt lat="67.375462403" lon="18.519932425"/>
      <trkpt lat="67.375730326" lon="18.519938132"/>
      <trkpt lat="67.375808555" lon="18.520094005"/>
      <trkpt lat="67.375883717" lon="18.519972785"/>
      <trkpt lat="67.37600056" lon="18.51984887"/>
      <trkpt lat="67.376181476" lon="18.519808554"/>
      <trkpt lat="67.376443601" lon="18.51949857"/>
      <trkpt lat="67.37694029" lon="18.519204523"/>
      <trkpt lat="67.377530639" lon="18.518922545"/>
      <trkpt lat="67.377973113" lon="18.51861451"/>
      <trkpt lat="67.378206555" lon="18.518279455"/>
      <trkpt lat="67.378590307" lon="18.518116734"/>
      <trkpt lat="67.378762531" lon="18.517975157"/>
      <trkpt lat="67.379087873" lon="18.517802163"/>
      <trkpt lat="67.379352704" lon="18.517508267"/>
      <trkpt lat="67.379706781" lon="18.517382447"/>
      <trkpt lat="67.379858975" lon="18.51719519"/>
      <trkpt lat="67.379905104" lon="18.517245451"/>
      <trkpt lat="67.379947354" lon="18.51725289"/>
      <trkpt lat="67.38001233" lon="18.517202695"/>
      <trkpt lat="67.380175876" lon="18.517010949"/>
      <trkpt lat="67.380359602" lon="18.516667099"/>
      <trkpt lat="67.380430916" lon="18.516517516"/>
      <trkpt lat="67.380623172" lon="18.515990327"/>
      <trkpt lat="67.380888415" lon="18.515680239"/>
      <trkpt lat="67.381134565" lon="18.515480299"/>
      <trkpt lat="67.381457357" lon="18.515261408"/>
      <trkpt lat="67.381577319" lon="18.515065201"/>
      <trkpt lat="67.38180874" lon="18.514807528"/>
      <trkpt lat="67.382091847" lon="18.514147105"/>
      <trkpt lat="67.382373126" lon="18.513269037"/>
      <trkpt lat="67.38246417" lon="18.513080736"/>
      <trkpt lat="67.382824229" lon="18.512197018"/>
      <trkpt lat="67.382930156" lon="18.511868619"/>
      <trkpt lat="67.383010577" lon="18.511704387"/>
      <trkpt lat="67.383123086" lon="18.511266868"/>
      <trkpt lat="67.383196389" lon="18.511088402"/>
      <trkpt lat="67.383266585" lon="18.511029385"/>
      <trkpt lat="67.383362024" lon="18.511055887"/>
      <trkpt lat="67.383445915" lon="18.511141962"/>
      <trkpt lat="67.383515226" lon="18.511261149"/>
      <trkpt lat="67.383669341" lon="18.511239563"/>
      <trkpt lat="67.383815186" lon="18.511391666"/>
      <trkpt lat="67.383895207" lon="18.511434894"/>
      <trkpt lat="67.384133148" lon="18.511213985"/>
      <trkpt lat="67.38434621" lon="18.510846002"/>
      <trkpt lat="67.384704697" lon="18.509916264"/>
      <trkpt lat="67.385116847" lon="18.509573483"/>
      <trkpt lat="67.385310063" lon="18.509536051"/>
      <trkpt lat="67.385482806" lon="18.509566382"/>
      <trkpt lat="67.385815246" lon="18.50969609"/>
      <trkpt lat="67.386051241" lon="18.509838076"/>
      <trkpt lat="67.386228606" lon="18.509882182"/>
      <trkpt lat="67.386512685" lon="18.509893705"/>
      <trkpt lat="67.386575055" lon="18.509943578"/>
      <trkpt lat="67.386892464" lon="18.510651271"/>
      <trkpt lat="67.387065599" lon="18.510954124"/>
      <trkpt lat="67.387306902" lon="18.511084077"/>
      <trkpt lat="67.387554722" lon="18.511299517"/>
      <trkpt lat="67.387752792" lon="18.511603533"/>
      <trkpt lat="67.387919471" lon="18.512106387"/>
      <trkpt lat="67.388010371" lon="18.512307261"/>
      <trkpt lat="67.388096166" lon="18.512416392"/>
      <trkpt lat="67.388222515" lon="18.512646199"/>
      <trkpt lat="67.388315932" lon="18.512990228"/>
      <trkpt lat="67.38842601" lon="18.512837658"/>
      <trkpt lat="67.388506473" lon="18.512816109"/>
      <trkpt lat="67.388608636" lon="18.513015709"/>
      <trkpt lat="67.388693622" lon="18.513299879"/>
      <trkpt lat="67.388870496" lon="18.513724263"/>
      <trkpt lat="67.38908586" lon="18.514153484"/>
      <trkpt lat="67.389266909" lon="18.514579898"/>
      <trkpt lat="67.389349672" lon="18.514869519"/>
      <trkpt lat="67.389462243" lon="18.515187642"/>
      <trkpt lat="67.389707339" lon="18.515648716"/>
      <trkpt lat="67.390059715" lon="18.516195257"/>
      <trkpt lat="67.390230836" lon="18.516563619"/>
      <trkpt lat="67.390329593" lon="18.516922344"/>
      <trkpt lat="67.390530617" lon="18.517123927"/>
      <trkpt lat="67.391203925" lon="18.518105523"/>
      <trkpt lat="67.391364608" lon="18.518475366"/>
      <trkpt lat="67.391519021" lon="18.518512987"/>
      <trkpt lat="67.391926792" lon="18.518844409"/>
      <trkpt lat="67.392264251" lon="18.519520799"/>
      <trkpt lat="67.392351808" lon="18.519821266"/>
      <trkpt lat="67.392553701" lon="18.519989943"/>
      <trkpt lat="67.392883534" lon="18.519946486"/>
      <trkpt lat="67.393008485" lon="18.519846417"/>
      <trkpt lat="67.393100472" lon="18.519836439"/>
      <trkpt lat="67.393171867" lon="18.51997837"/>
      <trkpt lat="67.393466341" lon="18.520222724"/>
      <trkpt lat="67.393687988" lon="18.520200666"/>
      <trkpt lat="67.393929532" lon="18.520120517"/>
      <trkpt lat="67.39410087" lon="18.520592447"/>
      <trkpt lat="67.394272607" lon="18.521503371"/>
      <trkpt lat="67.394341701" lon="18.521720575"/>
      <trkpt lat="67.39462578" lon="18.522286393"/>
      <trkpt lat="67.394829121" lon="18.522863292"/>
      <trkpt lat="67.394899444" lon="18.523161683"/>
      <trkpt lat="67.394972339" lon="18.523615691"/>
      <trkpt lat="67.395040067" lon="18.52391379"/>
      <trkpt lat="67.395091913" lon="18.524075018"/>
      <trkpt lat="67.395130473" lon="18.52409967"/>
      <trkpt lat="67.395333518" lon="18.523460978"/>
      <trkpt lat="67.395408631" lon="18.523320959"/>
      <trkpt lat="67.395463546" lon="18.523300199"/>
      <trkpt lat="67.395559676" lon="18.523324529"/>
      <trkpt lat="67.581611414" lon="18.100204954"/>
      <trkpt lat="67.581931583" lon="18.100493338"/>
      <trkpt lat="67.582133639" lon="18.100577001"/>
      <trkpt lat="67.5822545" lon="18.1004684"/>
      <trkpt lat="67.582360139" lon="18.100182772"/>
      <trkpt lat="67.582319625" lon="18.099945506"/>
      <trkpt lat="67.582338491" lon="18.099828487"/>
      <trkpt lat="67.582635759" lon="18.099478153"/>
      <trkpt lat="67.582902962" lon="18.099479861"/>
      <trkpt lat="67.582995092" lon="18.09932079"/>
      <trkpt lat="67.583109726" lon="18.099226911"/>
      <trkpt lat="67.583247179" lon="18.099182692"/>
      <trkpt lat="67.583380236" lon="18.099243093"/>
      <trkpt lat="67.583769429" lon="18.098893286"/>
      <trkpt lat="67.583940303" lon="18.09890541"/>
      <trkpt lat="67.584258192" lon="18.099424184"/>
      <trkpt lat="67.584423194" lon="18.099432555"/>
      <trkpt lat="67.584664317" lon="18.098995075"/>
      <trkpt lat="67.584722389" lon="18.09875373"/>
      <trkpt lat="67.58490901" lon="18.098622583"/>
      <trkpt lat="67.585128216" lon="18.098651324"/>
      <trkpt lat="67.585289359" lon="18.098610205"/>
      <trkpt lat="67.585377337" lon="18.098668438"/>
      <trkpt lat="67.585608689" lon="18.098683198"/>
      <trkpt lat="67.585753249" lon="18.098577656"/>
      <trkpt lat="67.586132033" lon="18.098748691"/>
      <trkpt lat="67.586167492" lon="18.098709653"/>
      <trkpt lat="67.586265313" lon="18.098702483"/>
      <trkpt lat="67.586358981" lon="18.098644257"/>
      <trkpt lat="67.58644103" lon="18.098655204"/>
      <trkpt lat="67.58660042" lon="18.098521559"/>
      <trkpt lat="67.586715559" lon="18.098483039"/>
      <trkpt lat="67.586805489" lon="18.098286267"/>
      <trkpt lat="67.586945812" lon="18.098274668"/>
      <trkpt lat="67.587064186" lon="18.098334207"/>
      <trkpt lat="67.587090257" lon="18.098381456"/>
      <trkpt lat="67.587155959" lon="18.09837339"/>
      <trkpt lat="67.587269122" lon="18.098304283"/>
      <trkpt lat="67.587321786" lon="18.098371911"/>
      <trkpt lat="67.587429772" lon="18.098635483"/>
      <trkpt lat="67.587575798" lon="18.098792996"/>
      <trkpt lat="67.587620191" lon="18.098889821"/>
      <trkpt lat="67.587885309" lon="18.099268635"/>
      <trkpt lat="67.587975947" lon="18.099630899"/>
      <trkpt lat="67.588032257" lon="18.099643462"/>
      <trkpt lat="67.588070752" lon="18.099911248"/>
      <trkpt lat="67.588115839" lon="18.100038473"/>
      <trkpt lat="67.588278767" lon="18.100252143"/>
      <trkpt lat="67.588463186" lon="18.100418169"/>
      <trkpt lat="67.588563954" lon="18.100589878"/>
      <trkpt lat="67.588593461" lon="18.100725133"/>
      <trkpt lat="67.588729603" lon="18.100928497"/>
      <trkpt lat="67.588906637" lon="18.101144055"/>
      <trkpt lat="67.588975436" lon="18.101439477"/>
      <trkpt lat="67.589099733" lon="18.101590754"/>
      <trkpt lat="67.589185731" lon="18.101861521"/>
      <trkpt lat="67.58923294" lon="18.101945271"/>
      <trkpt lat="67.589280033" lon="18.102167074"/>
      <trkpt lat="67.589315247" lon="18.102471459"/>
      <trkpt lat="67.589473828" lon="18.102842846"/>
      <trkpt lat="67.589508841" lon="18.102958643"/>
      <trkpt lat="67.589548172" lon="18.103051456"/>
      <trkpt lat="67.589587517" lon="18.103076905"/>
      <trkpt lat="67.589721757" lon="18.103377714"/>
      <trkpt lat="67.589805172" lon="18.103318128"/>
      <trkpt lat="67.589981562" lon="18.103368614"/>
      <trkpt lat="67.590106571" lon="18.103681653"/>
      <trkpt lat="67.590123773" lon="18.103788339"/>
      <trkpt lat="67.590199631" lon="18.104051041"/>
      <trkpt lat="67.590300479" lon="18.104350747"/>
      <trkpt lat="67.590313251" lon="18.104487159"/>
      <trkpt lat="67.590370315" lon="18.104791138"/>
      <trkpt lat="67.590527655" lon="18.105027682"/>
      <trkpt lat="67.590776554" lon="18.105182164"/>
      <trkpt lat="67.590910259" lon="18.105378501"/>
      <trkpt lat="67.590985329" lon="18.105351495"/>
      <trkpt lat="67.591124775" lon="18.105450959"/>
      <trkpt lat="67.591210353" lon="18.105610571"/>
      <trkpt lat="67.591299563" lon="18.105649429"/>
      <trkpt lat="67.591366118" lon="18.105597702"/>
      <trkpt lat="67.59146124" lon="18.105596935"/>
      <trkpt lat="67.591525904" lon="18.105642638"/>
      <trkpt lat="67.591526703" lon="18.105733668"/>
      <trkpt lat="67.591563495" lon="18.105890118"/>
      <trkpt lat="67.591670895" lon="18.105985304"/>
      <trkpt lat="67.591751846" lon="18.105986016"/>
      <trkpt lat="67.592079043" lon="18.105750226"/>
      <trkpt lat="67.592209271" lon="18.105794573"/>
      <trkpt lat="67.59227591" lon="18.105870824"/>
      <trkpt lat="67.592504427" lon="18.106015869"/>
      <trkpt lat="67.592651919" lon="18.106032226"/>
      <trkpt lat="67.592754106" lon="18.105998713"/>
      <trkpt lat="67.59285009" lon="18.106085649"/>
      <trkpt lat="67.592926749" lon="18.106109354"/>
      <trkpt lat="67.59304233" lon="18.105916002"/>
      <trkpt lat="67.593159105" lon="18.105793522"/>
      <trkpt lat="67.593246974" lon="18.105636859"/>
      <trkpt lat="67.593452328" lon="18.105519479"/>
      <trkpt lat="67.593592899" lon="18.105363128"/>
      <trkpt lat="67.593847118" lon="18.105178153"/>
      <trkpt lat="67.593948642" lon="18.105046907"/>
      <trkpt lat="67.594132867" lon="18.10502436"/>
      <trkpt lat="67.594446243" lon="18.105564715"/>
      <trkpt lat="67.594578803" lon="18.105885573"/>
      <trkpt lat="67.594635727" lon="18.106064954"/>
      <trkpt lat="67.594901907" lon="18.106454201"/>
      <trkpt lat="67.59504637" lon="18.106493721"/>
      <trkpt lat="67.595160697" lon="18.106562911"/>
      <trkpt lat="67.59531602" lon="18.106704922"/>
      <trkpt lat="67.595421662" lon="18.106692104"/>
      <trkpt lat="67.595517969" lon="18.106630869"/>
      <trkpt lat="67.595664171" lon="18.106647062"/>
      <trkpt lat="67.596027203" lon="18.106880861"/>
      <trkpt lat="67.59624449" lon="18.107074948"/>
      <trkpt lat="67.596358317" lon="18.107103643"/>
      <trkpt lat="67.596460118" lon="18.107090321"/>
      <trkpt lat="67.596808599" lon="18.107147014"/>
      <trkpt lat="67.597218319" lon="18.106831263"/>
      <trkpt lat="67.597274395" lon="18.10685561"/>
      <trkpt lat="67.597311928" lon="18.106985506"/>
      <trkpt lat="67.59738169" lon="18.107116206"/>
      <trkpt lat="67.597586086" lon="18.10708178"/>
      <trkpt lat="67.597848418" lon="18.106983892"/>
      <trkpt lat="67.598004773" lon="18.106966918"/>
      <trkpt lat="67.598179351" lon="18.107009773"/>
      <trkpt lat="67.59833844" lon="18.107121584"/>
      <trkpt lat="67.598467733" lon="18.107172112"/>
      <trkpt lat="67.598647647" lon="18.107205504"/>
      <trkpt lat="67.599046733" lon="18.106898806"/>
      <trkpt lat="67.599122376" lon="18.106922104"/>
      <trkpt lat="67.599313634" lon="18.1068319"/>
      <trkpt lat="67.599550539" lon="18.106646197"/>
      <trkpt lat="67.599615284" lon="18.106563311"/>
      <trkpt lat="67.59967896" lon="18.106537743"/>
      <trkpt lat="67.599776412" lon="18.106567228"/>
      <trkpt lat="67.599852231" lon="18.106512821"/>
      <trkpt lat="67.599973366" lon="18.106379748"/>
      <trkpt lat="67.600034557" lon="18.106211883"/>
      <trkpt lat="67.60019592" lon="18.105928523"/>
      <trkpt lat="67.600317634" lon="18.105765108"/>
      <trkpt lat="67.600415383" lon="18.10571012"/>
      <trkpt lat="67.600481922" lon="18.105806606"/>
      <trkpt lat="67.600535348" lon="18.105982535"/>
      <trkpt lat="67.600800259" lon="18.105884938"/>
      <trkpt lat="67.601017913" lon="18.105899534"/>
      <trkpt lat="67.601158899" lon="18.105877187"/>
      <trkpt lat="67.601233262" lon="18.105900339"/>
      <trkpt lat="67.60146839" lon="18.106082825"/>
      <trkpt lat="67.601808876" lon="18.106218106"/>
      <trkpt lat="67.601887975" lon="18.10619454"/>
      <trkpt lat="67.601982233" lon="18.10605121"/>
      <trkpt lat="67.602029435" lon="18.106009982"/>
      <trkpt lat="67.602092594" lon="18.106011392"/>
      <trkpt lat="67.602160074" lon="18.1060573"/>
      <trkpt lat="67.602249031" lon="18.106058666"/>
      <trkpt lat="67.60245246" lon="18.106007194"/>
      <trkpt lat="67.602621449" lon="18.105866768"/>
      <trkpt lat="67.602792016" lon="18.105574438"/>
      <trkpt lat="67.602905159" lon="18.105592427"/>
      <trkpt lat="67.602995608" lon="18.105651456"/>
      <trkpt lat="67.60304489" lon="18.105705142"/>
      <trkpt lat="67.603073607" lon="18.105823809"/>
      <trkpt lat="67.603106739" lon="18.105844976"/>
      <trkpt lat="67.603172645" lon="18.105768985"/>
      <trkpt lat="67.603238762" lon="18.105750489"/>
      <trkpt lat="67.603290616" lon="18.105804514"/>
      <trkpt lat="67.603501571" lon="18.105764175"/>
      <trkpt lat="67.603579767" lon="18.105720193"/>
      <trkpt lat="67.603879568" lon="18.105755555"/>
      <trkpt lat="67.604025366" lon="18.105683123"/>
      <trkpt lat="67.604107062" lon="18.10572749"/>
      <trkpt lat="67.604246024" lon="18.105606835"/>
      <trkpt lat="67.604333278" lon="18.10549301"/>
      <trkpt lat="67.604423387" lon="18.105501284"/>
      <trkpt lat="67.604562301" lon="18.10545163"/>
      <trkpt lat="67.604747119" lon="18.10529295"/>
      <trkpt lat="67.604841402" lon="18.105284843"/>
      <trkpt lat="67.605061072" lon="18.105330146"/>
      <trkpt lat="67.60515168" lon="18.105277621"/>
      <trkpt lat="67.605350573" lon="18.105330364"/>
      <trkpt lat="67.605525145" lon="18.105510138"/>
      <trkpt lat="67.605549073" lon="18.10550648"/>
      <trkpt lat="67.605599731" lon="18.10541835"/>
      <trkpt lat="67.605646329" lon="18.105409151"/>
      <trkpt lat="67.605740036" lon="18.105637673"/>
      <trkpt lat="67.605811394" lon="18.105751696"/>
      <trkpt lat="67.605861725" lon="18.105886689"/>
      <trkpt lat="67.60589631" lon="18.10603654"/>
      <trkpt lat="67.606121439" lon="18.106339504"/>
      <trkpt lat="67.606254063" lon="18.106556131"/>
      <trkpt lat="67.606327596" lon="18.106623119"/>
      <trkpt lat="67.606403432" lon="18.106636324"/>
      <trkpt lat="67.606614306" lon="18.106531719"/>
      <trkpt lat="67.606832296" lon="18.106323218"/>
      <trkpt lat="67.606993857" lon="18.106303529"/>
      <trkpt lat="67.607168555" lon="18.106339656"/>
      <trkpt lat="67.607295454" lon="18.106312109"/>
      <trkpt lat="67.607363192" lon="18.106344522"/>
      <trkpt lat="67.60745567" lon="18.106295633"/>
      <trkpt lat="67.607563116" lon="18.106410954"/>
      <trkpt lat="67.607831341" lon="18.106479453"/>
      <trkpt lat="67.607898296" lon="18.106484732"/>
      <trkpt lat="67.608101983" lon="18.10641977"/>
      <trkpt lat="67.608294693" lon="18.106458222"/>
      <trkpt lat="67.608518442" lon="18.10662917"/>
      <trkpt lat="67.60872171" lon="18.106723082"/>
      <trkpt lat="67.60885928" lon="18.106676617"/>
      <trkpt lat="67.608947631" lon="18.106573091"/>
      <trkpt lat="67.609023523" lon="18.106582891"/>
      <trkpt lat="67.60914679" lon="18.106679981"/>
      <trkpt lat="67.609319704" lon="18.10653667"/>
      <trkpt lat="67.609511697" lon="18.106544582"/>
      <trkpt lat="67.609562911" lon="18.106358452"/>
      <trkpt lat="67.609795152" lon="18.106077501"/>
      <trkpt lat="67.609894909" lon="18.106053184"/>
      <trkpt lat="67.609990345" lon="18.105984354"/>
      <trkpt lat="67.610283006" lon="18.105920728"/>
      <trkpt lat="67.61055357" lon="18.106003102"/>
      <trkpt lat="67.610721137" lon="18.106007867"/>
      <trkpt lat="67.610787697" lon="18.105965733"/>
      <trkpt lat="67.610848834" lon="18.105801081"/>
      <trkpt lat="67.610935203" lon="18.105734446"/>
      <trkpt lat="67.611042043" lon="18.105744901"/>
      <trkpt lat="67.611133104" lon="18.105634866"/>
      <trkpt lat="67.611330795" lon="18.105477744"/>
      <trkpt lat="67.611587599" lon="18.105331648"/>
      <trkpt lat="67.611675082" lon="18.10534297"/>
      <trkpt lat="67.611768634" lon="18.105443055"/>
      <trkpt lat="67.612025006" lon="18.105594642"/>
      <trkpt lat="67.61226206" lon="18.105676095"/>
      <trkpt lat="67.612500669" lon="18.105811854"/>
      <trkpt lat="67.612759145" lon="18.106193836"/>
      <trkpt lat="67.612826633" lon="18.10623979"/>
      <trkpt lat="67.612957401" lon="18.106212746"/>
      <trkpt lat="67.613089684" lon="18.106104667"/>
      <trkpt lat="67.613136242" lon="18.106029466"/>
      <trkpt lat="67.613356483" lon="18.106044438"/>
      <trkpt lat="67.613593633" lon="18.105983768"/>
      <trkpt lat="67.614036066" lon="18.106047817"/>
      <trkpt lat="67.61420169" lon="18.106018503"/>
      <trkpt lat="67.614323723" lon="18.106044458"/>
      <trkpt lat="67.614759482" lon="18.105914742"/>
      <trkpt lat="67.614940242" lon="18.105971981"/>
      <trkpt lat="67.61519239" lon="18.105936931"/>
      <trkpt lat="67.615559696" lon="18.106018324"/>
      <trkpt lat="67.615815286" lon="18.106142774"/>
      <trkpt lat="67.61616034" lon="18.106241597"/>
      <trkpt lat="67.616391832" lon="18.106207267"/>
      <trkpt lat="67.616541467" lon="18.106274031"/>
      <trkpt lat="67.616937962" lon="18.106585965"/>
      <trkpt lat="67.617080006" lon="18.106644972"/>
      <trkpt lat="67.617673726" lon="18.106687997"/>
      <trkpt lat="67.617830123" lon="18.106806401"/>
      <trkpt lat="67.618027484" lon="18.106872579"/>
      <trkpt lat="67.61817375" lon="18.106844134"/>
      <trkpt lat="67.618293759" lon="18.106771688"/>
      <trkpt lat="67.618451542" lon="18.106748127"/>
      <trkpt lat="67.618745662" lon="18.106880973"/>
      <trkpt lat="67.618921545" lon="18.106991749"/>
      <trkpt lat="67.619029675" lon="18.107002384"/>
      <trkpt lat="67.61928893" lon="18.1071375"/>
      <trkpt lat="67.619464435" lon="18.107268539"/>
      <trkpt lat="67.619662956" lon="18.10734164"/>
      <trkpt lat="67.619961461" lon="18.107241529"/>
      <trkpt lat="67.620055439" lon="18.107250326"/>
      <trkpt lat="67.620303565" lon="18.107360307"/>
      <trkpt lat="67.620446905" lon="18.107487187"/>
      <trkpt lat="67.620603592" lon="18.107453331"/>
      <trkpt lat="67.620833431" lon="18.107506813"/>
      <trkpt lat="67.621063827" lon="18.107462191"/>
      <trkpt lat="67.621226896" lon="18.107500235"/>
      <trkpt lat="67.62138185" lon="18.107489852"/>
      <trkpt lat="67.621552317" lon="18.107545788"/>
      <trkpt lat="67.621691878" lon="18.107462316"/>
      <trkpt lat="67.621986532" lon="18.107450849"/>
      <trkpt lat="67.622147854" lon="18.107498089"/>
      <trkpt lat="67.622280681" lon="18.107427747"/>
      <trkpt lat="67.622612647" lon="18.107084228"/>
      <trkpt lat="67.622742288" lon="18.106909552"/>
      <trkpt lat="67.62289466" lon="18.106818216"/>
      <trkpt lat="67.623176325" lon="18.106501845"/>
      <trkpt lat="67.623255933" lon="18.106478399"/>
      <trkpt lat="67.623426415" lon="18.106513386"/>
      <trkpt lat="67.623543896" lon="18.106444431"/>
      <trkpt lat="67.62372447" lon="18.106417008"/>
      <trkpt lat="67.623921772" lon="18.106452041"/>
      <trkpt lat="67.624119219" lon="18.106409968"/>
      <trkpt lat="67.624502603" lon="18.106465197"/>
      <trkpt lat="67.625249863" lon="18.106455853"/>
      <trkpt lat="67.62545216" lon="18.106427803"/>
      <trkpt lat="67.625692321" lon="18.106354261"/>
      <trkpt lat="67.625953693" lon="18.10637728"/>
      <trkpt lat="67.626078696" lon="18.106316"/>
      <trkpt lat="67.626247375" lon="18.106310527"/>
      <trkpt lat="67.626426467" lon="18.106363361"/>
      <trkpt lat="67.626613439" lon="18.106474217"/>
      <trkpt lat="67.626913077" lon="18.106361255"/>
      <trkpt lat="67.627633856" lon="18.106472622"/>
      <trkpt lat="67.627870515" lon="18.106589747"/>
      <trkpt lat="67.627967408" lon="18.10659867"/>
      <trkpt lat="67.628129901" lon="18.106582367"/>
      <trkpt lat="67.628381655" lon="18.106503582"/>
      <trkpt lat="67.628585636" lon="18.106522699"/>
      <trkpt lat="67.628690005" lon="18.1064722"/>
      <trkpt lat="67.629052143" lon="18.106571686"/>
      <trkpt lat="67.629268661" lon="18.106672874"/>
      <trkpt lat="67.629416276" lon="18.106701631"/>
      <trkpt lat="67.629520096" lon="18.106681227"/>
      <trkpt lat="67.62963185" lon="18.106715513"/>
      <trkpt lat="67.629907929" lon="18.10691143"/>
      <trkpt lat="67.630028605" lon="18.106946822"/>
      <trkpt lat="67.630141767" lon="18.106936136"/>
      <trkpt lat="67.630479701" lon="18.107032588"/>
      <trkpt lat="67.630869729" lon="18.107212772"/>
      <trkpt lat="67.631155881" lon="18.10713833"/>
      <trkpt lat="67.631601387" lon="18.107218229"/>
      <trkpt lat="67.6317796" lon="18.107180428"/>
      <trkpt lat="67.631874115" lon="18.107249432"/>
      <trkpt lat="67.632040405" lon="18.107304017"/>
      <trkpt lat="67.632191386" lon="18.107219184"/>
      <trkpt lat="67.632526922" lon="18.107167771"/>
      <trkpt lat="67.632697439" lon="18.107061913"/>
      <trkpt lat="67.632841282" lon="18.106878899"/>
      <trkpt lat="67.63302709" lon="18.106774982"/>
      <trkpt lat="67.633163459" lon="18.106859334"/>
      <trkpt lat="67.633660553" lon="18.106633826"/>
      <trkpt lat="67.63387381" lon="18.106426049"/>
      <trkpt lat="67.634030107" lon="18.106398906"/>
      <trkpt lat="67.634169559" lon="18.106315936"/>
      <trkpt lat="67.634323185" lon="18.106295135"/>
      <trkpt lat="67.634587528" lon="18.106087102"/>
      <trkpt lat="67.634708769" lon="18.106303389"/>
      <trkpt lat="67.634880243" lon="18.10631231"/>
      <trkpt lat="67.63515108" lon="18.106002765"/>
      <trkpt lat="67.63559782" lon="18.105331636"/>
      <trkpt lat="67.635923293" lon="18.105473152"/>
      <trkpt lat="67.636376974" lon="18.105777027"/>
      <trkpt lat="67.636593147" lon="18.105824888"/>
      <trkpt lat="67.63714537" lon="18.105584852"/>
      <trkpt lat="67.637319325" lon="18.105461569"/>
      <trkpt lat="67.637516717" lon="18.105434078"/>
      <trkpt lat="67.637801831" lon="18.1053053"/>
      <trkpt lat="67.638284554" lon="18.104801089"/>
      <trkpt lat="67.638378654" lon="18.104763569"/>
      <trkpt lat="67.638511157" lon="18.104764117"/>
      <trkpt lat="67.638614719" lon="18.104827226"/>
      <trkpt lat="67.638726834" lon="18.10483841"/>
      <trkpt lat="67.638910171" lon="18.104752778"/>
      <trkpt lat="67.639184567" lon="18.104791588"/>
      <trkpt lat="67.63933965" lon="18.104732107"/>
      <trkpt lat="67.639440208" lon="18.104619205"/>
      <trkpt lat="67.639561055" lon="18.104568559"/>
      <trkpt lat="67.639610915" lon="18.104601512"/>
      <trkpt lat="67.63966617" lon="18.104548992"/>
      <trkpt lat="67.63971732" lon="18.104041956"/>
      <trkpt lat="67.63977031" lon="18.103975909"/>
      <trkpt lat="67.640019294" lon="18.104090946"/>
      <trkpt lat="67.640426977" lon="18.10422321"/>
      <trkpt lat="67.640631297" lon="18.104431927"/>
      <trkpt lat="67.640874011" lon="18.104612456"/>
      <trkpt lat="67.640949419" lon="18.104628827"/>
      <trkpt lat="67.641029941" lon="18.104440412"/>
      <trkpt lat="67.641189074" lon="18.104232309"/>
      <trkpt lat="67.641303868" lon="18.104167631"/>
      <trkpt lat="67.64175129" lon="18.104132686"/>
      <trkpt lat="67.642062447" lon="18.103960822"/>
      <trkpt lat="67.642441543" lon="18.104069521"/>
      <trkpt lat="67.642799096" lon="18.104115769"/>
      <trkpt lat="67.643298596" lon="18.104399144"/>
      <trkpt lat="67.643501437" lon="18.104485037"/>
      <trkpt lat="67.64385345" lon="18.104557096"/>
      <trkpt lat="67.644304129" lon="18.104482822"/>
      <trkpt lat="67.644690783" lon="18.104592513"/>
      <trkpt lat="67.645078493" lon="18.104914493"/>
      <trkpt lat="67.645354926" lon="18.105248588"/>
      <trkpt lat="67.645854991" lon="18.105770757"/>
      <trkpt lat="67.646065011" lon="18.105877501"/>
      <trkpt lat="67.646686805" lon="18.106369024"/>
      <trkpt lat="67.647329867" lon="18.106668077"/>
      <trkpt lat="67.64787014" lon="18.107076365"/>
      <trkpt lat="67.648253311" lon="18.107285576"/>
      <trkpt lat="67.648630652" lon="18.10714402"/>
      <trkpt lat="67.648956055" lon="18.107088054"/>
      <trkpt lat="67.64938914" lon="18.107317069"/>
      <trkpt lat="67.650207504" lon="18.107121649"/>
      <trkpt lat="67.650453269" lon="18.107154184"/>
      <trkpt lat="67.651001284" lon="18.106896528"/>
      <trkpt lat="67.651322059" lon="18.106820103"/>
      <trkpt lat="67.65241102" lon="18.107066647"/>
      <trkpt lat="67.652493603" lon="18.107021439"/>
      <trkpt lat="67.652583869" lon="18.107099452"/>
      <trkpt lat="67.652728944" lon="18.107138478"/>
      <trkpt lat="67.652891273" lon="18.107130236"/>
      <trkpt lat="67.653366119" lon="18.107278969"/>
      <trkpt lat="67.653540174" lon="18.107249177"/>
      <trkpt lat="67.653939044" lon="18.107361445"/>
      <trkpt lat="67.654298153" lon="18.107514692"/>
      <trkpt lat="67.654409296" lon="18.107618566"/>
      <trkpt lat="67.654546217" lon="18.107689555"/>
      <trkpt lat="67.654702214" lon="18.107683784"/>
      <trkpt lat="67.654921123" lon="18.107871298"/>
      <trkpt lat="67.655165551" lon="18.108039083"/>
      <trkpt lat="67.655520646" lon="18.108205032"/>
      <trkpt lat="67.655824548" lon="18.108549149"/>
      <trkpt lat="67.656304439" lon="18.108959524"/>
      <trkpt lat="67.656442362" lon="18.10904385"/>
      <trkpt lat="67.656824046" lon="18.109134072"/>
      <trkpt lat="67.65686174" lon="18.109069698"/>
      <trkpt lat="67.656900709" lon="18.108873397"/>
      <trkpt lat="67.656989713" lon="18.10862426"/>
      <trkpt lat="67.657072462" lon="18.108308224"/>
      <trkpt lat="67.657788771" lon="18.105896116"/>
      <trkpt lat="67.658014427" lon="18.105404107"/>
      <trkpt lat="67.658642188" lon="18.104265039"/>
      <trkpt lat="67.658804034" lon="18.104084962"/>
      <trkpt lat="67.658896289" lon="18.103862647"/>
      <trkpt lat="67.659079511" lon="18.103222939"/>
      <trkpt lat="67.659149947" lon="18.103024149"/>
      <trkpt lat="67.659306723" lon="18.10225542"/>
      <trkpt lat="67.65952254" lon="18.101619983"/>
      <trkpt lat="67.659541375" lon="18.101424276"/>
      <trkpt lat="67.659543046" lon="18.101074353"/>
      <trkpt lat="67.659689041" lon="18.100736899"/>
      <trkpt lat="67.659902883" lon="18.100335735"/>
      <trkpt lat="67.659956951" lon="18.10013808"/>
      <trkpt lat="67.660102953" lon="18.099800592"/>
      <trkpt lat="67.660249638" lon="18.099729775"/>
      <trkpt lat="67.660367535" lon="18.099711737"/>
      <trkpt lat="67.660461942" lon="18.099597645"/>
      <trkpt lat="67.66080252" lon="18.098890615"/>
      <trkpt lat="67.660866625" lon="18.098842388"/>
      <trkpt lat="67.660981626" lon="18.098843906"/>
      <trkpt lat="67.661085676" lon="18.098890524"/>
      <trkpt lat="67.661239107" lon="18.099136227"/>
      <trkpt lat="67.661370815" lon="18.099462172"/>
      <trkpt lat="67.66137988" lon="18.09958628"/>
      <trkpt lat="67.661367248" lon="18.099857116"/>
      <trkpt lat="67.6613297" lon="18.100108102"/>
      <trkpt lat="67.661120255" lon="18.100968248"/>
      <trkpt lat="67.661110021" lon="18.101246027"/>
      <trkpt lat="67.661047709" lon="18.101875939"/>
      <trkpt lat="67.660939327" lon="18.102400205"/>
      <trkpt lat="67.660920835" lon="18.102713475"/>
      <trkpt lat="67.660901752" lon="18.103465216"/>
      <trkpt lat="67.660930959" lon="18.103864378"/>
      <trkpt lat="67.660938399" lon="18.104210874"/>
      <trkpt lat="67.660970822" lon="18.104437657"/>
      <trkpt lat="67.660990073" lon="18.104692654"/>
      <trkpt lat="67.660987418" lon="18.106645084"/>
      <trkpt lat="67.660999292" lon="18.107294518"/>
      <trkpt lat="67.66109658" lon="18.108041372"/>
      <trkpt lat="67.661141194" lon="18.108562118"/>
      <trkpt lat="67.66121002" lon="18.109072729"/>
      <trkpt lat="67.661241033" lon="18.109239554"/>
      <trkpt lat="67.661305304" lon="18.109317618"/>
      <trkpt lat="67.661447022" lon="18.109242897"/>
      <trkpt lat="67.661683352" lon="18.10931331"/>
      <trkpt lat="67.662496328" lon="18.109169152"/>
      <trkpt lat="67.662920274" lon="18.109346862"/>
      <trkpt lat="67.663021528" lon="18.109340008"/>
      <trkpt lat="67.663180045" lon="18.109380417"/>
      <trkpt lat="67.663313868" lon="18.109457525"/>
      <trkpt lat="67.663606651" lon="18.109415616"/>
      <trkpt lat="67.663799942" lon="18.109354191"/>
      <trkpt lat="67.663873022" lon="18.109366959"/>
      <trkpt lat="67.663962352" lon="18.109322015"/>
      <trkpt lat="67.664072247" lon="18.109326239"/>
      <trkpt lat="67.664322964" lon="18.109438405"/>
      <trkpt lat="67.664694543" lon="18.109712393"/>
      <trkpt lat="67.665321548" lon="18.109846591"/>
      <trkpt lat="67.665863096" lon="18.110089399"/>
      <trkpt lat="67.666851059" lon="18.110389936"/>
      <trkpt lat="67.667093175" lon="18.110421223"/>
      <trkpt lat="67.667256" lon="18.110502113"/>
      <trkpt lat="67.667794029" lon="18.110392194"/>
      <trkpt lat="67.668041196" lon="18.11042415"/>
      <trkpt lat="67.668690074" lon="18.110335226"/>
      <trkpt lat="67.66891995" lon="18.110344996"/>
      <trkpt lat="67.66917514" lon="18.110218463"/>
      <trkpt lat="67.669370005" lon="18.110343352"/>
      <trkpt lat="67.669603438" lon="18.110433369"/>
      <trkpt lat="67.669900924" lon="18.110478495"/>
      <trkpt lat="67.670321203" lon="18.110446404"/>
      <trkpt lat="67.670656099" lon="18.110383359"/>
      <trkpt lat="67.671088491" lon="18.110379428"/>
      <trkpt lat="67.671641329" lon="18.110424333"/>
      <trkpt lat="67.671916398" lon="18.110586213"/>
      <trkpt lat="67.672313139" lon="18.11056369"/>
      <trkpt lat="67.672516858" lon="18.110515273"/>
      <trkpt lat="67.6726292" lon="18.110549793"/>
      <trkpt lat="67.672831769" lon="18.110703821"/>
      <trkpt lat="67.672972153" lon="18.110748661"/>
      <trkpt lat="67.673200957" lon="18.110872276"/>
      <trkpt lat="67.67364287" lon="18.110995947"/>
      <trkpt lat="67.673881176" lon="18.111161276"/>
      <trkpt lat="67.674187618" lon="18.111531143"/>
      <trkpt lat="67.674432609" lon="18.111955376"/>
      <trkpt lat="67.674646134" lon="18.112212137"/>
      <trkpt lat="67.675044458" lon="18.112472143"/>
      <trkpt lat="67.675127745" lon="18.112550252"/>
      <trkpt lat="67.67553979" lon="18.113041652"/>
      <trkpt lat="67.675785898" lon="18.11320127"/>
      <trkpt lat="67.676283252" lon="18.113675741"/>
      <trkpt lat="67.676412981" lon="18.113881346"/>
      <trkpt lat="67.676598812" lon="18.114107582"/>
      <trkpt lat="67.676755116" lon="18.114404376"/>
      <trkpt lat="67.676918766" lon="18.114580543"/>
      <trkpt lat="67.677300393" lon="18.115189666"/>
      <trkpt lat="67.677420701" lon="18.115488652"/>
      <trkpt lat="67.677673177" lon="18.116000348"/>
      <trkpt lat="67.677958616" lon="18.116394648"/>
      <trkpt lat="67.678309214" lon="18.117155244"/>
      <trkpt lat="67.678622253" lon="18.117445006"/>
      <trkpt lat="67.678874265" lon="18.117841853"/>
      <trkpt lat="67.678982877" lon="18.118078575"/>
      <trkpt lat="67.679196178" lon="18.118625861"/>
      <trkpt lat="67.679493267" lon="18.11880555"/>
      <trkpt lat="67.679893531" lon="18.118680904"/>
      <trkpt lat="67.680151738" lon="18.11915965"/>
      <trkpt lat="67.680204658" lon="18.119213672"/>
      <trkpt lat="67.680465633" lon="18.119821104"/>
      <trkpt lat="67.680547884" lon="18.12009503"/>
      <trkpt lat="67.680663059" lon="18.120393427"/>
      <trkpt lat="67.680725064" lon="18.120651278"/>
      <trkpt lat="67.680977978" lon="18.121277985"/>
      <trkpt lat="67.681276922" lon="18.121356632"/>
      <trkpt lat="67.68142669" lon="18.121450042"/>
      <trkpt lat="67.681781409" lon="18.121427694"/>
      <trkpt lat="67.682355282" lon="18.121217152"/>
      <trkpt lat="67.682492776" lon="18.121140081"/>
      <trkpt lat="67.682635718" lon="18.121185343"/>
      <trkpt lat="67.682907151" lon="18.121503686"/>
      <trkpt lat="67.683303018" lon="18.121756863"/>
      <trkpt lat="67.683920584" lon="18.121822092"/>
      <trkpt lat="67.684244645" lon="18.121930999"/>
      <trkpt lat="67.684366733" lon="18.121993865"/>
      <trkpt lat="67.684595972" lon="18.122232552"/>
      <trkpt lat="67.68484208" lon="18.122392306"/>
      <trkpt lat="67.684943997" lon="18.122574215"/>
      <trkpt lat="67.685192042" lon="18.122874049"/>
      <trkpt lat="67.685363289" lon="18.122840987"/>
      <trkpt lat="67.685522631" lon="18.122882348"/>
      <trkpt lat="67.68570426" lon="18.12299568"/>
      <trkpt lat="67.685822528" lon="18.123128431"/>
      <trkpt lat="67.68606043" lon="18.123179992"/>
      <trkpt lat="67.686170323" lon="18.123339276"/>
      <trkpt lat="67.686273047" lon="18.123601259"/>
      <trkpt lat="67.686381776" lon="18.123822577"/>
      <trkpt lat="67.686621007" lon="18.123943385"/>
      <trkpt lat="67.686832638" lon="18.124136607"/>
      <trkpt lat="67.687024959" lon="18.124099359"/>
      <trkpt lat="67.687161032" lon="18.124262062"/>
      <trkpt lat="67.687540468" lon="18.124325073"/>
      <trkpt lat="67.687636919" lon="18.124641531"/>
      <trkpt lat="67.687683879" lon="18.124937734"/>
      <trkpt lat="67.687691676" lon="18.125221975"/>
      <trkpt lat="67.687682097" lon="18.125593763"/>
      <trkpt lat="67.687722263" lon="18.125971999"/>
      <trkpt lat="67.687794381" lon="18.126886283"/>
      <trkpt lat="67.687878752" lon="18.127567291"/>
      <trkpt lat="67.687924385" lon="18.128353825"/>
      <trkpt lat="67.687968364" lon="18.128808542"/>
      <trkpt lat="67.687959355" lon="18.129429098"/>
      <trkpt lat="67.687973038" lon="18.130239102"/>
      <trkpt lat="67.687886953" lon="18.130490411"/>
      <trkpt lat="67.687806493" lon="18.131281283"/>
      <trkpt lat="67.687792527" lon="18.132025529"/>
      <trkpt lat="67.687867952" lon="18.132622502"/>
      <trkpt lat="67.687865557" lon="18.133029747"/>
      <trkpt lat="67.687988814" lon="18.134154578"/>
      <trkpt lat="67.688202874" lon="18.135336142"/>
      <trkpt lat="67.688282886" lon="18.136037431"/>
      <trkpt lat="67.688356757" lon="18.137135154"/>
      <trkpt lat="67.688537293" lon="18.138074064"/>
      <trkpt lat="67.68865823" lon="18.138552698"/>
      <trkpt lat="67.688717286" lon="18.13897147"/>
      <trkpt lat="67.688722282" lon="18.139403913"/>
      <trkpt lat="67.688867961" lon="18.140241603"/>
      <trkpt lat="67.688986049" lon="18.140592064"/>
      <trkpt lat="67.689104634" lon="18.1411257"/>
      <trkpt lat="67.689078024" lon="18.141702559"/>
      <trkpt lat="67.689106936" lon="18.141910157"/>
      <trkpt lat="67.694340502" lon="18.155508395"/>
      <trkpt lat="67.69435551" lon="18.155686586"/>
      <trkpt lat="67.694425838" lon="18.155854739"/>
      <trkpt lat="67.694521745" lon="18.155988251"/>
      <trkpt lat="67.694684366" lon="18.15613396"/>
      <trkpt lat="67.694698324" lon="18.156298187"/>
      <trkpt lat="67.694692316" lon="18.156477057"/>
      <trkpt lat="67.694619337" lon="18.156588435"/>
      <trkpt lat="67.694520627" lon="18.156672249"/>
      <trkpt lat="67.694480708" lon="18.156839779"/>
      <trkpt lat="67.694388551" lon="18.157062666"/>
      <trkpt lat="67.69427121" lon="18.157437711"/>
      <trkpt lat="67.694549631" lon="18.157567504"/>
      <trkpt lat="67.69473948" lon="18.157730615"/>
      <trkpt lat="67.69517594" lon="18.157970991"/>
      <trkpt lat="67.695327688" lon="18.15813601"/>
      <trkpt lat="67.695354599" lon="18.158239749"/>
      <trkpt lat="67.695359405" lon="18.158541"/>
      <trkpt lat="67.695340692" lon="18.158697486"/>
      <trkpt lat="67.695318981" lon="18.159081658"/>
      <trkpt lat="67.695336288" lon="18.159415647"/>
      <trkpt lat="67.695472628" lon="18.160186815"/>
      <trkpt lat="67.695532933" lon="18.160467711"/>
      <trkpt lat="67.69562709" lon="18.160763396"/>
      <trkpt lat="67.695769744" lon="18.160992924"/>
      <trkpt lat="67.69591586" lon="18.161108848"/>
      <trkpt lat="67.696231472" lon="18.161561498"/>
      <trkpt lat="67.696281955" lon="18.161668321"/>
      <trkpt lat="67.696351739" lon="18.161725858"/>
      <trkpt lat="67.696350102" lon="18.161812032"/>
      <trkpt lat="67.696366214" lon="18.161931653"/>
      <trkpt lat="67.69639797" lon="18.16205676"/>
      <trkpt lat="67.696463961" lon="18.162176001"/>
      <trkpt lat="67.696497349" lon="18.162284049"/>
      <trkpt lat="67.696559556" lon="18.162603228"/>
      <trkpt lat="67.696619914" lon="18.162604236"/>
      <trkpt lat="67.696687749" lon="18.162972538"/>
      <trkpt lat="67.696778955" lon="18.16335427"/>
      <trkpt lat="67.696813271" lon="18.163544422"/>
      <trkpt lat="67.696795866" lon="18.163835777"/>
      <trkpt lat="67.696800263" lon="18.163955173"/>
      <trkpt lat="67.696862353" lon="18.164043616"/>
      <trkpt lat="67.696893776" lon="18.164138593"/>
      <trkpt lat="67.696984801" lon="18.164171366"/>
      <trkpt lat="67.697013851" lon="18.164321951"/>
      <trkpt lat="67.69700776" lon="18.164576302"/>
      <trkpt lat="67.696980494" lon="18.164684627"/>
      <trkpt lat="67.696992515" lon="18.164822495"/>
      <trkpt lat="67.697072696" lon="18.164937773"/>
      <trkpt lat="67.697090281" lon="18.165062373"/>
      <trkpt lat="67.697096732" lon="18.165426724"/>
      <trkpt lat="67.697134342" lon="18.165616853"/>
      <trkpt lat="67.697210974" lon="18.165850509"/>
      <trkpt lat="67.697254003" lon="18.166034372"/>
      <trkpt lat="67.697342017" lon="18.166227559"/>
      <trkpt lat="67.697446252" lon="18.166405724"/>
      <trkpt lat="67.697573849" lon="18.166470879"/>
      <trkpt lat="67.697590713" lon="18.166633869"/>
      <trkpt lat="67.697678225" lon="18.166924858"/>
      <trkpt lat="67.697805619" lon="18.167283961"/>
      <trkpt lat="67.697905816" lon="18.167464758"/>
      <trkpt lat="67.697983428" lon="18.167363004"/>
      <trkpt lat="67.698121817" lon="18.167419432"/>
      <trkpt lat="67.69842672" lon="18.167731697"/>
      <trkpt lat="67.698504593" lon="18.167899113"/>
      <trkpt lat="67.698535969" lon="18.168067496"/>
      <trkpt lat="67.698596527" lon="18.168166247"/>
      <trkpt lat="67.698747791" lon="18.168032108"/>
      <trkpt lat="67.698830142" lon="18.168102239"/>
      <trkpt lat="67.698909205" lon="18.168276794"/>
      <trkpt lat="67.698973336" lon="18.168327094"/>
      <trkpt lat="67.699197269" lon="18.168212869"/>
      <trkpt lat="67.699406612" lon="18.168310006"/>
      <trkpt lat="67.69947254" lon="18.168405963"/>
      <trkpt lat="67.699500921" lon="18.168521515"/>
      <trkpt lat="67.699583204" lon="18.16859514"/>
      <trkpt lat="67.699658882" lon="18.168737803"/>
      <trkpt lat="67.699723669" lon="18.169036376"/>
      <trkpt lat="67.699742557" lon="18.169374433"/>
      <trkpt lat="67.699769349" lon="18.169503745"/>
      <trkpt lat="67.699861087" lon="18.169781346"/>
      <trkpt lat="67.700042178" lon="18.170039136"/>
      <trkpt lat="67.700098147" lon="18.170028932"/>
      <trkpt lat="67.700191619" lon="18.170072536"/>
      <trkpt lat="67.700339312" lon="18.170270056"/>
      <trkpt lat="67.700404236" lon="18.17063157"/>
      <trkpt lat="67.700473899" lon="18.170811922"/>
      <trkpt lat="67.700583683" lon="18.171259687"/>
      <trkpt lat="67.7006576" lon="18.171849618"/>
      <trkpt lat="67.700785975" lon="18.171873308"/>
      <trkpt lat="67.700923448" lon="18.171978608"/>
      <trkpt lat="67.701096697" lon="18.172158461"/>
      <trkpt lat="67.701212738" lon="18.172414806"/>
      <trkpt lat="67.701361091" lon="18.172930524"/>
      <trkpt lat="67.701575201" lon="18.174045655"/>
      <trkpt lat="67.701674448" lon="18.174488604"/>
      <trkpt lat="67.701960991" lon="18.175494323"/>
      <trkpt lat="67.702219998" lon="18.176269249"/>
      <trkpt lat="67.702525225" lon="18.17698729"/>
      <trkpt lat="67.702598078" lon="18.177279968"/>
      <trkpt lat="67.702630303" lon="18.17747298"/>
      <trkpt lat="67.702716188" lon="18.177707936"/>
      <trkpt lat="67.702844707" lon="18.17814772"/>
      <trkpt lat="67.702892274" lon="18.178230856"/>
      <trkpt lat="67.702939734" lon="18.178390869"/>
      <trkpt lat="67.703050503" lon="18.178503221"/>
      <trkpt lat="67.703283007" lon="18.178921619"/>
      <trkpt lat="67.703401925" lon="18.179024557"/>
      <trkpt lat="67.703558487" lon="18.179244264"/>
      <trkpt lat="67.703610508" lon="18.179373429"/>
      <trkpt lat="67.703699422" lon="18.179517898"/>
      <trkpt lat="67.70380257" lon="18.179611754"/>
      <trkpt lat="67.704123381" lon="18.180066202"/>
      <trkpt lat="67.704227658" lon="18.180170714"/>
      <trkpt lat="67.704334042" lon="18.180233565"/>
      <trkpt lat="67.704511412" lon="18.180476985"/>
      <trkpt lat="67.704763954" lon="18.180747731"/>
      <trkpt lat="67.704845398" lon="18.181006617"/>
      <trkpt lat="67.704881477" lon="18.181277048"/>
      <trkpt lat="67.705002755" lon="18.181677511"/>
      <trkpt lat="67.705121772" lon="18.181986751"/>
      <trkpt lat="67.705244509" lon="18.182450343"/>
      <trkpt lat="67.705361032" lon="18.18296207"/>
      <trkpt lat="67.705584645" lon="18.183358447"/>
      <trkpt lat="67.705698229" lon="18.183673991"/>
      <trkpt lat="67.70592086" lon="18.184192621"/>
      <trkpt lat="67.706015034" lon="18.184551111"/>
      <trkpt lat="67.706625006" lon="18.185868703"/>
      <trkpt lat="67.707168755" lon="18.187457449"/>
      <trkpt lat="67.707568657" lon="18.188856137"/>
      <trkpt lat="67.708151817" lon="18.190601258"/>
      <trkpt lat="67.708300051" lon="18.190857158"/>
      <trkpt lat="67.70842498" lon="18.191019625"/>
      <trkpt lat="67.708738926" lon="18.191681961"/>
      <trkpt lat="67.708759839" lon="18.191949188"/>
      <trkpt lat="67.708854239" lon="18.192461252"/>
      <trkpt lat="67.708916211" lon="18.192708474"/>
      <trkpt lat="67.708980335" lon="18.192885322"/>
      <trkpt lat="67.709220548" lon="18.193258714"/>
      <trkpt lat="67.709249832" lon="18.193365387"/>
      <trkpt lat="67.70934814" lon="18.193561976"/>
      <trkpt lat="67.709462233" lon="18.193719609"/>
      <trkpt lat="67.709559999" lon="18.193959835"/>
      <trkpt lat="67.709728225" lon="18.194276675"/>
      <trkpt lat="67.709830212" lon="18.194587819"/>
      <trkpt lat="67.709894515" lon="18.194852049"/>
      <trkpt lat="67.710093636" lon="18.1954538"/>
      <trkpt lat="67.710183678" lon="18.19590505"/>
      <trkpt lat="67.710236461" lon="18.196275808"/>
      <trkpt lat="67.710279943" lon="18.196471083"/>
      <trkpt lat="67.710369807" lon="18.196730808"/>
      <trkpt lat="67.710402855" lon="18.196945312"/>
      <trkpt lat="67.710465653" lon="18.197125432"/>
      <trkpt lat="67.710555665" lon="18.197475911"/>
      <trkpt lat="67.710602157" lon="18.197634466"/>
      <trkpt lat="67.710686211" lon="18.197745866"/>
      <trkpt lat="67.710950185" lon="18.198259141"/>
      <trkpt lat="67.711161577" lon="18.198898952"/>
      <trkpt lat="67.711289005" lon="18.199521469"/>
      <trkpt lat="67.711320602" lon="18.199749318"/>
      <trkpt lat="67.711401175" lon="18.199833526"/>
      <trkpt lat="67.711459372" lon="18.199972967"/>
      <trkpt lat="67.711592049" lon="18.200481684"/>
      <trkpt lat="67.711750239" lon="18.200989273"/>
      <trkpt lat="67.711815792" lon="18.201152855"/>
      <trkpt lat="67.712192481" lon="18.201830487"/>
      <trkpt lat="67.712435925" lon="18.202557124"/>
      <trkpt lat="67.71268474" lon="18.20336491"/>
      <trkpt lat="67.713028627" lon="18.204217881"/>
      <trkpt lat="67.71308858" lon="18.204421309"/>
      <trkpt lat="67.713189585" lon="18.204604769"/>
      <trkpt lat="67.713450069" lon="18.205191815"/>
      <trkpt lat="67.713550946" lon="18.205590338"/>
      <trkpt lat="67.71364403" lon="18.20589746"/>
      <trkpt lat="67.713740466" lon="18.206141031"/>
      <trkpt lat="67.71381296" lon="18.206463183"/>
      <trkpt lat="67.713937174" lon="18.206830131"/>
      <trkpt lat="67.714252087" lon="18.207653812"/>
      <trkpt lat="67.714436901" lon="18.208069694"/>
      <trkpt lat="67.714597447" lon="18.20859104"/>
      <trkpt lat="67.71476748" lon="18.208965338"/>
      <trkpt lat="67.715003175" lon="18.209698195"/>
      <trkpt lat="67.715570208" lon="18.211162153"/>
      <trkpt lat="67.716161548" lon="18.212823245"/>
      <trkpt lat="67.716539215" lon="18.213928105"/>
      <trkpt lat="67.716700915" lon="18.214355536"/>
      <trkpt lat="67.716846538" lon="18.214845408"/>
      <trkpt lat="67.716964189" lon="18.21512451"/>
      <trkpt lat="67.717122356" lon="18.215427288"/>
      <trkpt lat="67.717668553" lon="18.216311611"/>
      <trkpt lat="67.717759912" lon="18.21655145"/>
      <trkpt lat="67.718011698" lon="18.216811972"/>
      <trkpt lat="67.718189635" lon="18.216961895"/>
      <trkpt lat="67.718488519" lon="18.217330692"/>
      <trkpt lat="67.718816757" lon="18.217799538"/>
      <trkpt lat="67.719142143" lon="18.218190847"/>
      <trkpt lat="67.719439496" lon="18.218579743"/>
      <trkpt lat="67.719618374" lon="18.218857472"/>
      <trkpt lat="67.719917125" lon="18.219236426"/>
      <trkpt lat="67.720114832" lon="18.219580542"/>
      <trkpt lat="67.720439408" lon="18.220059504"/>
      <trkpt lat="67.720550697" lon="18.2201689"/>
      <trkpt lat="67.720655337" lon="18.220183469"/>
      <trkpt lat="67.720740356" lon="18.220240352"/>
      <trkpt lat="67.720775088" lon="18.22033726"/>
      <trkpt lat="67.720819249" lon="18.220626823"/>
      <trkpt lat="67.720853739" lon="18.220747291"/>
      <trkpt lat="67.720945473" lon="18.221010114"/>
      <trkpt lat="67.721015462" lon="18.221156822"/>
      <trkpt lat="67.721304125" lon="18.221646608"/>
      <trkpt lat="67.721482223" lon="18.221841833"/>
      <trkpt lat="67.721647768" lon="18.222133779"/>
      <trkpt lat="67.721777453" lon="18.222433158"/>
      <trkpt lat="67.721889473" lon="18.222593124"/>
      <trkpt lat="67.722175137" lon="18.223123143"/>
      <trkpt lat="67.722422165" lon="18.223680573"/>
      <trkpt lat="67.722589098" lon="18.223962559"/>
      <trkpt lat="67.722952185" lon="18.224424301"/>
      <trkpt lat="67.723002207" lon="18.224525739"/>
      <trkpt lat="67.723029499" lon="18.224601904"/>
      <trkpt lat="67.723041216" lon="18.224700446"/>
      <trkpt lat="67.723038554" lon="18.224828227"/>
      <trkpt lat="67.723108722" lon="18.225076012"/>
      <trkpt lat="67.723151157" lon="18.225170138"/>
      <trkpt lat="67.723213074" lon="18.22523542"/>
      <trkpt lat="67.723400106" lon="18.225902908"/>
      <trkpt lat="67.723819566" lon="18.226941543"/>
      <trkpt lat="67.724076612" lon="18.227398761"/>
      <trkpt lat="67.724132726" lon="18.227527626"/>
      <trkpt lat="67.724263272" lon="18.227628388"/>
      <trkpt lat="67.724299251" lon="18.227728783"/>
      <trkpt lat="67.724397546" lon="18.22785744"/>
      <trkpt lat="67.724508028" lon="18.228158814"/>
      <trkpt lat="67.724535829" lon="18.228305751"/>
      <trkpt lat="67.724615254" lon="18.228523927"/>
      <trkpt lat="67.724648527" lon="18.228755469"/>
      <trkpt lat="67.724651772" lon="18.229045409"/>
      <trkpt lat="67.724711322" lon="18.229211555"/>
      <trkpt lat="67.725043084" lon="18.229731712"/>
      <trkpt lat="67.725214639" lon="18.229822136"/>
      <trkpt lat="67.725304505" lon="18.229903022"/>
      <trkpt lat="67.725415315" lon="18.230056208"/>
      <trkpt lat="67.725538301" lon="18.230382119"/>
      <trkpt lat="67.725572343" lon="18.230543013"/>
      <trkpt lat="67.725641542" lon="18.23134991"/>
      <trkpt lat="67.725693382" lon="18.23151889"/>
      <trkpt lat="67.725770768" lon="18.231689779"/>
      <trkpt lat="67.725961508" lon="18.232014077"/>
      <trkpt lat="67.726164032" lon="18.232430228"/>
      <trkpt lat="67.726281144" lon="18.232590667"/>
      <trkpt lat="67.726426609" lon="18.232729641"/>
      <trkpt lat="67.726569926" lon="18.232949316"/>
      <trkpt lat="67.726653536" lon="18.233369977"/>
      <trkpt lat="67.726684976" lon="18.233651946"/>
      <trkpt lat="67.726781256" lon="18.233965764"/>
      <trkpt lat="67.726854059" lon="18.234439524"/>
      <trkpt lat="67.727139099" lon="18.235023638"/>
      <trkpt lat="67.727286649" lon="18.235088692"/>
      <trkpt lat="67.727342359" lon="18.235136706"/>
      <trkpt lat="67.72740478" lon="18.235272797"/>
      <trkpt lat="67.727486106" lon="18.235316012"/>
      <trkpt lat="67.727553637" lon="18.235452502"/>
      <trkpt lat="67.727706534" lon="18.235848116"/>
      <trkpt lat="67.727766137" lon="18.236007587"/>
      <trkpt lat="67.727832304" lon="18.236386512"/>
      <trkpt lat="67.727930626" lon="18.23662977"/>
      <trkpt lat="67.728062824" lon="18.23704742"/>
      <trkpt lat="67.728194483" lon="18.237397634"/>
      <trkpt lat="67.728255914" lon="18.237624637"/>
      <trkpt lat="67.728362113" lon="18.23784828"/>
      <trkpt lat="67.728432443" lon="18.238079332"/>
      <trkpt lat="67.728530747" lon="18.238440505"/>
      <trkpt lat="67.728591219" lon="18.238755036"/>
      <trkpt lat="67.728755625" lon="18.23926609"/>
      <trkpt lat="67.728868988" lon="18.239769914"/>
      <trkpt lat="67.72921179" lon="18.240564042"/>
      <trkpt lat="67.729477776" lon="18.241018825"/>
      <trkpt lat="67.729585204" lon="18.24124598"/>
      <trkpt lat="67.729676691" lon="18.241529168"/>
      <trkpt lat="67.729788803" lon="18.241679187"/>
      <trkpt lat="67.729820381" lon="18.241829821"/>
      <trkpt lat="67.729865108" lon="18.241947782"/>
      <trkpt lat="67.730073706" lon="18.242273578"/>
      <trkpt lat="67.730325507" lon="18.242504956"/>
      <trkpt lat="67.730390376" lon="18.242533475"/>
      <trkpt lat="67.730429729" lon="18.242792498"/>
      <trkpt lat="67.730531041" lon="18.243228094"/>
      <trkpt lat="67.73071705" lon="18.243633053"/>
      <trkpt lat="67.730770342" lon="18.243785349"/>
      <trkpt lat="67.730889368" lon="18.244353681"/>
      <trkpt lat="67.730909457" lon="18.244503471"/>
      <trkpt lat="67.731104215" lon="18.244575551"/>
      <trkpt lat="67.731126649" lon="18.2446278"/>
      <trkpt lat="67.731225604" lon="18.244928459"/>
      <trkpt lat="67.731348968" lon="18.245567885"/>
      <trkpt lat="67.731448883" lon="18.24578102"/>
      <trkpt lat="67.731531663" lon="18.246157953"/>
      <trkpt lat="67.731618871" lon="18.246363391"/>
      <trkpt lat="67.731684087" lon="18.246594101"/>
      <trkpt lat="67.731796284" lon="18.246851959"/>
      <trkpt lat="67.731872091" lon="18.246931865"/>
      <trkpt lat="67.731915127" lon="18.247086757"/>
      <trkpt lat="67.732008447" lon="18.247201688"/>
      <trkpt lat="67.732172894" lon="18.247473675"/>
      <trkpt lat="67.732206114" lon="18.247590753"/>
      <trkpt lat="67.73221223" lon="18.247732748"/>
      <trkpt lat="67.732263648" lon="18.24793883"/>
      <trkpt lat="67.732486646" lon="18.248582535"/>
      <trkpt lat="67.732533032" lon="18.248781508"/>
      <trkpt lat="67.73255978" lon="18.249022769"/>
      <trkpt lat="67.732568577" lon="18.249269428"/>
      <trkpt lat="67.732558573" lon="18.249831346"/>
      <trkpt lat="67.732676751" lon="18.250230831"/>
      <trkpt lat="67.732755394" lon="18.251449859"/>
      <trkpt lat="67.732714643" lon="18.251669126"/>
      <trkpt lat="67.732698687" lon="18.251957695"/>
      <trkpt lat="67.73272616" lon="18.252482054"/>
      <trkpt lat="67.732729859" lon="18.253075375"/>
      <trkpt lat="67.732679392" lon="18.253829657"/>
      <trkpt lat="67.732639788" lon="18.253944553"/>
      <trkpt lat="67.732585536" lon="18.254344739"/>
      <trkpt lat="67.732632284" lon="18.254742554"/>
      <trkpt lat="67.732700463" lon="18.25505101"/>
      <trkpt lat="67.732765789" lon="18.255153735"/>
      <trkpt lat="67.732884587" lon="18.255159472"/>
      <trkpt lat="67.732951398" lon="18.2551275"/>
      <trkpt lat="67.733090905" lon="18.254993298"/>
      <trkpt lat="67.733156086" lon="18.254876979"/>
      <trkpt lat="67.733332133" lon="18.25467478"/>
      <trkpt lat="67.733440403" lon="18.254592091"/>
      <trkpt lat="67.733698005" lon="18.254527563"/>
      <trkpt lat="67.733755582" lon="18.254521843"/>
      <trkpt lat="67.733812528" lon="18.25457338"/>
      <trkpt lat="67.733877631" lon="18.254696297"/>
      <trkpt lat="67.733955898" lon="18.254901093"/>
      <trkpt lat="67.733979846" lon="18.255047825"/>
      <trkpt lat="67.734009129" lon="18.255589469"/>
      <trkpt lat="67.734085769" lon="18.256342516"/>
      <trkpt lat="67.734149498" lon="18.256770634"/>
      <trkpt lat="67.734177805" lon="18.257174751"/>
      <trkpt lat="67.734224667" lon="18.257452763"/>
      <trkpt lat="67.734239355" lon="18.257744206"/>
      <trkpt lat="67.734356452" lon="18.25860946"/>
      <trkpt lat="67.734407196" lon="18.258884536"/>
      <trkpt lat="67.734476749" lon="18.259100949"/>
      <trkpt lat="67.734544984" lon="18.259485739"/>
      <trkpt lat="67.734699172" lon="18.260017961"/>
      <trkpt lat="67.73483077" lon="18.260854455"/>
      <trkpt lat="67.734866792" lon="18.261171772"/>
      <trkpt lat="67.734955866" lon="18.261697017"/>
      <trkpt lat="67.735031416" lon="18.262021966"/>
      <trkpt lat="67.735057232" lon="18.262296064"/>
      <trkpt lat="67.73510981" lon="18.262576396"/>
      <trkpt lat="67.735153324" lon="18.262739481"/>
      <trkpt lat="67.735215996" lon="18.262904616"/>
      <trkpt lat="67.735283799" lon="18.263316364"/>
      <trkpt lat="67.735538042" lon="18.264324494"/>
      <trkpt lat="67.735714421" lon="18.264909704"/>
      <trkpt lat="67.735831838" lon="18.265586331"/>
      <trkpt lat="67.735977495" lon="18.266090726"/>
      <trkpt lat="67.736178794" lon="18.266634821"/>
      <trkpt lat="67.736210007" lon="18.266766254"/>
      <trkpt lat="67.736239399" lon="18.267015474"/>
      <trkpt lat="67.736285237" lon="18.267606926"/>
      <trkpt lat="67.736436017" lon="18.268192781"/>
      <trkpt lat="67.736460978" lon="18.268397724"/>
      <trkpt lat="67.736473279" lon="18.268594533"/>
      <trkpt lat="67.736471509" lon="18.26887413"/>
      <trkpt lat="67.736445184" lon="18.269582524"/>
      <trkpt lat="67.7364597" lon="18.269718929"/>
      <trkpt lat="67.736547423" lon="18.270082279"/>
      <trkpt lat="67.736603491" lon="18.270260234"/>
      <trkpt lat="67.736761143" lon="18.270567084"/>
      <trkpt lat="67.736824921" lon="18.270742495"/>
      <trkpt lat="67.736882103" lon="18.270930674"/>
      <trkpt lat="67.736976283" lon="18.271372274"/>
      <trkpt lat="67.737013171" lon="18.271467262"/>
      <trkpt lat="67.737112672" lon="18.27189597"/>
      <trkpt lat="67.73716941" lon="18.272030172"/>
      <trkpt lat="67.737300169" lon="18.272256613"/>
      <trkpt lat="67.737451595" lon="18.272387524"/>
      <trkpt lat="67.737615957" lon="18.272755817"/>
      <trkpt lat="67.737834995" lon="18.272897401"/>
      <trkpt lat="67.737950303" lon="18.273048025"/>
      <trkpt lat="67.738111108" lon="18.272903539"/>
      <trkpt lat="67.738234402" lon="18.272869642"/>
      <trkpt lat="67.738323007" lon="18.273010645"/>
      <trkpt lat="67.738423571" lon="18.273287782"/>
      <trkpt lat="67.738597102" lon="18.273559335"/>
      <trkpt lat="67.738695192" lon="18.273748557"/>
      <trkpt lat="67.73872768" lon="18.273880169"/>
      <trkpt lat="67.738741976" lon="18.274030034"/>
      <trkpt lat="67.738771669" lon="18.274751266"/>
      <trkpt lat="67.738846642" lon="18.275029057"/>
      <trkpt lat="67.738962914" lon="18.275361854"/>
      <trkpt lat="67.739084031" lon="18.275796311"/>
      <trkpt lat="67.739309462" lon="18.276767924"/>
      <trkpt lat="67.739447074" lon="18.277035631"/>
      <trkpt lat="67.739484242" lon="18.277194715"/>
      <trkpt lat="67.739501756" lon="18.277547192"/>
      <trkpt lat="67.739662646" lon="18.278218588"/>
      <trkpt lat="67.739911059" lon="18.278852238"/>
      <trkpt lat="67.74003007" lon="18.279256147"/>
      <trkpt lat="67.740095792" lon="18.27963411"/>
      <trkpt lat="67.740172892" lon="18.280431323"/>
      <trkpt lat="67.74027428" lon="18.280981678"/>
      <trkpt lat="67.740477859" lon="18.281866755"/>
      <trkpt lat="67.740580044" lon="18.282201475"/>
      <trkpt lat="67.741071335" lon="18.283164897"/>
      <trkpt lat="67.741283738" lon="18.283646397"/>
      <trkpt lat="67.741351226" lon="18.283909913"/>
      <trkpt lat="67.741618592" lon="18.284559211"/>
      <trkpt lat="67.741780467" lon="18.285085858"/>
      <trkpt lat="67.74213567" lon="18.286007676"/>
      <trkpt lat="67.74276709" lon="18.287421386"/>
      <trkpt lat="67.743025818" lon="18.287722524"/>
      <trkpt lat="67.743138699" lon="18.288028111"/>
      <trkpt lat="67.743231526" lon="18.288307911"/>
      <trkpt lat="67.743355891" lon="18.289107016"/>
      <trkpt lat="67.743457109" lon="18.289913754"/>
      <trkpt lat="67.743527128" lon="18.2902619"/>
      <trkpt lat="67.743615063" lon="18.29060863"/>
      <trkpt lat="67.743940164" lon="18.291409319"/>
      <trkpt lat="67.744269672" lon="18.292500492"/>
      <trkpt lat="67.744374555" lon="18.292744568"/>
      <trkpt lat="67.744855987" lon="18.293359981"/>
      <trkpt lat="67.745008618" lon="18.293494583"/>
      <trkpt lat="67.745067732" lon="18.293639262"/>
      <trkpt lat="67.74552406" lon="18.294225008"/>
      <trkpt lat="67.745758036" lon="18.294800087"/>
      <trkpt lat="67.745920897" lon="18.295097704"/>
      <trkpt lat="67.746036611" lon="18.295381566"/>
      <trkpt lat="67.746144138" lon="18.295523043"/>
      <trkpt lat="67.746258808" lon="18.295720641"/>
      <trkpt lat="67.746406357" lon="18.296035099"/>
      <trkpt lat="67.746406357" lon="18.296035099"/>
      <trkpt lat="67.746453407" lon="18.296123356"/>
      <trkpt lat="67.746660284" lon="18.296217482"/>
      <trkpt lat="67.746767495" lon="18.296362087"/>
      <trkpt lat="67.746976727" lon="18.296439813"/>
      <trkpt lat="67.747168378" lon="18.296704408"/>
      <trkpt lat="67.747208208" lon="18.296714189"/>
      <trkpt lat="67.747595297" lon="18.296305655"/>
      <trkpt lat="67.747750357" lon="18.296072317"/>
      <trkpt lat="67.747881281" lon="18.296041808"/>
      <trkpt lat="67.748009694" lon="18.295900007"/>
      <trkpt lat="67.74820171" lon="18.29586488"/>
      <trkpt lat="67.748232304" lon="18.29579041"/>
      <trkpt lat="67.748262222" lon="18.295760279"/>
      <trkpt lat="67.748442635" lon="18.295796085"/>
      <trkpt lat="67.748711208" lon="18.295708019"/>
      <trkpt lat="67.748794056" lon="18.295794534"/>
      <trkpt lat="67.748930521" lon="18.295814573"/>
      <trkpt lat="67.74902916" lon="18.295969383"/>
      <trkpt lat="67.74907714" lon="18.295996683"/>
      <trkpt lat="67.749198308" lon="18.29605396"/>
      <trkpt lat="67.749395527" lon="18.296091555"/>
      <trkpt lat="67.749466374" lon="18.29599915"/>
      <trkpt lat="67.749525716" lon="18.295833351"/>
      <trkpt lat="67.749688272" lon="18.29559122"/>
      <trkpt lat="67.749817833" lon="18.295581232"/>
      <trkpt lat="67.749903469" lon="18.295484841"/>
      <trkpt lat="67.750095231" lon="18.295466336"/>
      <trkpt lat="67.750187255" lon="18.29536507"/>
      <trkpt lat="67.750415237" lon="18.295317098"/>
      <trkpt lat="67.750490116" lon="18.295236218"/>
      <trkpt lat="67.750557848" lon="18.295210097"/>
      <trkpt lat="67.750752882" lon="18.295253007"/>
      <trkpt lat="67.751191991" lon="18.294744423"/>
      <trkpt lat="67.751309393" lon="18.294634739"/>
      <trkpt lat="67.751564105" lon="18.294489657"/>
      <trkpt lat="67.751700497" lon="18.294376434"/>
      <trkpt lat="67.751816969" lon="18.29432772"/>
      <trkpt lat="67.752041437" lon="18.29409614"/>
      <trkpt lat="67.752234972" lon="18.293961214"/>
      <trkpt lat="67.752376907" lon="18.293898543"/>
      <trkpt lat="67.752426999" lon="18.29378726"/>
      <trkpt lat="67.752519708" lon="18.293502825"/>
      <trkpt lat="67.752599801" lon="18.293355858"/>
      <trkpt lat="67.752937023" lon="18.29331945"/>
      <trkpt lat="67.753009209" lon="18.293277136"/>
      <trkpt lat="67.753135604" lon="18.293129523"/>
      <trkpt lat="67.753324684" lon="18.293010768"/>
      <trkpt lat="67.753569904" lon="18.29279802"/>
      <trkpt lat="67.753749419" lon="18.292478352"/>
      <trkpt lat="67.753893538" lon="18.292410347"/>
      <trkpt lat="67.754058431" lon="18.292083569"/>
      <trkpt lat="67.75411835" lon="18.292017738"/>
      <trkpt lat="67.754465916" lon="18.291854693"/>
      <trkpt lat="67.754713301" lon="18.291914239"/>
      <trkpt lat="67.754815067" lon="18.291863949"/>
      <trkpt lat="67.754879947" lon="18.291748665"/>
      <trkpt lat="67.755018523" lon="18.291630089"/>
      <trkpt lat="67.755241036" lon="18.291664786"/>
      <trkpt lat="67.755424395" lon="18.291645355"/>
      <trkpt lat="67.755511446" lon="18.291732326"/>
      <trkpt lat="67.755570183" lon="18.291744107"/>
      <trkpt lat="67.755668591" lon="18.291637927"/>
      <trkpt lat="67.755731202" lon="18.291533505"/>
      <trkpt lat="67.755850111" lon="18.291462816"/>
      <trkpt lat="67.756029774" lon="18.291409673"/>
      <trkpt lat="67.756141715" lon="18.29124384"/>
      <trkpt lat="67.756251732" lon="18.290927866"/>
      <trkpt lat="67.756362837" lon="18.290678643"/>
      <trkpt lat="67.756433766" lon="18.29058065"/>
      <trkpt lat="67.756954707" lon="18.290086082"/>
      <trkpt lat="67.757267393" lon="18.290002594"/>
      <trkpt lat="67.757363278" lon="18.2899239"/>
      <trkpt lat="67.757895802" lon="18.289636007"/>
      <trkpt lat="67.758306656" lon="18.289185263"/>
      <trkpt lat="67.758499682" lon="18.28908353"/>
      <trkpt lat="67.758762631" lon="18.288811482"/>
      <trkpt lat="67.758844146" lon="18.28870904"/>
      <trkpt lat="67.758885494" lon="18.288619006"/>
      <trkpt lat="67.759020132" lon="18.288205622"/>
      <trkpt lat="67.759086774" lon="18.28811271"/>
      <trkpt lat="67.759220134" lon="18.288060186"/>
      <trkpt lat="67.759418502" lon="18.287868877"/>
      <trkpt lat="67.759667575" lon="18.287818101"/>
      <trkpt lat="67.759976904" lon="18.288001817"/>
      <trkpt lat="67.760176164" lon="18.288011463"/>
      <trkpt lat="67.760352725" lon="18.288109134"/>
      <trkpt lat="67.760538004" lon="18.288016455"/>
      <trkpt lat="67.76066859" lon="18.288008066"/>
      <trkpt lat="67.760869428" lon="18.28794602"/>
      <trkpt lat="67.760974557" lon="18.287812742"/>
      <trkpt lat="67.761086067" lon="18.287813441"/>
      <trkpt lat="67.761122202" lon="18.287789495"/>
      <trkpt lat="67.761184467" lon="18.287846077"/>
      <trkpt lat="67.761642184" lon="18.28791121"/>
      <trkpt lat="67.761817554" lon="18.288001989"/>
      <trkpt lat="67.761902001" lon="18.288122022"/>
      <trkpt lat="67.762096615" lon="18.288192623"/>
      <trkpt lat="67.762202322" lon="18.288298246"/>
      <trkpt lat="67.76229425" lon="18.288341311"/>
      <trkpt lat="67.76262002" lon="18.288781306"/>
      <trkpt lat="67.76266909" lon="18.288875379"/>
      <trkpt lat="67.762899409" lon="18.289088641"/>
      <trkpt lat="67.762959995" lon="18.289117279"/>
      <trkpt lat="67.763131408" lon="18.289329859"/>
      <trkpt lat="67.763307789" lon="18.289354104"/>
      <trkpt lat="67.763334762" lon="18.289379181"/>
      <trkpt lat="67.763395677" lon="18.289524507"/>
      <trkpt lat="67.763428699" lon="18.289566891"/>
      <trkpt lat="67.763663143" lon="18.289647286"/>
      <trkpt lat="67.763772721" lon="18.289636679"/>
      <trkpt lat="67.763811462" lon="18.289579681"/>
      <trkpt lat="67.763905759" lon="18.28932859"/>
      <trkpt lat="67.764051149" lon="18.289038472"/>
      <trkpt lat="67.76423561" lon="18.28880804"/>
      <trkpt lat="67.76427511" lon="18.288701124"/>
      <trkpt lat="67.76438402" lon="18.288596005"/>
      <trkpt lat="67.764546636" lon="18.288279926"/>
      <trkpt lat="67.764693781" lon="18.288151078"/>
      <trkpt lat="67.764732607" lon="18.288088529"/>
      <trkpt lat="67.764755132" lon="18.287990922"/>
      <trkpt lat="67.764780847" lon="18.287960314"/>
      <trkpt lat="67.764822531" lon="18.28784807"/>
      <trkpt lat="67.764889425" lon="18.287738496"/>
      <trkpt lat="67.764983208" lon="18.287659545"/>
      <trkpt lat="67.765067413" lon="18.287518471"/>
      <trkpt lat="67.765156405" lon="18.287477897"/>
      <trkpt lat="67.7652975" lon="18.287331735"/>
      <trkpt lat="67.765505072" lon="18.286964841"/>
      <trkpt lat="67.766144418" lon="18.286015879"/>
      <trkpt lat="67.766224758" lon="18.285852162"/>
      <trkpt lat="67.766636608" lon="18.285473523"/>
      <trkpt lat="67.766799042" lon="18.285446267"/>
      <trkpt lat="67.766869463" lon="18.285381495"/>
      <trkpt lat="67.767024844" lon="18.285125707"/>
      <trkpt lat="67.767065348" lon="18.285091103"/>
      <trkpt lat="67.76731551" lon="18.28510646"/>
      <trkpt lat="67.767372736" lon="18.28507918"/>
      <trkpt lat="67.767581647" lon="18.284762378"/>
      <trkpt lat="67.767642324" lon="18.284507673"/>
      <trkpt lat="67.767873161" lon="18.284409862"/>
      <trkpt lat="67.768052065" lon="18.284406562"/>
      <trkpt lat="67.768230382" lon="18.284303193"/>
      <trkpt lat="67.768512729" lon="18.284277499"/>
      <trkpt lat="67.768644408" lon="18.284196974"/>
      <trkpt lat="67.768753483" lon="18.284080721"/>
      <trkpt lat="67.768956253" lon="18.284029938"/>
      <trkpt lat="67.769113814" lon="18.283907699"/>
      <trkpt lat="67.769233727" lon="18.283909269"/>
      <trkpt lat="67.769285826" lon="18.28394256"/>
      <trkpt lat="67.769500185" lon="18.28423749"/>
      <trkpt lat="67.769628248" lon="18.284256593"/>
      <trkpt lat="67.769952018" lon="18.284413083"/>
      <trkpt lat="67.770040416" lon="18.284550232"/>
      <trkpt lat="67.770171756" lon="18.284630805"/>
      <trkpt lat="67.770248303" lon="18.284855605"/>
      <trkpt lat="67.770599968" lon="18.285115077"/>
      <trkpt lat="67.770837597" lon="18.2855403"/>
      <trkpt lat="67.770922382" lon="18.28563818"/>
      <trkpt lat="67.770947759" lon="18.285629753"/>
      <trkpt lat="67.770992882" lon="18.285706765"/>
      <trkpt lat="67.771014896" lon="18.285781332"/>
      <trkpt lat="67.771065062" lon="18.285803312"/>
      <trkpt lat="67.771170597" lon="18.286058977"/>
      <trkpt lat="67.771231941" lon="18.286037688"/>
      <trkpt lat="67.771339413" lon="18.286165757"/>
      <trkpt lat="67.771380165" lon="18.286253423"/>
      <trkpt lat="67.771388004" lon="18.286304136"/>
      <trkpt lat="67.771468141" lon="18.286418326"/>
      <trkpt lat="67.771521998" lon="18.286612959"/>
      <trkpt lat="67.77159275" lon="18.286664905"/>
      <trkpt lat="67.77175996" lon="18.287016022"/>
      <trkpt lat="67.771820966" lon="18.287016926"/>
      <trkpt lat="67.772057687" lon="18.2867637"/>
      <trkpt lat="67.772273999" lon="18.286673082"/>
      <trkpt lat="67.772401778" lon="18.286548759"/>
      <trkpt lat="67.772593811" lon="18.286439348"/>
      <trkpt lat="67.772775295" lon="18.28641802"/>
      <trkpt lat="67.772817967" lon="18.286438757"/>
      <trkpt lat="67.772927099" lon="18.286531406"/>
      <trkpt lat="67.773201764" lon="18.286844319"/>
      <trkpt lat="67.773468691" lon="18.287464579"/>
      <trkpt lat="67.773599035" lon="18.287575702"/>
      <trkpt lat="67.773700437" lon="18.287772964"/>
      <trkpt lat="67.7738721" lon="18.287993892"/>
      <trkpt lat="67.773940394" lon="18.288147102"/>
      <trkpt lat="67.774039221" lon="18.288311658"/>
      <trkpt lat="67.774182422" lon="18.288789086"/>
      <trkpt lat="67.774203389" lon="18.288823748"/>
      <trkpt lat="67.774310192" lon="18.288867508"/>
      <trkpt lat="67.774544632" lon="18.289200533"/>
      <trkpt lat="67.775102521" lon="18.290070683"/>
      <trkpt lat="67.775211392" lon="18.290382302"/>
      <trkpt lat="67.775306413" lon="18.290595133"/>
      <trkpt lat="67.775420811" lon="18.290745141"/>
      <trkpt lat="67.775684274" lon="18.291592225"/>
      <trkpt lat="67.77587995" lon="18.292050948"/>
      <trkpt lat="67.776142204" lon="18.29257352"/>
      <trkpt lat="67.776229504" lon="18.292688224"/>
      <trkpt lat="67.776370735" lon="18.293092522"/>
      <trkpt lat="67.77655624" lon="18.293412312"/>
      <trkpt lat="67.776662779" lon="18.293675055"/>
      <trkpt lat="67.776831122" lon="18.293911924"/>
      <trkpt lat="67.776902599" lon="18.294057399"/>
      <trkpt lat="67.777106986" lon="18.294676271"/>
      <trkpt lat="67.777338143" lon="18.29529465"/>
      <trkpt lat="67.777571675" lon="18.295757024"/>
      <trkpt lat="67.777847542" lon="18.296546869"/>
      <trkpt lat="67.777979039" lon="18.296717125"/>
      <trkpt lat="67.778036041" lon="18.296858623"/>
      <trkpt lat="67.778176046" lon="18.296988114"/>
      <trkpt lat="67.778463325" lon="18.297029091"/>
      <trkpt lat="67.778651373" lon="18.297111605"/>
      <trkpt lat="67.778810908" lon="18.297253598"/>
      <trkpt lat="67.778938467" lon="18.297423446"/>
      <trkpt lat="67.779049799" lon="18.297622825"/>
      <trkpt lat="67.779464319" lon="18.29785447"/>
      <trkpt lat="67.779569362" lon="18.297948998"/>
      <trkpt lat="67.779793799" lon="18.297972883"/>
      <trkpt lat="67.779877121" lon="18.297940075"/>
      <trkpt lat="67.780126955" lon="18.297591577"/>
      <trkpt lat="67.780474592" lon="18.297295154"/>
      <trkpt lat="67.780594937" lon="18.297162089"/>
      <trkpt lat="67.780744484" lon="18.297084623"/>
      <trkpt lat="67.780971274" lon="18.297035128"/>
      <trkpt lat="67.781152191" lon="18.296948029"/>
      <trkpt lat="67.781214143" lon="18.29694644"/>
      <trkpt lat="67.781323939" lon="18.297056286"/>
      <trkpt lat="67.781543301" lon="18.297087805"/>
      <trkpt lat="67.781596601" lon="18.297044393"/>
      <trkpt lat="67.781871982" lon="18.29705733"/>
      <trkpt lat="67.782062049" lon="18.296979383"/>
      <trkpt lat="67.78224258" lon="18.296962279"/>
      <trkpt lat="67.783073233" lon="18.297061077"/>
      <trkpt lat="67.783575197" lon="18.29698944"/>
      <trkpt lat="67.784155436" lon="18.296957392"/>
      <trkpt lat="67.784397209" lon="18.296878908"/>
      <trkpt lat="67.784565279" lon="18.296719633"/>
      <trkpt lat="67.78471271" lon="18.296620687"/>
      <trkpt lat="67.784950862" lon="18.29652097"/>
      <trkpt lat="67.786281717" lon="18.296829251"/>
      <trkpt lat="67.78712752" lon="18.296845221"/>
      <trkpt lat="67.787453543" lon="18.296776268"/>
      <trkpt lat="67.787537451" lon="18.296785197"/>
      <trkpt lat="67.787655824" lon="18.296738566"/>
      <trkpt lat="67.787916071" lon="18.296573769"/>
      <trkpt lat="67.788045716" lon="18.296535427"/>
      <trkpt lat="67.788196966" lon="18.296538622"/>
      <trkpt lat="67.788297935" lon="18.296478426"/>
      <trkpt lat="67.788535831" lon="18.296400553"/>
      <trkpt lat="67.788657256" lon="18.296439269"/>
      <trkpt lat="67.789137675" lon="18.296780608"/>
      <trkpt lat="67.789527376" lon="18.296989766"/>
      <trkpt lat="67.789789618" lon="18.297075723"/>
      <trkpt lat="67.790371413" lon="18.297197947"/>
      <trkpt lat="67.790700496" lon="18.297340181"/>
      <trkpt lat="67.790754761" lon="18.29732809"/>
      <trkpt lat="67.790877584" lon="18.297475171"/>
      <trkpt lat="67.791296421" lon="18.297716307"/>
      <trkpt lat="67.791407512" lon="18.297746003"/>
      <trkpt lat="67.79179034" lon="18.29768849"/>
      <trkpt lat="67.792507225" lon="18.297221475"/>
      <trkpt lat="67.792924391" lon="18.297095924"/>
      <trkpt lat="67.793412654" lon="18.297253676"/>
      <trkpt lat="67.793757002" lon="18.297281402"/>
      <trkpt lat="67.794120805" lon="18.297141436"/>
      <trkpt lat="67.79445247" lon="18.297114201"/>
      <trkpt lat="67.794917625" lon="18.297199465"/>
      <trkpt lat="67.795005909" lon="18.297173123"/>
      <trkpt lat="67.795122956" lon="18.297033684"/>
      <trkpt lat="67.795311799" lon="18.297062724"/>
      <trkpt lat="67.795364978" lon="18.297121999"/>
      <trkpt lat="67.79543367" lon="18.29727228"/>
      <trkpt lat="67.795523402" lon="18.297594577"/>
      <trkpt lat="67.795586433" lon="18.297672774"/>
      <trkpt lat="67.796279022" lon="18.297916312"/>
      <trkpt lat="67.796504825" lon="18.298181631"/>
      <trkpt lat="67.796792076" lon="18.298185421"/>
      <trkpt lat="67.796976321" lon="18.298294408"/>
      <trkpt lat="67.797237526" lon="18.298232872"/>
      <trkpt lat="67.797458916" lon="18.298122412"/>
      <trkpt lat="67.797551799" lon="18.298016135"/>
      <trkpt lat="67.797750246" lon="18.297858546"/>
      <trkpt lat="67.797840433" lon="18.297707296"/>
      <trkpt lat="67.797912524" lon="18.297634547"/>
      <trkpt lat="67.797990956" lon="18.297589281"/>
      <trkpt lat="67.798081934" lon="18.297607907"/>
      <trkpt lat="67.798208019" lon="18.297540907"/>
      <trkpt lat="67.798462877" lon="18.29752361"/>
      <trkpt lat="67.798614325" lon="18.297464252"/>
      <trkpt lat="67.798716433" lon="18.297406501"/>
      <trkpt lat="67.798903553" lon="18.297220551"/>
      <trkpt lat="67.79918158" lon="18.297030553"/>
      <trkpt lat="67.799705561" lon="18.297052036"/>
      <trkpt lat="67.799810052" lon="18.29700826"/>
      <trkpt lat="67.800026094" lon="18.296797926"/>
      <trkpt lat="67.800277563" lon="18.29681784"/>
      <trkpt lat="67.800414489" lon="18.296859872"/>
      <trkpt lat="67.800839893" lon="18.296877719"/>
      <trkpt lat="67.801053222" lon="18.29684553"/>
      <trkpt lat="67.801351231" lon="18.296877265"/>
      <trkpt lat="67.801436121" lon="18.296927485"/>
      <trkpt lat="67.801538211" lon="18.297041307"/>
      <trkpt lat="67.802038852" lon="18.297231896"/>
      <trkpt lat="67.802204682" lon="18.297421148"/>
      <trkpt lat="67.802253605" lon="18.29744695"/>
      <trkpt lat="67.802492013" lon="18.297472345"/>
      <trkpt lat="67.802590068" lon="18.297510245"/>
      <trkpt lat="67.802961158" lon="18.297515456"/>
      <trkpt lat="67.803131372" lon="18.297416903"/>
      <trkpt lat="67.803280837" lon="18.297487735"/>
      <trkpt lat="67.80365038" lon="18.297424142"/>
      <trkpt lat="67.803725216" lon="18.297452706"/>
      <trkpt lat="67.803931293" lon="18.297385426"/>
      <trkpt lat="67.804063245" lon="18.29741321"/>
      <trkpt lat="67.804242572" lon="18.297397993"/>
      <trkpt lat="67.804393603" lon="18.297366032"/>
      <trkpt lat="67.804699509" lon="18.297220148"/>
      <trkpt lat="67.804986735" lon="18.297278202"/>
      <trkpt lat="67.805203385" lon="18.297198314"/>
      <trkpt lat="67.805341146" lon="18.297185531"/>
      <trkpt lat="67.80542614" lon="18.297228908"/>
      <trkpt lat="67.805482315" lon="18.297289808"/>
      <trkpt lat="67.805663712" lon="18.297309132"/>
      <trkpt lat="67.805871753" lon="18.297283243"/>
      <trkpt lat="67.805972209" lon="18.297163515"/>
      <trkpt lat="67.806052855" lon="18.297151512"/>
      <trkpt lat="67.806158998" lon="18.297169684"/>
      <trkpt lat="67.806380708" lon="18.297268815"/>
      <trkpt lat="67.80647659" lon="18.29727903"/>
      <trkpt lat="67.806597359" lon="18.297188923"/>
      <trkpt lat="67.806657065" lon="18.297188419"/>
      <trkpt lat="67.806731485" lon="18.297244401"/>
      <trkpt lat="67.806811695" lon="18.297431434"/>
      <trkpt lat="67.806893784" lon="18.2974951"/>
      <trkpt lat="67.807304837" lon="18.297943936"/>
      <trkpt lat="67.807364021" lon="18.297977704"/>
      <trkpt lat="67.807470372" lon="18.297982172"/>
      <trkpt lat="67.80769643" lon="18.298136702"/>
      <trkpt lat="67.807779354" lon="18.29814554"/>
      <trkpt lat="67.808114496" lon="18.297954704"/>
      <trkpt lat="67.808414906" lon="18.297828815"/>
      <trkpt lat="67.808541276" lon="18.297711839"/>
      <trkpt lat="67.808589279" lon="18.297627703"/>
      <trkpt lat="67.808641315" lon="18.297619518"/>
      <trkpt lat="67.808778032" lon="18.297675279"/>
      <trkpt lat="67.808954768" lon="18.297659785"/>
      <trkpt lat="67.809156705" lon="18.297523395"/>
      <trkpt lat="67.809226881" lon="18.297517142"/>
      <trkpt lat="67.809464244" lon="18.297611093"/>
      <trkpt lat="67.809558056" lon="18.297586761"/>
      <trkpt lat="67.809645015" lon="18.297671551"/>
      <trkpt lat="67.809705642" lon="18.297780998"/>
      <trkpt lat="67.809788148" lon="18.297817255"/>
      <trkpt lat="67.80997544" lon="18.297960801"/>
      <trkpt lat="67.810081876" lon="18.298130061"/>
      <trkpt lat="67.810273495" lon="18.298500649"/>
      <trkpt lat="67.810386054" lon="18.298608772"/>
      <trkpt lat="67.810450629" lon="18.298629389"/>
      <trkpt lat="67.810619696" lon="18.298606217"/>
      <trkpt lat="67.810702098" lon="18.298649333"/>
      <trkpt lat="67.810933024" lon="18.298825008"/>
      <trkpt lat="67.811050347" lon="18.298961109"/>
      <trkpt lat="67.811181045" lon="18.299071172"/>
      <trkpt lat="67.811464112" lon="18.299231818"/>
      <trkpt lat="67.811555103" lon="18.299392581"/>
      <trkpt lat="67.81165834" lon="18.299431056"/>
      <trkpt lat="67.811739593" lon="18.299549585"/>
      <trkpt lat="67.811821785" lon="18.299606416"/>
      <trkpt lat="67.812038834" lon="18.299670766"/>
      <trkpt lat="67.812280647" lon="18.299813291"/>
      <trkpt lat="67.812485261" lon="18.299841984"/>
      <trkpt lat="67.812640827" lon="18.300023379"/>
      <trkpt lat="67.812958521" lon="18.30012594"/>
      <trkpt lat="67.813478404" lon="18.300586555"/>
      <trkpt lat="67.813687156" lon="18.300684368"/>
      <trkpt lat="67.813745294" lon="18.30078671"/>
      <trkpt lat="67.813794007" lon="18.300826244"/>
      <trkpt lat="67.813976949" lon="18.300914439"/>
      <trkpt lat="67.814058723" lon="18.300998705"/>
      <trkpt lat="67.814197612" lon="18.3010822"/>
      <trkpt lat="67.814438296" lon="18.301128492"/>
      <trkpt lat="67.814600402" lon="18.301221335"/>
      <trkpt lat="67.814669428" lon="18.301290509"/>
      <trkpt lat="67.814724452" lon="18.301426861"/>
      <trkpt lat="67.814956084" lon="18.301726282"/>
      <trkpt lat="67.815149972" lon="18.302117823"/>
      <trkpt lat="67.815409818" lon="18.302269186"/>
      <trkpt lat="67.815468478" lon="18.302337258"/>
      <trkpt lat="67.815669036" lon="18.302461691"/>
      <trkpt lat="67.815914621" lon="18.303037331"/>
      <trkpt lat="67.815970584" lon="18.303111986"/>
      <trkpt lat="67.816056204" lon="18.303114265"/>
      <trkpt lat="67.816112691" lon="18.303154639"/>
      <trkpt lat="67.816368848" lon="18.303717691"/>
      <trkpt lat="67.816565687" lon="18.303745594"/>
      <trkpt lat="67.816626101" lon="18.303868803"/>
      <trkpt lat="67.816738132" lon="18.304011266"/>
      <trkpt lat="67.816809932" lon="18.304238712"/>
      <trkpt lat="67.816968713" lon="18.304379306"/>
      <trkpt lat="67.817041873" lon="18.304517618"/>
      <trkpt lat="67.817203664" lon="18.304631066"/>
      <trkpt lat="67.817323783" lon="18.304753796"/>
      <trkpt lat="67.817463376" lon="18.304961027"/>
      <trkpt lat="67.817750572" lon="18.305190911"/>
      <trkpt lat="67.818097656" lon="18.305578309"/>
      <trkpt lat="67.818184924" lon="18.305642589"/>
      <trkpt lat="67.818242955" lon="18.30575182"/>
      <trkpt lat="67.818294126" lon="18.305970212"/>
      <trkpt lat="67.818374116" lon="18.306171082"/>
      <trkpt lat="67.818524073" lon="18.30637944"/>
      <trkpt lat="67.818586056" lon="18.306399808"/>
      <trkpt lat="67.818850528" lon="18.306757792"/>
      <trkpt lat="67.819065792" lon="18.306938804"/>
      <trkpt lat="67.819279798" lon="18.307202108"/>
      <trkpt lat="67.819557359" lon="18.307382926"/>
      <trkpt lat="67.819656955" lon="18.307489749"/>
      <trkpt lat="67.819940268" lon="18.307973418"/>
      <trkpt lat="67.82016699" lon="18.308423564"/>
      <trkpt lat="67.820368876" lon="18.308630644"/>
      <trkpt lat="67.820448998" lon="18.308652963"/>
      <trkpt lat="67.820487239" lon="18.308698272"/>
      <trkpt lat="67.820585051" lon="18.308921687"/>
      <trkpt lat="67.820627919" lon="18.309173564"/>
      <trkpt lat="67.820652784" lon="18.309244918"/>
      <trkpt lat="67.82071911" lon="18.309320714"/>
      <trkpt lat="67.820805821" lon="18.309591028"/>
      <trkpt lat="67.820888923" lon="18.309757921"/>
      <trkpt lat="67.82112397" lon="18.310002919"/>
      <trkpt lat="67.821258059" lon="18.310230233"/>
      <trkpt lat="67.82142125" lon="18.310591186"/>
      <trkpt lat="67.821502179" lon="18.310730377"/>
      <trkpt lat="67.82165665" lon="18.311152226"/>
      <trkpt lat="67.821734672" lon="18.311311717"/>
      <trkpt lat="67.821972308" lon="18.311557017"/>
      <trkpt lat="67.822098129" lon="18.311646073"/>
      <trkpt lat="67.822256273" lon="18.3118279"/>
      <trkpt lat="67.822395786" lon="18.31187034"/>
      <trkpt lat="67.822478255" lon="18.312078402"/>
      <trkpt lat="67.8226572" lon="18.312427338"/>
      <trkpt lat="67.822892978" lon="18.312624372"/>
      <trkpt lat="67.822945611" lon="18.312746804"/>
      <trkpt lat="67.823123748" lon="18.312978879"/>
      <trkpt lat="67.823176276" lon="18.313108171"/>
      <trkpt lat="67.823225091" lon="18.313140888"/>
      <trkpt lat="67.823306018" lon="18.313280099"/>
      <trkpt lat="67.823354938" lon="18.313305958"/>
      <trkpt lat="67.823423749" lon="18.313388911"/>
      <trkpt lat="67.823555662" lon="18.313588555"/>
      <trkpt lat="67.823714083" lon="18.313921575"/>
      <trkpt lat="67.823873728" lon="18.314344041"/>
      <trkpt lat="67.823947931" lon="18.314413838"/>
      <trkpt lat="67.823977661" lon="18.31450634"/>
      <trkpt lat="67.824049377" lon="18.314569001"/>
      <trkpt lat="67.824136921" lon="18.314784503"/>
      <trkpt lat="67.824235355" lon="18.314966825"/>
      <trkpt lat="67.824384496" lon="18.315058413"/>
      <trkpt lat="67.824637676" lon="18.315367991"/>
      <trkpt lat="67.824813912" lon="18.315431902"/>
      <trkpt lat="67.82662672" lon="18.316631827"/>
      <trkpt lat="67.826734886" lon="18.316854697"/>
      <trkpt lat="67.826778726" lon="18.316876952"/>
      <trkpt lat="67.826850217" lon="18.317112692"/>
      <trkpt lat="67.826885503" lon="18.317116485"/>
      <trkpt lat="67.826930295" lon="18.31722071"/>
      <trkpt lat="67.826996188" lon="18.317245336"/>
      <trkpt lat="67.827141442" lon="18.317424686"/>
      <trkpt lat="67.827330749" lon="18.317468429"/>
      <trkpt lat="67.827685986" lon="18.317927664"/>
      <trkpt lat="67.82785288" lon="18.317992393"/>
      <trkpt lat="67.827902977" lon="18.318038716"/>
      <trkpt lat="67.827991428" lon="18.318176881"/>
      <trkpt lat="67.828109176" lon="18.318277263"/>
      <trkpt lat="67.828293678" lon="18.318490089"/>
      <trkpt lat="67.828377125" lon="18.318522457"/>
      <trkpt lat="67.828558327" lon="18.318518555"/>
      <trkpt lat="67.828749032" lon="18.318615093"/>
      <trkpt lat="67.829074894" lon="18.318685235"/>
      <trkpt lat="67.829319928" lon="18.318840255"/>
      <trkpt lat="67.829529639" lon="18.319137685"/>
      <trkpt lat="67.829665926" lon="18.31918159"/>
      <trkpt lat="67.829823496" lon="18.319134212"/>
      <trkpt lat="67.83003742" lon="18.31915723"/>
      <trkpt lat="67.830115684" lon="18.31909547"/>
      <trkpt lat="67.830202054" lon="18.319081369"/>
      <trkpt lat="67.830290001" lon="18.319108377"/>
      <trkpt lat="67.830393978" lon="18.319242383"/>
      <trkpt lat="67.830556012" lon="18.31933585"/>
      <trkpt lat="67.830867547" lon="18.319188067"/>
      <trkpt lat="67.830926322" lon="18.319100813"/>
      <trkpt lat="67.830966198" lon="18.319093407"/>
      <trkpt lat="67.831314975" lon="18.319253759"/>
      <trkpt lat="67.831385548" lon="18.319261353"/>
      <trkpt lat="67.831516563" lon="18.319216964"/>
      <trkpt lat="67.831617599" lon="18.31911086"/>
      <trkpt lat="67.831876562" lon="18.318934016"/>
      <trkpt lat="67.832109384" lon="18.318877182"/>
      <trkpt lat="67.832234321" lon="18.318797042"/>
      <trkpt lat="67.832307313" lon="18.318646973"/>
      <trkpt lat="67.832392731" lon="18.318550881"/>
      <trkpt lat="67.832867645" lon="18.318408955"/>
      <trkpt lat="67.833057006" lon="18.318593103"/>
      <trkpt lat="67.833257608" lon="18.318620535"/>
      <trkpt lat="67.833292536" lon="18.31864769"/>
      <trkpt lat="67.833318642" lon="18.318673896"/>
      <trkpt lat="67.833456885" lon="18.319022178"/>
      <trkpt lat="67.833751208" lon="18.319276125"/>
      <trkpt lat="67.83400006" lon="18.319326305"/>
      <trkpt lat="67.834175272" lon="18.319280819"/>
      <trkpt lat="67.834291531" lon="18.319334278"/>
      <trkpt lat="67.834338795" lon="18.319421257"/>
      <trkpt lat="67.834448886" lon="18.319444806"/>
      <trkpt lat="67.834657179" lon="18.31940288"/>
      <trkpt lat="67.834759399" lon="18.319507476"/>
      <trkpt lat="67.834961848" lon="18.319558516"/>
      <trkpt lat="67.835080132" lon="18.319623895"/>
      <trkpt lat="67.835170912" lon="18.319610268"/>
      <trkpt lat="67.835240266" lon="18.319553387"/>
      <trkpt lat="67.835300081" lon="18.319542276"/>
      <trkpt lat="67.835427725" lon="18.319573566"/>
      <trkpt lat="67.835569552" lon="18.319688279"/>
      <trkpt lat="67.835629044" lon="18.319554288"/>
      <trkpt lat="67.835662752" lon="18.319516968"/>
      <trkpt lat="67.835836387" lon="18.319430361"/>
      <trkpt lat="67.835977712" lon="18.319433874"/>
      <trkpt lat="67.836009126" lon="18.319402156"/>
      <trkpt lat="67.836068851" lon="18.319396885"/>
      <trkpt lat="67.836344884" lon="18.319403198"/>
      <trkpt lat="67.836416587" lon="18.319481116"/>
      <trkpt lat="67.836493507" lon="18.319506946"/>
      <trkpt lat="67.836619573" lon="18.319497117"/>
      <trkpt lat="67.836775529" lon="18.319554856"/>
      <trkpt lat="67.837045682" lon="18.319800394"/>
      <trkpt lat="67.83713327" lon="18.319850776"/>
      <trkpt lat="67.837257041" lon="18.319846551"/>
      <trkpt lat="67.837400032" lon="18.319749119"/>
      <trkpt lat="67.83748561" lon="18.319735396"/>
      <trkpt lat="67.837538321" lon="18.319767284"/>
      <trkpt lat="67.837596725" lon="18.319750636"/>
      <trkpt lat="67.837657046" lon="18.319804852"/>
      <trkpt lat="67.83779264" lon="18.319852735"/>
      <trkpt lat="67.837988264" lon="18.319887839"/>
      <trkpt lat="67.838349691" lon="18.319828467"/>
      <trkpt lat="67.838547898" lon="18.319695354"/>
      <trkpt lat="67.838829644" lon="18.319646121"/>
      <trkpt lat="67.838874799" lon="18.319697787"/>
      <trkpt lat="67.838933452" lon="18.319676019"/>
      <trkpt lat="67.839076892" lon="18.319541686"/>
      <trkpt lat="67.839185592" lon="18.319483181"/>
      <trkpt lat="67.839344854" lon="18.319584578"/>
      <trkpt lat="67.839424779" lon="18.319443404"/>
      <trkpt lat="67.839497259" lon="18.319441846"/>
      <trkpt lat="67.839691865" lon="18.319313016"/>
      <trkpt lat="67.839876789" lon="18.319372025"/>
      <trkpt lat="67.839983023" lon="18.319462014"/>
      <trkpt lat="67.840040259" lon="18.31954224"/>
      <trkpt lat="67.840510035" lon="18.319644767"/>
      <trkpt lat="67.840638097" lon="18.319602311"/>
      <trkpt lat="67.84071583" lon="18.319610681"/>
      <trkpt lat="67.840904216" lon="18.319673149"/>
      <trkpt lat="67.840949359" lon="18.319729569"/>
      <trkpt lat="67.841072236" lon="18.319794359"/>
      <trkpt lat="67.84112762" lon="18.319875318"/>
      <trkpt lat="67.841234165" lon="18.319966473"/>
      <trkpt lat="67.841351597" lon="18.320040054"/>
      <trkpt lat="67.841424246" lon="18.320033816"/>
      <trkpt lat="67.84151637" lon="18.32014217"/>
      <trkpt lat="67.841611195" lon="18.320189881"/>
      <trkpt lat="67.8419222" lon="18.32021869"/>
      <trkpt lat="67.842188563" lon="18.32015832"/>
      <trkpt lat="67.842400419" lon="18.320190513"/>
      <trkpt lat="67.842625285" lon="18.320135984"/>
      <trkpt lat="67.842746808" lon="18.320242823"/>
      <trkpt lat="67.842778131" lon="18.320231197"/>
      <trkpt lat="67.842961002" lon="18.320307145"/>
      <trkpt lat="67.843070115" lon="18.320300148"/>
      <trkpt lat="67.843182377" lon="18.320364741"/>
      <trkpt lat="67.843309945" lon="18.32026223"/>
      <trkpt lat="67.843485761" lon="18.320059912"/>
      <trkpt lat="67.843706034" lon="18.320004885"/>
      <trkpt lat="67.843901177" lon="18.319834644"/>
      <trkpt lat="67.844050025" lon="18.319636914"/>
      <trkpt lat="67.844135342" lon="18.31961235"/>
      <trkpt lat="67.844346089" lon="18.319440034"/>
      <trkpt lat="67.844610428" lon="18.319280985"/>
      <trkpt lat="67.844669753" lon="18.319197366"/>
      <trkpt lat="67.84478861" lon="18.319108906"/>
      <trkpt lat="67.845045537" lon="18.318971555"/>
      <trkpt lat="67.845170254" lon="18.318962481"/>
      <trkpt lat="67.84533674" lon="18.318999159"/>
      <trkpt lat="67.845732288" lon="18.318869228"/>
      <trkpt lat="67.845779824" lon="18.318908101"/>
      <trkpt lat="67.845884238" lon="18.318930595"/>
      <trkpt lat="67.845934429" lon="18.318981005"/>
      <trkpt lat="67.846087183" lon="18.318989952"/>
      <trkpt lat="67.846150633" lon="18.318914272"/>
      <trkpt lat="67.846373445" lon="18.318878254"/>
      <trkpt lat="67.846466253" lon="18.318734473"/>
      <trkpt lat="67.846590764" lon="18.318646613"/>
      <trkpt lat="67.846664911" lon="18.318519574"/>
      <trkpt lat="67.846991132" lon="18.318493294"/>
      <trkpt lat="67.847186518" lon="18.318316887"/>
      <trkpt lat="67.847387038" lon="18.31817627"/>
      <trkpt lat="67.847481097" lon="18.318026822"/>
      <trkpt lat="67.84768725" lon="18.317929835"/>
      <trkpt lat="67.847744753" lon="18.317846641"/>
      <trkpt lat="67.847915801" lon="18.317692243"/>
      <trkpt lat="67.848155318" lon="18.317577019"/>
      <trkpt lat="67.848276691" lon="18.317581831"/>
      <trkpt lat="67.848336518" lon="18.317538765"/>
      <trkpt lat="67.848429075" lon="18.317391961"/>
      <trkpt lat="67.848634815" lon="18.317174827"/>
      <trkpt lat="67.848802364" lon="18.317011336"/>
      <trkpt lat="67.848887469" lon="18.316975496"/>
      <trkpt lat="67.849076374" lon="18.316809792"/>
      <trkpt lat="67.849285601" lon="18.316568268"/>
      <trkpt lat="67.849486337" lon="18.316474349"/>
      <trkpt lat="67.849644307" lon="18.316326319"/>
      <trkpt lat="67.849717705" lon="18.316210446"/>
      <trkpt lat="67.850097138" lon="18.315947524"/>
      <trkpt lat="67.850354727" lon="18.315980421"/>
      <trkpt lat="67.850628392" lon="18.316198909"/>
      <trkpt lat="67.850893787" lon="18.316504852"/>
      <trkpt lat="67.85088191" lon="18.316595239"/>
      <trkpt lat="67.850972588" lon="18.316459316"/>
      <trkpt lat="67.851134588" lon="18.315932868"/>
      <trkpt lat="67.851228615" lon="18.315677534"/>
      <trkpt lat="67.851228615" lon="18.315677534"/>
      <trkpt lat="67.85130483" lon="18.315707118"/>
      <trkpt lat="67.851562051" lon="18.315905871"/>
      <trkpt lat="67.851668643" lon="18.31592803"/>
      <trkpt lat="67.852054375" lon="18.315771705"/>
      <trkpt lat="67.852183287" lon="18.315785572"/>
      <trkpt lat="67.852285389" lon="18.315705664"/>
      <trkpt lat="67.852640663" lon="18.315562095"/>
      <trkpt lat="67.852732694" lon="18.315481101"/>
      <trkpt lat="67.852983501" lon="18.315176581"/>
      <trkpt lat="67.853277908" lon="18.315186857"/>
      <trkpt lat="67.853406084" lon="18.315248765"/>
      <trkpt lat="67.85345459" lon="18.315243288"/>
      <trkpt lat="67.853508104" lon="18.315174188"/>
      <trkpt lat="67.853662659" lon="18.315094567"/>
      <trkpt lat="67.853883193" lon="18.315054122"/>
      <trkpt lat="67.854007697" lon="18.314960573"/>
      <trkpt lat="67.854067663" lon="18.31486543"/>
      <trkpt lat="67.854126567" lon="18.314839683"/>
      <trkpt lat="67.85435434" lon="18.314853484"/>
      <trkpt lat="67.854502063" lon="18.314692917"/>
      <trkpt lat="67.85466541" lon="18.314566111"/>
      <trkpt lat="67.855132552" lon="18.31462704"/>
      <trkpt lat="67.855285933" lon="18.314755827"/>
      <trkpt lat="67.855390511" lon="18.314777768"/>
      <trkpt lat="67.855494136" lon="18.314730092"/>
      <trkpt lat="67.855868955" lon="18.314364001"/>
      <trkpt lat="67.855958644" lon="18.314304129"/>
      <trkpt lat="67.85618797" lon="18.314302755"/>
      <trkpt lat="67.856447556" lon="18.314231299"/>
      <trkpt lat="67.85665515" lon="18.3140758"/>
      <trkpt lat="67.856799545" lon="18.313923964"/>
      <trkpt lat="67.85693063" lon="18.313739315"/>
      <trkpt lat="67.857052237" lon="18.313658247"/>
      <trkpt lat="67.857429091" lon="18.313144361"/>
      <trkpt lat="67.857575536" lon="18.312987504"/>
      <trkpt lat="67.857968866" lon="18.312815337"/>
      <trkpt lat="67.858176752" lon="18.312769685"/>
      <trkpt lat="67.858341964" lon="18.312546843"/>
      <trkpt lat="67.85852235" lon="18.312493003"/>
      <trkpt lat="67.858704014" lon="18.312355611"/>
      <trkpt lat="67.858791092" lon="18.312338816"/>
      <trkpt lat="67.85923628" lon="18.312130357"/>
      <trkpt lat="67.859298068" lon="18.312089921"/>
      <trkpt lat="67.859350485" lon="18.312017094"/>
      <trkpt lat="67.859411741" lon="18.311882448"/>
      <trkpt lat="67.859621995" lon="18.311810887"/>
      <trkpt lat="67.859741791" lon="18.311719143"/>
      <trkpt lat="67.85988999" lon="18.311447375"/>
      <trkpt lat="67.860566249" lon="18.311096323"/>
      <trkpt lat="67.860756216" lon="18.310802872"/>
      <trkpt lat="67.860893048" lon="18.310629254"/>
      <trkpt lat="67.861173314" lon="18.310366416"/>
      <trkpt lat="67.861248278" lon="18.310238459"/>
      <trkpt lat="67.861296355" lon="18.310191312"/>
      <trkpt lat="67.861427252" lon="18.310147826"/>
      <trkpt lat="67.861503707" lon="18.310051413"/>
      <trkpt lat="67.861620678" lon="18.309886115"/>
      <trkpt lat="67.861886325" lon="18.309417674"/>
      <trkpt lat="67.861988892" lon="18.309161893"/>
      <trkpt lat="67.862338902" lon="18.308854199"/>
      <trkpt lat="67.86244509" lon="18.308619725"/>
      <trkpt lat="67.862599729" lon="18.308442761"/>
      <trkpt lat="67.862703204" lon="18.308385857"/>
      <trkpt lat="67.862913823" lon="18.308031797"/>
      <trkpt lat="67.862945821" lon="18.308003842"/>
      <trkpt lat="67.863041633" lon="18.308061205"/>
      <trkpt lat="67.863113031" lon="18.308037478"/>
      <trkpt lat="67.86322335" lon="18.308049315"/>
      <trkpt lat="67.863480666" lon="18.307867663"/>
      <trkpt lat="67.863511867" lon="18.307891937"/>
      <trkpt lat="67.863582205" lon="18.308066894"/>
      <trkpt lat="67.863647829" lon="18.308162873"/>
      <trkpt lat="67.863724316" lon="18.308322797"/>
      <trkpt lat="67.863831094" lon="18.308308097"/>
      <trkpt lat="67.864227037" lon="18.308481381"/>
      <trkpt lat="67.864413866" lon="18.308522359"/>
      <trkpt lat="67.86474373" lon="18.308500213"/>
      <trkpt lat="67.864862942" lon="18.30857579"/>
      <trkpt lat="67.864930854" lon="18.308651093"/>
      <trkpt lat="67.865046844" lon="18.308679239"/>
      <trkpt lat="67.86518759" lon="18.308636795"/>
      <trkpt lat="67.865269635" lon="18.30856189"/>
      <trkpt lat="67.865386901" lon="18.308506461"/>
      <trkpt lat="67.865878435" lon="18.308326064"/>
      <trkpt lat="67.866093114" lon="18.308302713"/>
      <trkpt lat="67.866277466" lon="18.308403685"/>
      <trkpt lat="67.866316148" lon="18.30844843"/>
      <trkpt lat="67.866394017" lon="18.308648155"/>
      <trkpt lat="67.866512955" lon="18.30873631"/>
      <trkpt lat="67.866615699" lon="18.308890313"/>
      <trkpt lat="67.866783126" lon="18.309081154"/>
      <trkpt lat="67.866969592" lon="18.3094023"/>
      <trkpt lat="67.86712408" lon="18.309614064"/>
      <trkpt lat="67.867360476" lon="18.309695215"/>
      <trkpt lat="67.867559931" lon="18.309716635"/>
      <trkpt lat="67.867862379" lon="18.310016795"/>
      <trkpt lat="67.868140287" lon="18.310409129"/>
      <trkpt lat="67.868213546" lon="18.310706988"/>
      <trkpt lat="67.868244273" lon="18.31076048"/>
      <trkpt lat="67.86840367" lon="18.311201439"/>
      <trkpt lat="67.868435135" lon="18.311344239"/>
      <trkpt lat="67.868484106" lon="18.311717569"/>
      <trkpt lat="67.868537134" lon="18.31196307"/>
      <trkpt lat="67.868676951" lon="18.312446553"/>
      <trkpt lat="67.868766008" lon="18.313086312"/>
      <trkpt lat="67.868866271" lon="18.313543244"/>
      <trkpt lat="67.868940235" lon="18.313657161"/>
      <trkpt lat="67.868962393" lon="18.31372089"/>
      <trkpt lat="67.869034795" lon="18.314074447"/>
      <trkpt lat="67.869189953" lon="18.314654412"/>
      <trkpt lat="67.869249135" lon="18.314772321"/>
      <trkpt lat="67.869407467" lon="18.315419562"/>
      <trkpt lat="67.869499581" lon="18.315858909"/>
      <trkpt lat="67.869584266" lon="18.316096686"/>
      <trkpt lat="67.869648946" lon="18.316404812"/>
      <trkpt lat="67.869706847" lon="18.316606245"/>
      <trkpt lat="67.870151544" lon="18.317870703"/>
      <trkpt lat="67.870244242" lon="18.318169379"/>
      <trkpt lat="67.870452419" lon="18.318640205"/>
      <trkpt lat="67.870501126" lon="18.31878673"/>
      <trkpt lat="67.870879052" lon="18.319515425"/>
      <trkpt lat="67.870916855" lon="18.319617781"/>
      <trkpt lat="67.871018781" lon="18.319616488"/>
      <trkpt lat="67.871061961" lon="18.319670284"/>
      <trkpt lat="67.871096418" lon="18.319839848"/>
      <trkpt lat="67.871283083" lon="18.320504949"/>
      <trkpt lat="67.871476196" lon="18.320900481"/>
      <trkpt lat="67.871899054" lon="18.321867654"/>
      <trkpt lat="67.87211561" lon="18.321809316"/>
      <trkpt lat="67.872155871" lon="18.321766969"/>
      <trkpt lat="67.872247147" lon="18.321555028"/>
      <trkpt lat="67.872331884" lon="18.32148246"/>
      <trkpt lat="67.872397793" lon="18.321489573"/>
      <trkpt lat="67.872604206" lon="18.321231686"/>
      <trkpt lat="67.87267101" lon="18.321180528"/>
      <trkpt lat="67.87274167" lon="18.321164806"/>
      <trkpt lat="67.872919395" lon="18.321055575"/>
      <trkpt lat="67.873022065" lon="18.32096159"/>
      <trkpt lat="67.873371333" lon="18.320859193"/>
      <trkpt lat="67.874343227" lon="18.320826525"/>
      <trkpt lat="67.875153038" lon="18.320874821"/>
      <trkpt lat="67.875394953" lon="18.320633924"/>
      <trkpt lat="67.875437642" lon="18.320720255"/>
      <trkpt lat="67.875614576" lon="18.320949499"/>
      <trkpt lat="67.875728819" lon="18.320961828"/>
      <trkpt lat="67.87580091" lon="18.320852857"/>
      <trkpt lat="67.87594609" lon="18.320856849"/>
      <trkpt lat="67.876403494" lon="18.320590976"/>
      <trkpt lat="67.876910944" lon="18.320505628"/>
      <trkpt lat="67.877165436" lon="18.320556442"/>
      <trkpt lat="67.877273855" lon="18.320661549"/>
      <trkpt lat="67.877342371" lon="18.320785701"/>
      <trkpt lat="67.877398956" lon="18.320826836"/>
      <trkpt lat="67.877617939" lon="18.320897174"/>
      <trkpt lat="67.877815667" lon="18.320918515"/>
      <trkpt lat="67.877892688" lon="18.320775038"/>
      <trkpt lat="67.877991038" lon="18.320388661"/>
      <trkpt lat="67.878064022" lon="18.320221393"/>
      <trkpt lat="67.878158976" lon="18.320056495"/>
      <trkpt lat="67.878238782" lon="18.3200184"/>
      <trkpt lat="67.878801135" lon="18.320370992"/>
      <trkpt lat="67.879055985" lon="18.320398494"/>
      <trkpt lat="67.879147007" lon="18.320490054"/>
      <trkpt lat="67.879282326" lon="18.320563042"/>
      <trkpt lat="67.8793816" lon="18.320690525"/>
      <trkpt lat="67.879508667" lon="18.320727593"/>
      <trkpt lat="67.879743259" lon="18.32092807"/>
      <trkpt lat="67.879835711" lon="18.320926372"/>
      <trkpt lat="67.880030296" lon="18.320865636"/>
      <trkpt lat="67.880086882" lon="18.320906776"/>
      <trkpt lat="67.880214127" lon="18.320932188"/>
      <trkpt lat="67.88071167" lon="18.321415383"/>
      <trkpt lat="67.881078691" lon="18.321639309"/>
      <trkpt lat="67.881689831" lon="18.321797453"/>
      <trkpt lat="67.882869644" lon="18.32186343"/>
      <trkpt lat="67.883192315" lon="18.321959717"/>
      <trkpt lat="67.883543263" lon="18.322249284"/>
      <trkpt lat="67.883663253" lon="18.322460789"/>
      <trkpt lat="67.883892554" lon="18.322719144"/>
      <trkpt lat="67.884172693" lon="18.322819487"/>
      <trkpt lat="67.884313836" lon="18.322799699"/>
      <trkpt lat="67.884524388" lon="18.322845808"/>
      <trkpt lat="67.884607157" lon="18.322901469"/>
      <trkpt lat="67.884689211" lon="18.323003772"/>
      <trkpt lat="67.884807669" lon="18.323028252"/>
      <trkpt lat="67.884829639" lon="18.323030626"/>
      <trkpt lat="67.884910698" lon="18.322910908"/>
      <trkpt lat="67.885011937" lon="18.322910168"/>
      <trkpt lat="67.885210478" lon="18.323015817"/>
      <trkpt lat="67.885567526" lon="18.323104905"/>
      <trkpt lat="67.885789831" lon="18.323086842"/>
      <trkpt lat="67.886078175" lon="18.322899146"/>
      <trkpt lat="67.886237664" lon="18.322840622"/>
      <trkpt lat="67.886305451" lon="18.32276377"/>
      <trkpt lat="67.886436569" lon="18.322693761"/>
      <trkpt lat="67.886519674" lon="18.322652235"/>
      <trkpt lat="67.886633928" lon="18.322647745"/>
      <trkpt lat="67.886733897" lon="18.322540697"/>
      <trkpt lat="67.88700258" lon="18.322577905"/>
      <trkpt lat="67.887137343" lon="18.32268417"/>
      <trkpt lat="67.887235089" lon="18.322714038"/>
      <trkpt lat="67.887458773" lon="18.322714077"/>
      <trkpt lat="67.887734" lon="18.322792085"/>
      <trkpt lat="67.888007371" lon="18.322754054"/>
      <trkpt lat="67.88811734" lon="18.322698364"/>
      <trkpt lat="67.888237274" lon="18.32258583"/>
      <trkpt lat="67.888326311" lon="18.322590624"/>
      <trkpt lat="67.888359878" lon="18.322536331"/>
      <trkpt lat="67.888483073" lon="18.322448281"/>
      <trkpt lat="67.888612792" lon="18.322409203"/>
      <trkpt lat="67.888680379" lon="18.322508215"/>
      <trkpt lat="67.888734994" lon="18.322504463"/>
      <trkpt lat="67.888802613" lon="18.322482809"/>
      <trkpt lat="67.888948187" lon="18.322358561"/>
      <trkpt lat="67.889058345" lon="18.322409079"/>
      <trkpt lat="67.889158834" lon="18.322497168"/>
      <trkpt lat="67.889314128" lon="18.322687719"/>
      <trkpt lat="67.889499242" lon="18.322712551"/>
      <trkpt lat="67.889695799" lon="18.322584156"/>
      <trkpt lat="67.889745042" lon="18.322574996"/>
      <trkpt lat="67.88994583" lon="18.322644966"/>
      <trkpt lat="67.890077871" lon="18.322608337"/>
      <trkpt lat="67.890184402" lon="18.32254109"/>
      <trkpt lat="67.890269979" lon="18.322550339"/>
      <trkpt lat="67.890323714" lon="18.322486137"/>
      <trkpt lat="67.89051475" lon="18.322498031"/>
      <trkpt lat="67.890693424" lon="18.322456082"/>
      <trkpt lat="67.890870491" lon="18.322518973"/>
      <trkpt lat="67.891788409" lon="18.32307326"/>
      <trkpt lat="67.89202271" lon="18.323273622"/>
      <trkpt lat="67.892294496" lon="18.323609318"/>
      <trkpt lat="67.892386254" lon="18.323645495"/>
      <trkpt lat="67.892613629" lon="18.323652577"/>
      <trkpt lat="67.893302888" lon="18.324068442"/>
      <trkpt lat="67.893406872" lon="18.324167211"/>
      <trkpt lat="67.893642317" lon="18.324507758"/>
      <trkpt lat="67.893959984" lon="18.325076019"/>
      <trkpt lat="67.894134098" lon="18.325331175"/>
      <trkpt lat="67.894358996" lon="18.325714367"/>
      <trkpt lat="67.894654022" lon="18.326253954"/>
      <trkpt lat="67.894731405" lon="18.326367363"/>
      <trkpt lat="67.894833036" lon="18.326404624"/>
      <trkpt lat="67.894920964" lon="18.326475412"/>
      <trkpt lat="67.895140887" lon="18.326753056"/>
      <trkpt lat="67.896296607" lon="18.329593638"/>
      <trkpt lat="67.896809627" lon="18.329479761"/>
      <trkpt lat="67.897295554" lon="18.329318183"/>
      <trkpt lat="67.897499988" lon="18.328441687"/>
      <trkpt lat="67.8976719" lon="18.327905247"/>
      <trkpt lat="67.897741052" lon="18.327635945"/>
      <trkpt lat="67.897828011" lon="18.32683898"/>
      <trkpt lat="67.897979286" lon="18.32642447"/>
      <trkpt lat="67.898141376" lon="18.326113389"/>
      <trkpt lat="67.898432128" lon="18.325099288"/>
      <trkpt lat="67.89857413" lon="18.324900995"/>
      <trkpt lat="67.89867842" lon="18.324534494"/>
      <trkpt lat="67.898911804" lon="18.324033158"/>
      <trkpt lat="67.899022238" lon="18.323946544"/>
      <trkpt lat="67.899166101" lon="18.323927564"/>
      <trkpt lat="67.899263152" lon="18.323804747"/>
      <trkpt lat="67.899520614" lon="18.323226492"/>
      <trkpt lat="67.899622978" lon="18.323058167"/>
      <trkpt lat="67.899764336" lon="18.322893742"/>
      <trkpt lat="67.899887904" lon="18.322826786"/>
      <trkpt lat="67.900071628" lon="18.322496688"/>
      <trkpt lat="67.900164651" lon="18.322037067"/>
      <trkpt lat="67.900418328" lon="18.321483534"/>
      <trkpt lat="67.900547313" lon="18.321008004"/>
      <trkpt lat="67.901104758" lon="18.319570302"/>
      <trkpt lat="67.901731532" lon="18.318265528"/>
      <trkpt lat="67.902146023" lon="18.317335819"/>
      <trkpt lat="67.902396232" lon="18.316832564"/>
      <trkpt lat="67.902583315" lon="18.316551922"/>
      <trkpt lat="67.902788138" lon="18.316280435"/>
      <trkpt lat="67.902983867" lon="18.316082511"/>
      <trkpt lat="67.903213142" lon="18.316004681"/>
      <trkpt lat="67.903871402" lon="18.315576781"/>
      <trkpt lat="67.904007996" lon="18.31552723"/>
      <trkpt lat="67.90456705" lon="18.315201508"/>
      <trkpt lat="67.904920238" lon="18.314895919"/>
      <trkpt lat="67.905485718" lon="18.314271621"/>
      <trkpt lat="67.905693311" lon="18.314122838"/>
      <trkpt lat="67.906510834" lon="18.31340203"/>
      <trkpt lat="67.906658822" lon="18.313105271"/>
      <trkpt lat="67.906726301" lon="18.312924177"/>
      <trkpt lat="67.906789515" lon="18.312628311"/>
      <trkpt lat="67.90711682" lon="18.312220667"/>
      <trkpt lat="67.907389337" lon="18.311754255"/>
      <trkpt lat="67.907773633" lon="18.310928949"/>
      <trkpt lat="67.908108691" lon="18.310477306"/>
      <trkpt lat="67.908315788" lon="18.310281242"/>
      <trkpt lat="67.908423294" lon="18.310146117"/>
      <trkpt lat="67.908597565" lon="18.309999598"/>
      <trkpt lat="67.908953221" lon="18.30987069"/>
      <trkpt lat="67.90913411" lon="18.309632428"/>
      <trkpt lat="67.909440108" lon="18.309492269"/>
      <trkpt lat="67.909883925" lon="18.309424184"/>
      <trkpt lat="67.910479694" lon="18.309113984"/>
      <trkpt lat="67.911058089" lon="18.308727814"/>
      <trkpt lat="67.911228121" lon="18.308542492"/>
      <trkpt lat="67.911297974" lon="18.308302163"/>
      <trkpt lat="67.911432397" lon="18.308106186"/>
      <trkpt lat="67.911791656" lon="18.307452264"/>
      <trkpt lat="67.912252764" lon="18.306998909"/>
      <trkpt lat="67.912393706" lon="18.306723583"/>
      <trkpt lat="67.912554217" lon="18.306477591"/>
      <trkpt lat="67.912729398" lon="18.306253582"/>
      <trkpt lat="67.913067598" lon="18.30591754"/>
      <trkpt lat="67.913245412" lon="18.305687191"/>
      <trkpt lat="67.913454469" lon="18.305342577"/>
      <trkpt lat="67.913661498" lon="18.305071016"/>
      <trkpt lat="67.913840674" lon="18.304917417"/>
      <trkpt lat="67.914184009" lon="18.304441697"/>
      <trkpt lat="67.914360943" lon="18.304257993"/>
      <trkpt lat="67.914435302" lon="18.304047322"/>
      <trkpt lat="67.914657748" lon="18.303715937"/>
      <trkpt lat="67.914756807" lon="18.303528578"/>
      <trkpt lat="67.914933598" lon="18.303084249"/>
      <trkpt lat="67.915064891" lon="18.302921198"/>
      <trkpt lat="67.915343655" lon="18.302670742"/>
      <trkpt lat="67.91548522" lon="18.302495688"/>
      <trkpt lat="67.915679076" lon="18.302213951"/>
      <trkpt lat="67.915817752" lon="18.301924919"/>
      <trkpt lat="67.916002092" lon="18.301748821"/>
      <trkpt lat="67.916213126" lon="18.301489389"/>
      <trkpt lat="67.916343286" lon="18.301252686"/>
      <trkpt lat="67.916718174" lon="18.300433533"/>
      <trkpt lat="67.916867519" lon="18.300246124"/>
      <trkpt lat="67.916959802" lon="18.300017751"/>
      <trkpt lat="67.917309522" lon="18.299602869"/>
      <trkpt lat="67.917411459" lon="18.29939581"/>
      <trkpt lat="67.917534442" lon="18.299004426"/>
      <trkpt lat="67.917687794" lon="18.298737315"/>
      <trkpt lat="67.91797679" lon="18.2980738"/>
      <trkpt lat="67.918264283" lon="18.297490266"/>
      <trkpt lat="67.9185632" lon="18.296692882"/>
      <trkpt lat="67.918705634" lon="18.29644021"/>
      <trkpt lat="67.918863717" lon="18.296226148"/>
      <trkpt lat="67.91913954" lon="18.295594234"/>
      <trkpt lat="67.919394964" lon="18.295380673"/>
      <trkpt lat="67.91962455" lon="18.29507015"/>
      <trkpt lat="67.919777245" lon="18.29482629"/>
      <trkpt lat="67.919793287" lon="18.294474799"/>
      <trkpt lat="67.919882219" lon="18.29409359"/>
      <trkpt lat="67.919905437" lon="18.293837607"/>
      <trkpt lat="67.91996696" lon="18.293468049"/>
      <trkpt lat="67.91998364" lon="18.293196727"/>
      <trkpt lat="67.920066537" lon="18.292867066"/>
      <trkpt lat="67.920066202" lon="18.292826666"/>
      <trkpt lat="67.920153122" lon="18.292534389"/>
      <trkpt lat="67.920226548" lon="18.292207159"/>
      <trkpt lat="67.920327382" lon="18.291836763"/>
      <trkpt lat="67.92039603" lon="18.291621851"/>
      <trkpt lat="67.920424277" lon="18.291601483"/>
      <trkpt lat="67.920750082" lon="18.290970912"/>
      <trkpt lat="67.921022829" lon="18.29038661"/>
      <trkpt lat="67.92103339" lon="18.290314022"/>
      <trkpt lat="67.921137242" lon="18.289949661"/>
      <trkpt lat="67.921220055" lon="18.289892497"/>
      <trkpt lat="67.921240842" lon="18.28985176"/>
      <trkpt lat="67.921240088" lon="18.289791998"/>
      <trkpt lat="67.921410659" lon="18.289253879"/>
      <trkpt lat="67.921493556" lon="18.289140137"/>
      <trkpt lat="67.921522222" lon="18.289134186"/>
      <trkpt lat="67.921591792" lon="18.288986497"/>
      <trkpt lat="67.92161392" lon="18.288987335"/>
      <trkpt lat="67.921728753" lon="18.288712576"/>
      <trkpt lat="67.921801759" lon="18.288430525"/>
      <trkpt lat="67.92184501" lon="18.288149983"/>
      <trkpt lat="67.921855571" lon="18.288147468"/>
      <trkpt lat="67.921899324" lon="18.287931634"/>
      <trkpt lat="67.921955567" lon="18.287480101"/>
      <trkpt lat="67.922124127" lon="18.287229147"/>
      <trkpt lat="67.922324538" lon="18.28711113"/>
      <trkpt lat="67.92237944" lon="18.287144825"/>
      <trkpt lat="67.922464851" lon="18.28725907"/>
      <trkpt lat="67.922565015" lon="18.287271475"/>
      <trkpt lat="67.9229277" lon="18.287729882"/>
      <trkpt lat="67.923238585" lon="18.287887545"/>
      <trkpt lat="67.92337697" lon="18.287889641"/>
      <trkpt lat="67.923436146" lon="18.287813365"/>
      <trkpt lat="67.923585009" lon="18.287905566"/>
      <trkpt lat="67.923683252" lon="18.288034145"/>
      <trkpt lat="67.923760071" lon="18.287855675"/>
      <trkpt lat="67.923959191" lon="18.287650898"/>
      <trkpt lat="67.924316459" lon="18.28741512"/>
      <trkpt lat="67.924477499" lon="18.287490852"/>
      <trkpt lat="67.924611116" lon="18.287436426"/>
      <trkpt lat="67.924774131" lon="18.287160144"/>
      <trkpt lat="67.924891347" lon="18.287050256"/>
      <trkpt lat="67.92525465" lon="18.286888409"/>
      <trkpt lat="67.925341408" lon="18.286800851"/>
      <trkpt lat="67.925527393" lon="18.286501163"/>
      <trkpt lat="67.925828361" lon="18.286077962"/>
      <trkpt lat="67.926226047" lon="18.285947504"/>
      <trkpt lat="67.926425023" lon="18.286001956"/>
      <trkpt lat="67.926787799" lon="18.286245525"/>
      <trkpt lat="67.92717026" lon="18.286252549"/>
      <trkpt lat="67.927267653" lon="18.286006912"/>
      <trkpt lat="67.92743277" lon="18.286129752"/>
      <trkpt lat="67.927739759" lon="18.286159428"/>
      <trkpt lat="67.928580546" lon="18.287015144"/>
      <trkpt lat="67.928694338" lon="18.287077613"/>
      <trkpt lat="67.929252906" lon="18.286785886"/>
      <trkpt lat="67.929328155" lon="18.286641148"/>
      <trkpt lat="67.929396863" lon="18.28658096"/>
      <trkpt lat="67.929586456" lon="18.286225215"/>
      <trkpt lat="67.929722901" lon="18.286091398"/>
      <trkpt lat="67.929930802" lon="18.286010811"/>
      <trkpt lat="67.930158781" lon="18.285989532"/>
      <trkpt lat="67.930397132" lon="18.285886603"/>
      <trkpt lat="67.930497342" lon="18.285814201"/>
      <trkpt lat="67.930830661" lon="18.285461929"/>
      <trkpt lat="67.931064423" lon="18.28514891"/>
      <trkpt lat="67.931297417" lon="18.284757933"/>
      <trkpt lat="67.931854488" lon="18.284024461"/>
      <trkpt lat="67.932070522" lon="18.283595912"/>
      <trkpt lat="67.932215947" lon="18.283197371"/>
      <trkpt lat="67.932376597" lon="18.282913998"/>
      <trkpt lat="67.932691467" lon="18.282545821"/>
      <trkpt lat="67.93282954" lon="18.282518604"/>
      <trkpt lat="67.933050839" lon="18.282505753"/>
      <trkpt lat="67.933269503" lon="18.28257623"/>
      <trkpt lat="67.933528459" lon="18.282506088"/>
      <trkpt lat="67.933718901" lon="18.282486176"/>
      <trkpt lat="67.934038762" lon="18.282497693"/>
      <trkpt lat="67.934307969" lon="18.282541"/>
      <trkpt lat="67.934434755" lon="18.282337112"/>
      <trkpt lat="67.934524714" lon="18.282349827"/>
      <trkpt lat="67.934638452" lon="18.282534173"/>
      <trkpt lat="67.934738331" lon="18.282529067"/>
      <trkpt lat="67.935096376" lon="18.282379668"/>
      <trkpt lat="67.935400349" lon="18.282182809"/>
      <trkpt lat="67.935626757" lon="18.28211472"/>
      <trkpt lat="67.936403956" lon="18.282273801"/>
      <trkpt lat="67.936534665" lon="18.282401115"/>
      <trkpt lat="67.936811533" lon="18.282526642"/>
      <trkpt lat="67.937218277" lon="18.282397395"/>
      <trkpt lat="67.937306121" lon="18.282276897"/>
      <trkpt lat="67.937364889" lon="18.282292035"/>
      <trkpt lat="67.937800392" lon="18.282602911"/>
      <trkpt lat="67.938056953" lon="18.283163964"/>
      <trkpt lat="67.938204311" lon="18.283320446"/>
      <trkpt lat="67.938385938" lon="18.28328508"/>
      <trkpt lat="67.939127812" lon="18.28270494"/>
      <trkpt lat="67.939236189" lon="18.282729747"/>
      <trkpt lat="67.939488083" lon="18.282864279"/>
      <trkpt lat="67.939690352" lon="18.282898255"/>
      <trkpt lat="67.939975889" lon="18.282867187"/>
      <trkpt lat="67.940520041" lon="18.282583123"/>
      <trkpt lat="67.940770418" lon="18.282572495"/>
      <trkpt lat="67.941187658" lon="18.282418626"/>
      <trkpt lat="67.941364944" lon="18.282461586"/>
      <trkpt lat="67.941732377" lon="18.282795957"/>
      <trkpt lat="67.942089055" lon="18.283158917"/>
      <trkpt lat="67.942411841" lon="18.283384436"/>
      <trkpt lat="67.94251967" lon="18.283432202"/>
      <trkpt lat="67.942608152" lon="18.283512948"/>
      <trkpt lat="67.942690546" lon="18.283536667"/>
      <trkpt lat="67.942769654" lon="18.283490665"/>
      <trkpt lat="67.942877538" lon="18.283327634"/>
      <trkpt lat="67.942947165" lon="18.283263567"/>
      <trkpt lat="67.94301184" lon="18.283251381"/>
      <trkpt lat="67.943284255" lon="18.282990829"/>
      <trkpt lat="67.943642038" lon="18.282889536"/>
      <trkpt lat="67.944053121" lon="18.28299484"/>
      <trkpt lat="67.94415154" lon="18.283073984"/>
      <trkpt lat="67.944554965" lon="18.283293298"/>
      <trkpt lat="67.944624549" lon="18.283387336"/>
      <trkpt lat="67.944702756" lon="18.283361224"/>
      <trkpt lat="67.94491561" lon="18.283627604"/>
      <trkpt lat="67.945016807" lon="18.283694007"/>
      <trkpt lat="67.945226244" lon="18.283739097"/>
      <trkpt lat="67.94534759" lon="18.283687024"/>
      <trkpt lat="67.945428792" lon="18.283552433"/>
      <trkpt lat="67.945619785" lon="18.283383581"/>
      <trkpt lat="67.945671314" lon="18.283247298"/>
      <trkpt lat="67.945729148" lon="18.283158187"/>
      <trkpt lat="67.945786738" lon="18.283131617"/>
      <trkpt lat="67.945851717" lon="18.283159016"/>
      <trkpt lat="67.94592618" lon="18.283151773"/>
      <trkpt lat="67.946116975" lon="18.282834627"/>
      <trkpt lat="67.946251075" lon="18.282662807"/>
      <trkpt lat="67.946367426" lon="18.282560465"/>
      <trkpt lat="67.946469217" lon="18.282393079"/>
      <trkpt lat="67.946587426" lon="18.28226469"/>
      <trkpt lat="67.94666776" lon="18.282218897"/>
      <trkpt lat="67.946732202" lon="18.282216542"/>
      <trkpt lat="67.946872562" lon="18.282302723"/>
      <trkpt lat="67.946916741" lon="18.2822673"/>
      <trkpt lat="67.946949127" lon="18.282206865"/>
      <trkpt lat="67.947045733" lon="18.281840942"/>
      <trkpt lat="67.94708378" lon="18.281333383"/>
      <trkpt lat="67.94711269" lon="18.281315177"/>
      <trkpt lat="67.947254287" lon="18.281348865"/>
      <trkpt lat="67.947365157" lon="18.281268653"/>
      <trkpt lat="67.947426779" lon="18.281176864"/>
      <trkpt lat="67.94749406" lon="18.280882603"/>
      <trkpt lat="67.947541592" lon="18.280588392"/>
      <trkpt lat="67.947573547" lon="18.280327724"/>
      <trkpt lat="67.947577956" lon="18.28019057"/>
      <trkpt lat="67.947704695" lon="18.279672974"/>
      <trkpt lat="67.947832564" lon="18.279372237"/>
      <trkpt lat="67.947999168" lon="18.279104115"/>
      <trkpt lat="67.94822914" lon="18.278603455"/>
      <trkpt lat="67.94838169" lon="18.278355991"/>
      <trkpt lat="67.948459692" lon="18.278237472"/>
      <trkpt lat="67.948505542" lon="18.278228584"/>
      <trkpt lat="67.948781435" lon="18.27792912"/>
      <trkpt lat="67.949172535" lon="18.277609169"/>
      <trkpt lat="67.949353668" lon="18.277405776"/>
      <trkpt lat="67.949545747" lon="18.277315811"/>
      <trkpt lat="67.949651296" lon="18.277339704"/>
      <trkpt lat="67.949845766" lon="18.277305922"/>
      <trkpt lat="67.949934451" lon="18.277205558"/>
      <trkpt lat="67.950035318" lon="18.277005421"/>
      <trkpt lat="67.950119543" lon="18.276884613"/>
      <trkpt lat="67.950469644" lon="18.276630148"/>
      <trkpt lat="67.950549136" lon="18.276607057"/>
      <trkpt lat="67.95079295" lon="18.276627363"/>
      <trkpt lat="67.950953054" lon="18.276479602"/>
      <trkpt lat="67.951047742" lon="18.276439297"/>
      <trkpt lat="67.9512728" lon="18.276417115"/>
      <trkpt lat="67.951649254" lon="18.276196488"/>
      <trkpt lat="67.95180117" lon="18.276136037"/>
      <trkpt lat="67.952389137" lon="18.276051883"/>
      <trkpt lat="67.953135059" lon="18.276072414"/>
      <trkpt lat="67.95341052" lon="18.276111049"/>
      <trkpt lat="67.953570277" lon="18.276084707"/>
      <trkpt lat="67.953748831" lon="18.275992495"/>
      <trkpt lat="67.953991342" lon="18.275802402"/>
      <trkpt lat="67.954321311" lon="18.275511719"/>
      <trkpt lat="67.954606023" lon="18.275203762"/>
      <trkpt lat="67.9556665" lon="18.274320231"/>
      <trkpt lat="67.956013377" lon="18.274097961"/>
      <trkpt lat="67.956484115" lon="18.273961676"/>
      <trkpt lat="67.956662817" lon="18.273862883"/>
      <trkpt lat="67.956776724" lon="18.273845423"/>
      <trkpt lat="67.957031025" lon="18.273998781"/>
      <trkpt lat="67.957312422" lon="18.273887278"/>
      <trkpt lat="67.957612694" lon="18.273920099"/>
      <trkpt lat="67.958996229" lon="18.274856399"/>
      <trkpt lat="67.959086108" lon="18.274864572"/>
      <trkpt lat="67.959205343" lon="18.27493668"/>
      <trkpt lat="67.959291587" lon="18.274888422"/>
      <trkpt lat="67.959388946" lon="18.274786149"/>
      <trkpt lat="67.959475168" lon="18.274685338"/>
      <trkpt lat="67.9595256" lon="18.274585212"/>
      <trkpt lat="67.959943063" lon="18.274085437"/>
      <trkpt lat="67.960167826" lon="18.273559855"/>
      <trkpt lat="67.961162835" lon="18.272013643"/>
      <trkpt lat="67.961596644" lon="18.271222634"/>
      <trkpt lat="67.962118299" lon="18.270475425"/>
      <trkpt lat="67.962482398" lon="18.26979685"/>
      <trkpt lat="67.963100728" lon="18.26908143"/>
      <trkpt lat="67.96342594" lon="18.268928961"/>
      <trkpt lat="67.963603004" lon="18.26873162"/>
      <trkpt lat="67.963951067" lon="18.268401712"/>
      <trkpt lat="67.9642995" lon="18.268258718"/>
      <trkpt lat="67.964396634" lon="18.268195532"/>
      <trkpt lat="67.964449553" lon="18.268126808"/>
      <trkpt lat="67.964899669" lon="18.267872"/>
      <trkpt lat="67.965144832" lon="18.267791389"/>
      <trkpt lat="67.965377466" lon="18.267653485"/>
      <trkpt lat="67.965676817" lon="18.267432149"/>
      <trkpt lat="67.965777175" lon="18.267395596"/>
      <trkpt lat="67.965939818" lon="18.267386568"/>
      <trkpt lat="67.966411573" lon="18.267508197"/>
      <trkpt lat="67.966550811" lon="18.267430657"/>
      <trkpt lat="67.967263431" lon="18.267713752"/>
      <trkpt lat="67.967495808" lon="18.267867588"/>
      <trkpt lat="67.96807407" lon="18.268022329"/>
      <trkpt lat="67.968220215" lon="18.267971853"/>
      <trkpt lat="67.968520271" lon="18.267780107"/>
      <trkpt lat="67.96913032" lon="18.267738864"/>
      <trkpt lat="67.969329856" lon="18.26766233"/>
      <trkpt lat="67.969627614" lon="18.267322726"/>
      <trkpt lat="67.970069993" lon="18.266879983"/>
      <trkpt lat="67.97091032" lon="18.265792127"/>
      <trkpt lat="67.971135087" lon="18.265472809"/>
      <trkpt lat="67.97142657" lon="18.264974951"/>
      <trkpt lat="67.971564223" lon="18.264837406"/>
      <trkpt lat="67.971912767" lon="18.264377753"/>
      <trkpt lat="67.971989067" lon="18.264157506"/>
      <trkpt lat="67.972113163" lon="18.264021609"/>
      <trkpt lat="67.972145618" lon="18.26392062"/>
      <trkpt lat="67.972185527" lon="18.263669795"/>
      <trkpt lat="67.972233675" lon="18.26358709"/>
      <trkpt lat="67.97225657" lon="18.263506259"/>
      <trkpt lat="67.972277036" lon="18.263277667"/>
      <trkpt lat="67.972397001" lon="18.263167517"/>
      <trkpt lat="67.972555368" lon="18.262822708"/>
      <trkpt lat="67.972611286" lon="18.262790059"/>
      <trkpt lat="67.972753831" lon="18.262580991"/>
      <trkpt lat="67.972848308" lon="18.262523486"/>
      <trkpt lat="67.973080865" lon="18.26230223"/>
      <trkpt lat="67.973155624" lon="18.262173533"/>
      <trkpt lat="67.973230878" lon="18.262015411"/>
      <trkpt lat="67.973343119" lon="18.261560202"/>
      <trkpt lat="67.973561569" lon="18.261081635"/>
      <trkpt lat="67.973605475" lon="18.260739494"/>
      <trkpt lat="67.973772623" lon="18.259727162"/>
      <trkpt lat="67.973869375" lon="18.259388046"/>
      <trkpt lat="67.973987678" lon="18.2590843"/>
      <trkpt lat="67.974116004" lon="18.258696536"/>
      <trkpt lat="67.974292047" lon="18.25832428"/>
      <trkpt lat="67.974463972" lon="18.257758171"/>
      <trkpt lat="67.974707478" lon="18.257325148"/>
      <trkpt lat="67.97475978" lon="18.257141311"/>
      <trkpt lat="67.97479834" lon="18.256896836"/>
      <trkpt lat="67.974837485" lon="18.25676385"/>
      <trkpt lat="67.974926057" lon="18.256545013"/>
      <trkpt lat="67.975032937" lon="18.256334918"/>
      <trkpt lat="67.97514744" lon="18.256037235"/>
      <trkpt lat="67.975564411" lon="18.255457715"/>
      <trkpt lat="67.97567975" lon="18.255183081"/>
      <trkpt lat="67.975798762" lon="18.255056329"/>
      <trkpt lat="67.976092154" lon="18.254875024"/>
      <trkpt lat="67.97650254" lon="18.254760124"/>
      <trkpt lat="67.97666487" lon="18.254690983"/>
      <trkpt lat="67.97691725" lon="18.254534267"/>
      <trkpt lat="67.977625209" lon="18.253989414"/>
      <trkpt lat="67.977718149" lon="18.253875948"/>
      <trkpt lat="67.978514399" lon="18.253348119"/>
      <trkpt lat="67.978611394" lon="18.25335968"/>
      <trkpt lat="67.979149036" lon="18.253066505"/>
      <trkpt lat="67.979317735" lon="18.253057123"/>
      <trkpt lat="67.97955637" lon="18.252839749"/>
      <trkpt lat="67.979699017" lon="18.252843648"/>
      <trkpt lat="67.979800529" lon="18.252806575"/>
      <trkpt lat="67.979949913" lon="18.252555585"/>
      <trkpt lat="67.980503864" lon="18.252316756"/>
      <trkpt lat="67.980598876" lon="18.252226484"/>
      <trkpt lat="67.980749937" lon="18.252169083"/>
      <trkpt lat="67.980802766" lon="18.252099975"/>
      <trkpt lat="67.980971677" lon="18.252005381"/>
      <trkpt lat="67.981122987" lon="18.2518595"/>
      <trkpt lat="67.981195918" lon="18.251838701"/>
      <trkpt lat="67.981319599" lon="18.251873122"/>
      <trkpt lat="67.981700503" lon="18.251902132"/>
      <trkpt lat="67.982088639" lon="18.251866446"/>
      <trkpt lat="67.982160364" lon="18.251917625"/>
      <trkpt lat="67.982285215" lon="18.251955468"/>
      <trkpt lat="67.982738392" lon="18.252002929"/>
      <trkpt lat="67.982876911" lon="18.252032569"/>
      <trkpt lat="67.982927827" lon="18.252077982"/>
      <trkpt lat="67.983080353" lon="18.252299433"/>
      <trkpt lat="67.983269619" lon="18.252823629"/>
      <trkpt lat="67.983413897" lon="18.253096556"/>
      <trkpt lat="67.983490356" lon="18.25330566"/>
      <trkpt lat="67.983678374" lon="18.253977262"/>
      <trkpt lat="67.983758438" lon="18.254117955"/>
      <trkpt lat="67.983845616" lon="18.254348029"/>
      <trkpt lat="67.98401547" lon="18.254709284"/>
      <trkpt lat="67.98417199" lon="18.254839449"/>
      <trkpt lat="67.984401832" lon="18.255145579"/>
      <trkpt lat="67.984499943" lon="18.255163841"/>
      <trkpt lat="67.984680125" lon="18.255057485"/>
      <trkpt lat="67.984837044" lon="18.255017191"/>
      <trkpt lat="67.985190072" lon="18.254728169"/>
      <trkpt lat="67.985262901" lon="18.254713919"/>
      <trkpt lat="67.985336791" lon="18.25470963"/>
      <trkpt lat="67.985397738" lon="18.254743133"/>
      <trkpt lat="67.985478462" lon="18.254844561"/>
      <trkpt lat="67.985552593" lon="18.254899327"/>
      <trkpt lat="67.985745812" lon="18.254968291"/>
      <trkpt lat="67.985896101" lon="18.254956717"/>
      <trkpt lat="67.986053527" lon="18.254753262"/>
      <trkpt lat="67.986318656" lon="18.254593825"/>
      <trkpt lat="67.986691534" lon="18.254509721"/>
      <trkpt lat="67.986850885" lon="18.254412773"/>
      <trkpt lat="67.987056461" lon="18.254394914"/>
      <trkpt lat="67.987155702" lon="18.254351055"/>
      <trkpt lat="67.987247972" lon="18.254345446"/>
      <trkpt lat="67.987493172" lon="18.254428609"/>
      <trkpt lat="67.987619672" lon="18.2545461"/>
      <trkpt lat="67.987821086" lon="18.254665168"/>
      <trkpt lat="67.987904546" lon="18.254612366"/>
      <trkpt lat="67.988037648" lon="18.254478669"/>
      <trkpt lat="67.988235041" lon="18.254384236"/>
      <trkpt lat="67.988320277" lon="18.254420126"/>
      <trkpt lat="67.988840296" lon="18.254292897"/>
      <trkpt lat="67.988958086" lon="18.254300975"/>
      <trkpt lat="67.989103055" lon="18.254359072"/>
      <trkpt lat="67.989435136" lon="18.254344075"/>
      <trkpt lat="67.989533846" lon="18.254382004"/>
      <trkpt lat="67.989735298" lon="18.25455679"/>
      <trkpt lat="67.990115078" lon="18.254552329"/>
      <trkpt lat="67.990369605" lon="18.254486242"/>
      <trkpt lat="67.990615042" lon="18.254500651"/>
      <trkpt lat="67.990670121" lon="18.254567976"/>
      <trkpt lat="67.990758267" lon="18.254754999"/>
      <trkpt lat="67.991039199" lon="18.255177705"/>
      <trkpt lat="67.991347803" lon="18.255512934"/>
      <trkpt lat="67.99163471" lon="18.255713836"/>
      <trkpt lat="67.99192333" lon="18.256121372"/>
      <trkpt lat="67.992181262" lon="18.256412872"/>
      <trkpt lat="67.992372742" lon="18.256537"/>
      <trkpt lat="67.993099679" lon="18.25678854"/>
      <trkpt lat="67.993246401" lon="18.256879685"/>
      <trkpt lat="67.993371116" lon="18.256908505"/>
      <trkpt lat="67.993643174" lon="18.256769748"/>
      <trkpt lat="67.993922588" lon="18.256517434"/>
      <trkpt lat="67.994460578" lon="18.255895005"/>
      <trkpt lat="67.994634315" lon="18.255757631"/>
      <trkpt lat="67.9947656" lon="18.25559415"/>
      <trkpt lat="67.994904555" lon="18.255359771"/>
      <trkpt lat="67.995388623" lon="18.254902703"/>
      <trkpt lat="67.995870881" lon="18.254645176"/>
      <trkpt lat="67.996207957" lon="18.254339358"/>
      <trkpt lat="67.996843505" lon="18.253980663"/>
      <trkpt lat="67.997654294" lon="18.253356976"/>
      <trkpt lat="67.997771197" lon="18.25334855"/>
      <trkpt lat="67.997938039" lon="18.253131457"/>
      <trkpt lat="67.998186543" lon="18.252887475"/>
      <trkpt lat="67.998663757" lon="18.252520999"/>
      <trkpt lat="67.998817154" lon="18.252357561"/>
      <trkpt lat="67.999276526" lon="18.25213143"/>
      <trkpt lat="67.999403984" lon="18.252009626"/>
      <trkpt lat="67.999512559" lon="18.251962783"/>
      <trkpt lat="67.999805254" lon="18.251979574"/>
      <trkpt lat="67.999888817" lon="18.251957835"/>
      <trkpt lat="68.000064927" lon="18.251844228"/>
      <trkpt lat="68.000308423" lon="18.25161821"/>
      <trkpt lat="68.000554183" lon="18.251451205"/>
      <trkpt lat="68.000789279" lon="18.251373586"/>
      <trkpt lat="68.001626392" lon="18.250833995"/>
      <trkpt lat="68.001890488" lon="18.250614678"/>
      <trkpt lat="68.002070617" lon="18.250537565"/>
      <trkpt lat="68.002310756" lon="18.250350035"/>
      <trkpt lat="68.002476102" lon="18.250123832"/>
      <trkpt lat="68.002603845" lon="18.250041153"/>
      <trkpt lat="68.002720615" lon="18.250060833"/>
      <trkpt lat="68.002821982" lon="18.249957395"/>
      <trkpt lat="68.002929659" lon="18.249587904"/>
      <trkpt lat="68.003067683" lon="18.249432008"/>
      <trkpt lat="68.003517371" lon="18.249162528"/>
      <trkpt lat="68.003676885" lon="18.249130768"/>
      <trkpt lat="68.003849764" lon="18.249153412"/>
      <trkpt lat="68.004028963" lon="18.249115193"/>
      <trkpt lat="68.004280497" lon="18.248962145"/>
      <trkpt lat="68.004924559" lon="18.249096767"/>
      <trkpt lat="68.005266681" lon="18.24908928"/>
      <trkpt lat="68.005322486" lon="18.249053088"/>
      <trkpt lat="68.005553204" lon="18.2488509"/>
      <trkpt lat="68.00578838" lon="18.248460502"/>
      <trkpt lat="68.006065516" lon="18.248360616"/>
      <trkpt lat="68.006238664" lon="18.247907623"/>
      <trkpt lat="68.006300986" lon="18.247699842"/>
      <trkpt lat="68.006385091" lon="18.247603251"/>
      <trkpt lat="68.00652778" lon="18.247353663"/>
      <trkpt lat="68.006724419" lon="18.247197835"/>
      <trkpt lat="68.006866874" lon="18.247267462"/>
      <trkpt lat="68.007137143" lon="18.247612746"/>
      <trkpt lat="68.007255513" lon="18.2476164"/>
      <trkpt lat="68.007346275" lon="18.247651227"/>
      <trkpt lat="68.007583051" lon="18.247554308"/>
      <trkpt lat="68.007665496" lon="18.247424849"/>
      <trkpt lat="68.007782224" lon="18.247291385"/>
      <trkpt lat="68.007925922" lon="18.247256956"/>
      <trkpt lat="68.008084515" lon="18.247264122"/>
      <trkpt lat="68.008547654" lon="18.246993533"/>
      <trkpt lat="68.009175074" lon="18.24679951"/>
      <trkpt lat="68.009649394" lon="18.246521005"/>
      <trkpt lat="68.009800461" lon="18.246526871"/>
      <trkpt lat="68.009948522" lon="18.246644178"/>
      <trkpt lat="68.010123002" lon="18.246650767"/>
      <trkpt lat="68.010282528" lon="18.246566849"/>
      <trkpt lat="68.010496555" lon="18.246501911"/>
      <trkpt lat="68.010611987" lon="18.246507952"/>
      <trkpt lat="68.010685092" lon="18.24639355"/>
      <trkpt lat="68.010713551" lon="18.246213463"/>
      <trkpt lat="68.010871368" lon="18.245850434"/>
      <trkpt lat="68.011002943" lon="18.245729426"/>
      <trkpt lat="68.01122952" lon="18.245598121"/>
      <trkpt lat="68.011257772" lon="18.245479577"/>
      <trkpt lat="68.011319659" lon="18.244667029"/>
      <trkpt lat="68.011355613" lon="18.2445303"/>
      <trkpt lat="68.011407477" lon="18.244441566"/>
      <trkpt lat="68.011527168" lon="18.244308865"/>
      <trkpt lat="68.011598411" lon="18.244275201"/>
      <trkpt lat="68.011751047" lon="18.244241931"/>
      <trkpt lat="68.011817779" lon="18.244298276"/>
      <trkpt lat="68.011888351" lon="18.244293678"/>
      <trkpt lat="68.012099812" lon="18.243975064"/>
      <trkpt lat="68.012294196" lon="18.243501299"/>
      <trkpt lat="68.01245183" lon="18.24304092"/>
      <trkpt lat="68.012491066" lon="18.242972788"/>
      <trkpt lat="68.012537426" lon="18.242964216"/>
      <trkpt lat="68.01264773" lon="18.243027723"/>
      <trkpt lat="68.01275601" lon="18.243126553"/>
      <trkpt lat="68.012867716" lon="18.243287566"/>
      <trkpt lat="68.01300373" lon="18.243342317"/>
      <trkpt lat="68.013094715" lon="18.243295673"/>
      <trkpt lat="68.013401951" lon="18.243038171"/>
      <trkpt lat="68.013598046" lon="18.242911539"/>
      <trkpt lat="68.013860975" lon="18.242679158"/>
      <trkpt lat="68.013990462" lon="18.242648571"/>
      <trkpt lat="68.014297212" lon="18.242728144"/>
      <trkpt lat="68.014422601" lon="18.242664464"/>
      <trkpt lat="68.014654422" lon="18.242819898"/>
      <trkpt lat="68.014811515" lon="18.24283344"/>
      <trkpt lat="68.015036833" lon="18.242950199"/>
      <trkpt lat="68.015142686" lon="18.243048652"/>
      <trkpt lat="68.015216367" lon="18.243067227"/>
      <trkpt lat="68.015378764" lon="18.243329952"/>
      <trkpt lat="68.015439227" lon="18.24339501"/>
      <trkpt lat="68.015626113" lon="18.243351147"/>
      <trkpt lat="68.016034554" lon="18.243499325"/>
      <trkpt lat="68.016269431" lon="18.243534686"/>
      <trkpt lat="68.016400756" lon="18.243582222"/>
      <trkpt lat="68.016526351" lon="18.243667706"/>
      <trkpt lat="68.016897651" lon="18.244056216"/>
      <trkpt lat="68.016996038" lon="18.244215083"/>
      <trkpt lat="68.017119131" lon="18.244514168"/>
      <trkpt lat="68.017195349" lon="18.244633691"/>
      <trkpt lat="68.01735549" lon="18.244819394"/>
      <trkpt lat="68.017515093" lon="18.245062903"/>
      <trkpt lat="68.017590373" lon="18.245117421"/>
      <trkpt lat="68.017863968" lon="18.245107305"/>
      <trkpt lat="68.018452111" lon="18.24499647"/>
      <trkpt lat="68.018658033" lon="18.245075747"/>
      <trkpt lat="68.018716504" lon="18.24506914"/>
      <trkpt lat="68.01876908" lon="18.245106982"/>
      <trkpt lat="68.019047748" lon="18.245561383"/>
      <trkpt lat="68.019123637" lon="18.245641974"/>
      <trkpt lat="68.019168157" lon="18.245766026"/>
      <trkpt lat="68.019207181" lon="18.245970272"/>
      <trkpt lat="68.019282002" lon="18.246254973"/>
      <trkpt lat="68.019544374" lon="18.247099117"/>
      <trkpt lat="68.019627083" lon="18.247343923"/>
      <trkpt lat="68.01977748" lon="18.247670264"/>
      <trkpt lat="68.019902185" lon="18.248057237"/>
      <trkpt lat="68.019995126" lon="18.248241168"/>
      <trkpt lat="68.020348972" lon="18.248701546"/>
      <trkpt lat="68.020430202" lon="18.248919217"/>
      <trkpt lat="68.020629956" lon="18.249370447"/>
      <trkpt lat="68.020726202" lon="18.249464128"/>
      <trkpt lat="68.020793531" lon="18.249494683"/>
      <trkpt lat="68.02090048" lon="18.249492839"/>
      <trkpt lat="68.020960296" lon="18.249428089"/>
      <trkpt lat="68.021011917" lon="18.249297131"/>
      <trkpt lat="68.021090401" lon="18.248950069"/>
      <trkpt lat="68.02139271" lon="18.248380413"/>
      <trkpt lat="68.021552023" lon="18.248163401"/>
      <trkpt lat="68.021956777" lon="18.248101319"/>
      <trkpt lat="68.022106508" lon="18.248037376"/>
      <trkpt lat="68.022342008" lon="18.247888037"/>
      <trkpt lat="68.02260381" lon="18.247914915"/>
      <trkpt lat="68.022755457" lon="18.247871758"/>
      <trkpt lat="68.023313989" lon="18.247437835"/>
      <trkpt lat="68.023942758" lon="18.246875863"/>
      <trkpt lat="68.02413053" lon="18.246762998"/>
      <trkpt lat="68.024295246" lon="18.246620234"/>
      <trkpt lat="68.024621625" lon="18.246174775"/>
      <trkpt lat="68.02488057" lon="18.246007141"/>
      <trkpt lat="68.025155837" lon="18.245939898"/>
      <trkpt lat="68.025284405" lon="18.24579876"/>
      <trkpt lat="68.025398579" lon="18.245755142"/>
      <trkpt lat="68.025503796" lon="18.245723573"/>
      <trkpt lat="68.025651794" lon="18.245794461"/>
      <trkpt lat="68.025930126" lon="18.245796836"/>
      <trkpt lat="68.026301097" lon="18.245862832"/>
      <trkpt lat="68.026510869" lon="18.245832829"/>
      <trkpt lat="68.026818432" lon="18.24570701"/>
      <trkpt lat="68.027384778" lon="18.245840676"/>
      <trkpt lat="68.027609904" lon="18.245852724"/>
      <trkpt lat="68.027813378" lon="18.245951455"/>
      <trkpt lat="68.028412229" lon="18.245953457"/>
      <trkpt lat="68.02882741" lon="18.245862885"/>
      <trkpt lat="68.029204845" lon="18.245667234"/>
      <trkpt lat="68.029964429" lon="18.245476011"/>
      <trkpt lat="68.030321665" lon="18.245606558"/>
      <trkpt lat="68.031027356" lon="18.245620416"/>
      <trkpt lat="68.032078271" lon="18.245793365"/>
      <trkpt lat="68.032570195" lon="18.245815696"/>
      <trkpt lat="68.03288918" lon="18.245741357"/>
      <trkpt lat="68.033057454" lon="18.245732041"/>
      <trkpt lat="68.034417621" lon="18.246018489"/>
      <trkpt lat="68.034700717" lon="18.245995565"/>
      <trkpt lat="68.034998612" lon="18.245931547"/>
      <trkpt lat="68.035198599" lon="18.245811081"/>
      <trkpt lat="68.035560817" lon="18.245795335"/>
      <trkpt lat="68.035724143" lon="18.245754527"/>
      <trkpt lat="68.035914583" lon="18.245619138"/>
      <trkpt lat="68.036042059" lon="18.24557533"/>
      <trkpt lat="68.036146476" lon="18.245461242"/>
      <trkpt lat="68.036246055" lon="18.245392647"/>
      <trkpt lat="68.036466446" lon="18.24529895"/>
      <trkpt lat="68.037591124" lon="18.245115935"/>
      <trkpt lat="68.037801517" lon="18.245126466"/>
      <trkpt lat="68.038781898" lon="18.244865065"/>
      <trkpt lat="68.039005994" lon="18.244771993"/>
      <trkpt lat="68.039215915" lon="18.24460026"/>
      <trkpt lat="68.039823543" lon="18.244279895"/>
      <trkpt lat="68.040120803" lon="18.244083761"/>
      <trkpt lat="68.040287927" lon="18.244089959"/>
      <trkpt lat="68.041146859" lon="18.243376524"/>
      <trkpt lat="68.041230982" lon="18.243331694"/>
      <trkpt lat="68.041809363" lon="18.243393668"/>
      <trkpt lat="68.042006118" lon="18.243454766"/>
      <trkpt lat="68.042624884" lon="18.243537101"/>
      <trkpt lat="68.042750084" lon="18.243585634"/>
      <trkpt lat="68.042921865" lon="18.243754963"/>
      <trkpt lat="68.043066318" lon="18.243826764"/>
      <trkpt lat="68.043781401" lon="18.243922738"/>
      <trkpt lat="68.044291295" lon="18.243797102"/>
      <trkpt lat="68.044625634" lon="18.243806224"/>
      <trkpt lat="68.044817228" lon="18.243926067"/>
      <trkpt lat="68.045401886" lon="18.244085244"/>
      <trkpt lat="68.045578494" lon="18.244159388"/>
      <trkpt lat="68.045679908" lon="18.244167276"/>
      <trkpt lat="68.045875768" lon="18.244264692"/>
      <trkpt lat="68.04629214" lon="18.244364462"/>
      <trkpt lat="68.046468978" lon="18.244379013"/>
      <trkpt lat="68.04677885" lon="18.244526312"/>
      <trkpt lat="68.046886751" lon="18.244522107"/>
      <trkpt lat="68.047140765" lon="18.244623119"/>
      <trkpt lat="68.047441401" lon="18.2446926"/>
      <trkpt lat="68.047765787" lon="18.24470329"/>
      <trkpt lat="68.048980456" lon="18.245073851"/>
      <trkpt lat="68.049110877" lon="18.245118406"/>
      <trkpt lat="68.049513254" lon="18.245380117"/>
      <trkpt lat="68.049915547" lon="18.24558705"/>
      <trkpt lat="68.050661719" lon="18.246118706"/>
      <trkpt lat="68.05127865" lon="18.246285616"/>
      <trkpt lat="68.051397792" lon="18.246401017"/>
      <trkpt lat="68.051625493" lon="18.246471535"/>
      <trkpt lat="68.051948919" lon="18.246521891"/>
      <trkpt lat="68.05229436" lon="18.246651359"/>
      <trkpt lat="68.052648851" lon="18.24689127"/>
      <trkpt lat="68.053143262" lon="18.247130276"/>
      <trkpt lat="68.053556642" lon="18.247202755"/>
      <trkpt lat="68.053779584" lon="18.24732891"/>
      <trkpt lat="68.054180046" lon="18.247429439"/>
      <trkpt lat="68.054422178" lon="18.247587969"/>
      <trkpt lat="68.054700912" lon="18.247840831"/>
      <trkpt lat="68.055035911" lon="18.248260197"/>
      <trkpt lat="68.055198886" lon="18.248414659"/>
      <trkpt lat="68.055260562" lon="18.248426316"/>
      <trkpt lat="68.055382837" lon="18.248376668"/>
      <trkpt lat="68.055670926" lon="18.248723507"/>
      <trkpt lat="68.05584596" lon="18.249025249"/>
      <trkpt lat="68.055951458" lon="18.249142151"/>
      <trkpt lat="68.056058148" lon="18.249196301"/>
      <trkpt lat="68.056326193" lon="18.249424601"/>
      <trkpt lat="68.056641559" lon="18.249573241"/>
      <trkpt lat="68.056712117" lon="18.249639064"/>
      <trkpt lat="68.056736676" lon="18.249715216"/>
      <trkpt lat="68.056804205" lon="18.24981043"/>
      <trkpt lat="68.056979649" lon="18.249959973"/>
      <trkpt lat="68.057246181" lon="18.250072218"/>
      <trkpt lat="68.057422403" lon="18.250311257"/>
      <trkpt lat="68.057494985" lon="18.250466728"/>
      <trkpt lat="68.057610668" lon="18.250568466"/>
      <trkpt lat="68.057776254" lon="18.250650488"/>
      <trkpt lat="68.05836091" lon="18.251222959"/>
      <trkpt lat="68.058811307" lon="18.251628283"/>
      <trkpt lat="68.058977581" lon="18.251673992"/>
      <trkpt lat="68.059743592" lon="18.252214837"/>
      <trkpt lat="68.05986436" lon="18.252244439"/>
      <trkpt lat="68.060553303" lon="18.252801354"/>
      <trkpt lat="68.060686551" lon="18.252826044"/>
      <trkpt lat="68.060854085" lon="18.25273952"/>
      <trkpt lat="68.061047934" lon="18.252898238"/>
      <trkpt lat="68.061226462" lon="18.252966915"/>
      <trkpt lat="68.061360418" lon="18.25310915"/>
      <trkpt lat="68.061543852" lon="18.253184477"/>
      <trkpt lat="68.062335074" lon="18.253751299"/>
      <trkpt lat="68.062560019" lon="18.254010643"/>
      <trkpt lat="68.062594997" lon="18.254067926"/>
      <trkpt lat="68.062640827" lon="18.254216021"/>
      <trkpt lat="68.062752005" lon="18.254458246"/>
      <trkpt lat="68.062874544" lon="18.25461565"/>
      <trkpt lat="68.062985832" lon="18.254924173"/>
      <trkpt lat="68.06305281" lon="18.25499529"/>
      <trkpt lat="68.063153356" lon="18.255279296"/>
      <trkpt lat="68.063310869" lon="18.255566949"/>
      <trkpt lat="68.063400504" lon="18.255836382"/>
      <trkpt lat="68.063464165" lon="18.255956816"/>
      <trkpt lat="68.063556835" lon="18.256193469"/>
      <trkpt lat="68.063781718" lon="18.256529089"/>
      <trkpt lat="68.063965491" lon="18.257022119"/>
      <trkpt lat="68.064276684" lon="18.257749453"/>
      <trkpt lat="68.064318075" lon="18.257794274"/>
      <trkpt lat="68.064545199" lon="18.258216358"/>
      <trkpt lat="68.0646034" lon="18.25829307"/>
      <trkpt lat="68.064710975" lon="18.258528247"/>
      <trkpt lat="68.065078002" lon="18.258960767"/>
      <trkpt lat="68.065365135" lon="18.259353745"/>
      <trkpt lat="68.065481979" lon="18.259626534"/>
      <trkpt lat="68.065699714" lon="18.259871865"/>
      <trkpt lat="68.065765503" lon="18.260231231"/>
      <trkpt lat="68.065796986" lon="18.260274852"/>
      <trkpt lat="68.065922165" lon="18.260349775"/>
      <trkpt lat="68.066078086" lon="18.26080304"/>
      <trkpt lat="68.066106989" lon="18.260925891"/>
      <trkpt lat="68.066265225" lon="18.261170611"/>
      <trkpt lat="68.066376674" lon="18.261396352"/>
      <trkpt lat="68.066530976" lon="18.261653828"/>
      <trkpt lat="68.066617682" lon="18.261876555"/>
      <trkpt lat="68.066681555" lon="18.261983796"/>
      <trkpt lat="68.06730283" lon="18.263501615"/>
      <trkpt lat="68.067493319" lon="18.264181249"/>
      <trkpt lat="68.067507253" lon="18.264308935"/>
      <trkpt lat="68.06759896" lon="18.2646019"/>
      <trkpt lat="68.067772091" lon="18.264845144"/>
      <trkpt lat="68.067840696" lon="18.264893308"/>
      <trkpt lat="68.067923867" lon="18.264886898"/>
      <trkpt lat="68.068024626" lon="18.265011913"/>
      <trkpt lat="68.068241913" lon="18.265137907"/>
      <trkpt lat="68.068422256" lon="18.26503063"/>
      <trkpt lat="68.068641342" lon="18.265050761"/>
      <trkpt lat="68.068687337" lon="18.265116049"/>
      <trkpt lat="68.068814817" lon="18.265201255"/>
      <trkpt lat="68.069457657" lon="18.265816849"/>
      <trkpt lat="68.069701178" lon="18.26622123"/>
      <trkpt lat="68.069752012" lon="18.266220814"/>
      <trkpt lat="68.069884266" lon="18.266316555"/>
      <trkpt lat="68.069987624" lon="18.266362324"/>
      <trkpt lat="68.070191639" lon="18.266393907"/>
      <trkpt lat="68.070444256" lon="18.266265615"/>
      <trkpt lat="68.07065513" lon="18.266258245"/>
      <trkpt lat="68.070739143" lon="18.266275139"/>
      <trkpt lat="68.071149359" lon="18.266500985"/>
      <trkpt lat="68.071381995" lon="18.266526103"/>
      <trkpt lat="68.07152005" lon="18.266572827"/>
      <trkpt lat="68.071920567" lon="18.267148967"/>
      <trkpt lat="68.071969423" lon="18.267264354"/>
      <trkpt lat="68.072009463" lon="18.267315671"/>
      <trkpt lat="68.07205523" lon="18.267321266"/>
      <trkpt lat="68.072108538" lon="18.267394091"/>
      <trkpt lat="68.072224642" lon="18.26771002"/>
      <trkpt lat="68.072264334" lon="18.267781181"/>
      <trkpt lat="68.07231196" lon="18.267823484"/>
      <trkpt lat="68.072410315" lon="18.267799031"/>
      <trkpt lat="68.072458224" lon="18.267824799"/>
      <trkpt lat="68.07268499" lon="18.268267001"/>
      <trkpt lat="68.072904675" lon="18.26854256"/>
      <trkpt lat="68.0731446" lon="18.268794061"/>
      <trkpt lat="68.07327014" lon="18.26881301"/>
      <trkpt lat="68.073474996" lon="18.268929499"/>
      <trkpt lat="68.073509038" lon="18.269001643"/>
      <trkpt lat="68.073890075" lon="18.269238446"/>
      <trkpt lat="68.07406152" lon="18.269396551"/>
      <trkpt lat="68.074185633" lon="18.269450307"/>
      <trkpt lat="68.074244893" lon="18.26966103"/>
      <trkpt lat="68.074290397" lon="18.269727955"/>
      <trkpt lat="68.07441603" lon="18.269835988"/>
      <trkpt lat="68.074466511" lon="18.26983935"/>
      <trkpt lat="68.074616781" lon="18.269981126"/>
      <trkpt lat="68.074721664" lon="18.269981608"/>
      <trkpt lat="68.074896052" lon="18.270218661"/>
      <trkpt lat="68.074948185" lon="18.270337177"/>
      <trkpt lat="68.075066872" lon="18.270410522"/>
      <trkpt lat="68.075145039" lon="18.270556158"/>
      <trkpt lat="68.075202397" lon="18.270597643"/>
      <trkpt lat="68.075325498" lon="18.270570149"/>
      <trkpt lat="68.075412603" lon="18.27064262"/>
      <trkpt lat="68.075541883" lon="18.270690319"/>
      <trkpt lat="68.075736402" lon="18.270898862"/>
      <trkpt lat="68.075916802" lon="18.270983826"/>
      <trkpt lat="68.075944221" lon="18.271072004"/>
      <trkpt lat="68.075957086" lon="18.271195409"/>
      <trkpt lat="68.075990686" lon="18.271291169"/>
      <trkpt lat="68.076050254" lon="18.271349838"/>
      <trkpt lat="68.076242368" lon="18.271348478"/>
      <trkpt lat="68.076405877" lon="18.271525842"/>
      <trkpt lat="68.076495691" lon="18.271520949"/>
      <trkpt lat="68.076576889" lon="18.271978027"/>
      <trkpt lat="68.076621584" lon="18.272156389"/>
      <trkpt lat="68.076758444" lon="18.272274665"/>
      <trkpt lat="68.07690228" lon="18.272219533"/>
      <trkpt lat="68.076944229" lon="18.272274169"/>
      <trkpt lat="68.077113373" lon="18.272183533"/>
      <trkpt lat="68.077254559" lon="18.272236227"/>
      <trkpt lat="68.077526673" lon="18.272417966"/>
      <trkpt lat="68.077574177" lon="18.272551103"/>
      <trkpt lat="68.077594609" lon="18.272675544"/>
      <trkpt lat="68.077739533" lon="18.273847707"/>
      <trkpt lat="68.077788005" lon="18.274026618"/>
      <trkpt lat="68.077955991" lon="18.274573098"/>
      <trkpt lat="68.078127563" lon="18.274927374"/>
      <trkpt lat="68.078179126" lon="18.27507626"/>
      <trkpt lat="68.078282058" lon="18.275248928"/>
      <trkpt lat="68.078317039" lon="18.275405744"/>
      <trkpt lat="68.078508781" lon="18.27589795"/>
      <trkpt lat="68.078840762" lon="18.276932979"/>
      <trkpt lat="68.078847377" lon="18.277457886"/>
      <trkpt lat="68.078837922" lon="18.277760891"/>
      <trkpt lat="68.078850211" lon="18.277982304"/>
      <trkpt lat="68.078895274" lon="18.278275687"/>
      <trkpt lat="68.078893127" lon="18.278593214"/>
      <trkpt lat="68.078944936" lon="18.278728618"/>
      <trkpt lat="68.079000905" lon="18.278776686"/>
      <trkpt lat="68.079370644" lon="18.278670738"/>
      <trkpt lat="68.079446286" lon="18.278680871"/>
      <trkpt lat="68.079519716" lon="18.27874142"/>
      <trkpt lat="68.079818472" lon="18.279119564"/>
      <trkpt lat="68.079957453" lon="18.279391765"/>
      <trkpt lat="68.08004607" lon="18.279518596"/>
      <trkpt lat="68.080356424" lon="18.28008764"/>
      <trkpt lat="68.080409746" lon="18.280209742"/>
      <trkpt lat="68.080447367" lon="18.280427807"/>
      <trkpt lat="68.080453978" lon="18.280547011"/>
      <trkpt lat="68.080478366" lon="18.280661873"/>
      <trkpt lat="68.080513732" lon="18.280730856"/>
      <trkpt lat="68.080602532" lon="18.28084758"/>
      <trkpt lat="68.080785254" lon="18.281213579"/>
      <trkpt lat="68.080848089" lon="18.281299765"/>
      <trkpt lat="68.081045812" lon="18.281471676"/>
      <trkpt lat="68.081240742" lon="18.281724498"/>
      <trkpt lat="68.081312284" lon="18.281886262"/>
      <trkpt lat="68.081401268" lon="18.282263376"/>
      <trkpt lat="68.081449484" lon="18.282320567"/>
      <trkpt lat="68.081508352" lon="18.282348754"/>
      <trkpt lat="68.081556194" lon="18.282426177"/>
      <trkpt lat="68.081788059" lon="18.282934034"/>
      <trkpt lat="68.08185827" lon="18.283099005"/>
      <trkpt lat="68.082004039" lon="18.283547984"/>
      <trkpt lat="68.082384331" lon="18.284363237"/>
      <trkpt lat="68.082605598" lon="18.284964391"/>
      <trkpt lat="68.082702429" lon="18.285410723"/>
      <trkpt lat="68.082716479" lon="18.285537708"/>
      <trkpt lat="68.083021246" lon="18.286403734"/>
      <trkpt lat="68.083178536" lon="18.286911797"/>
      <trkpt lat="68.083539948" lon="18.287924098"/>
      <trkpt lat="68.083944063" lon="18.289280332"/>
      <trkpt lat="68.084156614" lon="18.289873674"/>
      <trkpt lat="68.084242051" lon="18.290236852"/>
      <trkpt lat="68.084273865" lon="18.290427125"/>
      <trkpt lat="68.084329647" lon="18.29048535"/>
      <trkpt lat="68.084385919" lon="18.290651858"/>
      <trkpt lat="68.084824464" lon="18.291593492"/>
      <trkpt lat="68.085301778" lon="18.29302737"/>
      <trkpt lat="68.085473823" lon="18.293287285"/>
      <trkpt lat="68.085507129" lon="18.293409782"/>
      <trkpt lat="68.085595486" lon="18.293547407"/>
      <trkpt lat="68.085647396" lon="18.293673166"/>
      <trkpt lat="68.085688182" lon="18.293915891"/>
      <trkpt lat="68.085892175" lon="18.294283004"/>
      <trkpt lat="68.086080425" lon="18.294549747"/>
      <trkpt lat="68.086140836" lon="18.294693625"/>
      <trkpt lat="68.086212014" lon="18.294933828"/>
      <trkpt lat="68.086453925" lon="18.295495904"/>
      <trkpt lat="68.08673579" lon="18.296019547"/>
      <trkpt lat="68.086822689" lon="18.296231479"/>
      <trkpt lat="68.087248466" lon="18.297090194"/>
      <trkpt lat="68.087568528" lon="18.298052666"/>
      <trkpt lat="68.087887995" lon="18.299109897"/>
      <trkpt lat="68.088403856" lon="18.300275943"/>
      <trkpt lat="68.088645734" lon="18.300709434"/>
      <trkpt lat="68.089375366" lon="18.302129037"/>
      <trkpt lat="68.089588499" lon="18.302480621"/>
      <trkpt lat="68.08962999" lon="18.302621903"/>
      <trkpt lat="68.089750395" lon="18.30286569"/>
      <trkpt lat="68.089847853" lon="18.303184161"/>
      <trkpt lat="68.089918735" lon="18.303309248"/>
      <trkpt lat="68.090040528" lon="18.303353421"/>
      <trkpt lat="68.090264604" lon="18.303598209"/>
      <trkpt lat="68.090396691" lon="18.303826709"/>
      <trkpt lat="68.090564938" lon="18.304016254"/>
      <trkpt lat="68.090883338" lon="18.304545243"/>
      <trkpt lat="68.091771346" lon="18.305753643"/>
      <trkpt lat="68.09192825" lon="18.306005978"/>
      <trkpt lat="68.092009958" lon="18.306095344"/>
      <trkpt lat="68.092102813" lon="18.306260803"/>
      <trkpt lat="68.092202102" lon="18.306356037"/>
      <trkpt lat="68.092259121" lon="18.306479204"/>
      <trkpt lat="68.09277821" lon="18.307090627"/>
      <trkpt lat="68.09303726" lon="18.30748603"/>
      <trkpt lat="68.093077083" lon="18.307583074"/>
      <trkpt lat="68.093772053" lon="18.308381854"/>
      <trkpt lat="68.094087053" lon="18.308825797"/>
      <trkpt lat="68.094324525" lon="18.309224997"/>
      <trkpt lat="68.094480177" lon="18.309605932"/>
      <trkpt lat="68.094592934" lon="18.309787749"/>
      <trkpt lat="68.094970984" lon="18.310498056"/>
      <trkpt lat="68.095321629" lon="18.31138065"/>
      <trkpt lat="68.095504077" lon="18.311555356"/>
      <trkpt lat="68.095625066" lon="18.31170449"/>
      <trkpt lat="68.096272437" lon="18.312737306"/>
      <trkpt lat="68.09670111" lon="18.313380298"/>
      <trkpt lat="68.096841881" lon="18.313745645"/>
      <trkpt lat="68.096933596" lon="18.314032941"/>
      <trkpt lat="68.097057044" lon="18.314314561"/>
      <trkpt lat="68.097152479" lon="18.314605789"/>
      <trkpt lat="68.097249646" lon="18.314744812"/>
      <trkpt lat="68.097413507" lon="18.314900025"/>
      <trkpt lat="68.097523277" lon="18.315169561"/>
      <trkpt lat="68.097686808" lon="18.315341639"/>
      <trkpt lat="68.097773945" lon="18.315604603"/>
      <trkpt lat="68.09797749" lon="18.315992392"/>
      <trkpt lat="68.098278799" lon="18.316295702"/>
      <trkpt lat="68.098568651" lon="18.316716548"/>
      <trkpt lat="68.098849287" lon="18.317170111"/>
      <trkpt lat="68.098960665" lon="18.317412607"/>
      <trkpt lat="68.0994048" lon="18.318501553"/>
      <trkpt lat="68.099441709" lon="18.318667401"/>
      <trkpt lat="68.099481427" lon="18.318990215"/>
      <trkpt lat="68.099558622" lon="18.319397303"/>
      <trkpt lat="68.099676002" lon="18.319824522"/>
      <trkpt lat="68.099849073" lon="18.319978374"/>
      <trkpt lat="68.099983952" lon="18.320136272"/>
      <trkpt lat="68.100169386" lon="18.320418001"/>
      <trkpt lat="68.100393162" lon="18.320817908"/>
      <trkpt lat="68.100572782" lon="18.321245011"/>
      <trkpt lat="68.100986346" lon="18.322111404"/>
      <trkpt lat="68.101050434" lon="18.322254466"/>
      <trkpt lat="68.10118016" lon="18.322809605"/>
      <trkpt lat="68.101726855" lon="18.324248782"/>
      <trkpt lat="68.102027049" lon="18.324960823"/>
      <trkpt lat="68.102107278" lon="18.325120111"/>
      <trkpt lat="68.102195016" lon="18.325171752"/>
      <trkpt lat="68.102340244" lon="18.32532116"/>
      <trkpt lat="68.102467073" lon="18.3254982"/>
      <trkpt lat="68.102606285" lon="18.325745302"/>
      <trkpt lat="68.102669606" lon="18.32592229"/>
      <trkpt lat="68.102993003" lon="18.326393174"/>
      <trkpt lat="68.103443565" lon="18.32685745"/>
      <trkpt lat="68.103505503" lon="18.326983174"/>
      <trkpt lat="68.103611398" lon="18.327299771"/>
      <trkpt lat="68.103652735" lon="18.32738131"/>
      <trkpt lat="68.103675095" lon="18.327459793"/>
      <trkpt lat="68.10371952" lon="18.327854888"/>
      <trkpt lat="68.103708879" lon="18.32832613"/>
      <trkpt lat="68.103731363" lon="18.328680236"/>
      <trkpt lat="68.103897854" lon="18.329574887"/>
      <trkpt lat="68.103945794" lon="18.329926328"/>
      <trkpt lat="68.104076155" lon="18.330621188"/>
      <trkpt lat="68.104105417" lon="18.3308437"/>
      <trkpt lat="68.104180969" lon="18.331097545"/>
      <trkpt lat="68.10444561" lon="18.331695097"/>
      <trkpt lat="68.104472803" lon="18.331784584"/>
      <trkpt lat="68.104557064" lon="18.332495799"/>
      <trkpt lat="68.104662943" lon="18.333149305"/>
      <trkpt lat="68.104726301" lon="18.333717627"/>
      <trkpt lat="68.104832446" lon="18.334864582"/>
      <trkpt lat="68.104836428" lon="18.335811178"/>
      <trkpt lat="68.104892022" lon="18.336160486"/>
      <trkpt lat="68.104896115" lon="18.336933589"/>
      <trkpt lat="68.104852808" lon="18.337892918"/>
      <trkpt lat="68.104829084" lon="18.338940517"/>
      <trkpt lat="68.104834299" lon="18.339046868"/>
      <trkpt lat="68.104852696" lon="18.339131505"/>
      <trkpt lat="68.104957576" lon="18.339506136"/>
      <trkpt lat="68.105005281" lon="18.339530883"/>
      <trkpt lat="68.105195021" lon="18.339452858"/>
      <trkpt lat="68.105284147" lon="18.339331222"/>
      <trkpt lat="68.105446009" lon="18.339194222"/>
      <trkpt lat="68.105558904" lon="18.339032218"/>
      <trkpt lat="68.105803836" lon="18.338816822"/>
      <trkpt lat="68.105924821" lon="18.338802465"/>
      <trkpt lat="68.106075917" lon="18.338636468"/>
      <trkpt lat="68.106151109" lon="18.338624852"/>
      <trkpt lat="68.10627792" lon="18.338689704"/>
      <trkpt lat="68.106406839" lon="18.338829787"/>
      <trkpt lat="68.106548873" lon="18.339063854"/>
      <trkpt lat="68.106627978" lon="18.339103936"/>
      <trkpt lat="68.106664252" lon="18.3391847"/>
      <trkpt lat="68.106764369" lon="18.339531072"/>
      <trkpt lat="68.106835459" lon="18.339644727"/>
      <trkpt lat="68.106975995" lon="18.339776471"/>
      <trkpt lat="68.107075999" lon="18.339959505"/>
      <trkpt lat="68.107113305" lon="18.340162942"/>
      <trkpt lat="68.107224541" lon="18.340466906"/>
      <trkpt lat="68.107287878" lon="18.340698402"/>
      <trkpt lat="68.107390678" lon="18.340926122"/>
      <trkpt lat="68.107427447" lon="18.341041011"/>
      <trkpt lat="68.107467128" lon="18.341251656"/>
      <trkpt lat="68.107507429" lon="18.341322858"/>
      <trkpt lat="68.107529512" lon="18.341469376"/>
      <trkpt lat="68.107565251" lon="18.341573891"/>
      <trkpt lat="68.107934898" lon="18.341964158"/>
      <trkpt lat="68.108102464" lon="18.342192198"/>
      <trkpt lat="68.10817469" lon="18.34247962"/>
      <trkpt lat="68.108260183" lon="18.342966597"/>
      <trkpt lat="68.10825967" lon="18.343157099"/>
      <trkpt lat="68.108283772" lon="18.34349454"/>
      <trkpt lat="68.108349123" lon="18.344141599"/>
      <trkpt lat="68.108542182" lon="18.344925175"/>
      <trkpt lat="68.108698975" lon="18.345740285"/>
      <trkpt lat="68.108748103" lon="18.346149883"/>
      <trkpt lat="68.108908023" lon="18.347050601"/>
      <trkpt lat="68.108938537" lon="18.347161085"/>
      <trkpt lat="68.10919784" lon="18.347656003"/>
      <trkpt lat="68.109258605" lon="18.347832661"/>
      <trkpt lat="68.109386839" lon="18.348282393"/>
      <trkpt lat="68.10962813" lon="18.348954784"/>
      <trkpt lat="68.109714075" lon="18.349309146"/>
      <trkpt lat="68.110018978" lon="18.350424171"/>
      <trkpt lat="68.110096651" lon="18.350816951"/>
      <trkpt lat="68.110205412" lon="18.351145122"/>
      <trkpt lat="68.110370524" lon="18.351461768"/>
      <trkpt lat="68.11042347" lon="18.35171961"/>
      <trkpt lat="68.110444138" lon="18.351938146"/>
      <trkpt lat="68.110537404" lon="18.352448386"/>
      <trkpt lat="68.110668404" lon="18.352923649"/>
      <trkpt lat="68.110783865" lon="18.353410082"/>
      <trkpt lat="68.110817558" lon="18.353500857"/>
      <trkpt lat="68.110973498" lon="18.353655482"/>
      <trkpt lat="68.111213926" lon="18.354025129"/>
      <trkpt lat="68.111379008" lon="18.354516044"/>
      <trkpt lat="68.111595309" lon="18.355226988"/>
      <trkpt lat="68.111685361" lon="18.355651339"/>
      <trkpt lat="68.111803966" lon="18.356052903"/>
      <trkpt lat="68.112012534" lon="18.356671148"/>
      <trkpt lat="68.112202717" lon="18.35717977"/>
      <trkpt lat="68.112249762" lon="18.35735811"/>
      <trkpt lat="68.112375871" lon="18.358341794"/>
      <trkpt lat="68.112468153" lon="18.358780217"/>
      <trkpt lat="68.112690526" lon="18.359676721"/>
      <trkpt lat="68.112926128" lon="18.360206287"/>
      <trkpt lat="68.113103562" lon="18.360829129"/>
      <trkpt lat="68.113191361" lon="18.361239508"/>
      <trkpt lat="68.113403589" lon="18.362018262"/>
      <trkpt lat="68.113721747" lon="18.362964286"/>
      <trkpt lat="68.113833187" lon="18.363228072"/>
      <trkpt lat="68.1139322" lon="18.363592432"/>
      <trkpt lat="68.114097273" lon="18.363967296"/>
      <trkpt lat="68.114463095" lon="18.364948292"/>
      <trkpt lat="68.114567788" lon="18.365286231"/>
      <trkpt lat="68.114770037" lon="18.36582426"/>
      <trkpt lat="68.114883384" lon="18.366231928"/>
      <trkpt lat="68.115164168" lon="18.367032109"/>
      <trkpt lat="68.115370703" lon="18.367808275"/>
      <trkpt lat="68.115687388" lon="18.368747967"/>
      <trkpt lat="68.115927999" lon="18.369711641"/>
      <trkpt lat="68.116075395" lon="18.37011649"/>
      <trkpt lat="68.116259926" lon="18.370725614"/>
      <trkpt lat="68.116381881" lon="18.371202502"/>
      <trkpt lat="68.116521839" lon="18.371863967"/>
      <trkpt lat="68.116974157" lon="18.373488692"/>
      <trkpt lat="68.117243467" lon="18.374559472"/>
      <trkpt lat="68.117492343" lon="18.3753561"/>
      <trkpt lat="68.117555506" lon="18.375673909"/>
      <trkpt lat="68.11767755" lon="18.375996315"/>
      <trkpt lat="68.117793009" lon="18.376462126"/>
      <trkpt lat="68.117959482" lon="18.37727845"/>
      <trkpt lat="68.11803883" lon="18.377553823"/>
      <trkpt lat="68.118230464" lon="18.378394202"/>
      <trkpt lat="68.118571914" lon="18.379780717"/>
      <trkpt lat="68.118620362" lon="18.38013089"/>
      <trkpt lat="68.118701409" lon="18.380451188"/>
      <trkpt lat="68.118794689" lon="18.380735346"/>
      <trkpt lat="68.119071255" lon="18.381759195"/>
      <trkpt lat="68.119239877" lon="18.382262565"/>
      <trkpt lat="68.119290238" lon="18.382578657"/>
      <trkpt lat="68.119561495" lon="18.383525717"/>
      <trkpt lat="68.119676002" lon="18.383771611"/>
      <trkpt lat="68.119914379" lon="18.384511895"/>
      <trkpt lat="68.120009936" lon="18.384902063"/>
      <trkpt lat="68.1200824" lon="18.38513545"/>
      <trkpt lat="68.120121435" lon="18.38520709"/>
      <trkpt lat="68.120183242" lon="18.385452995"/>
      <trkpt lat="68.120245256" lon="18.385618591"/>
      <trkpt lat="68.120321044" lon="18.386089934"/>
      <trkpt lat="68.120362335" lon="18.386249207"/>
      <trkpt lat="68.120419409" lon="18.3866761"/>
      <trkpt lat="68.120512928" lon="18.387174305"/>
      <trkpt lat="68.120685533" lon="18.38789979"/>
      <trkpt lat="68.120721914" lon="18.388180679"/>
      <trkpt lat="68.120776358" lon="18.388470995"/>
      <trkpt lat="68.120792613" lon="18.388714203"/>
      <trkpt lat="68.12084109" lon="18.388975762"/>
      <trkpt lat="68.120952966" lon="18.389811791"/>
      <trkpt lat="68.121250973" lon="18.391001486"/>
      <trkpt lat="68.121359874" lon="18.391512302"/>
      <trkpt lat="68.121712564" lon="18.392978426"/>
      <trkpt lat="68.121863585" lon="18.393879204"/>
      <trkpt lat="68.121954563" lon="18.394303781"/>
      <trkpt lat="68.122019481" lon="18.394522188"/>
      <trkpt lat="68.122086931" lon="18.394950546"/>
      <trkpt lat="68.122138461" lon="18.395188097"/>
      <trkpt lat="68.122204873" lon="18.395396255"/>
      <trkpt lat="68.122279699" lon="18.39550424"/>
      <trkpt lat="68.12237111" lon="18.39556211"/>
      <trkpt lat="68.122460866" lon="18.395707069"/>
      <trkpt lat="68.122694738" lon="18.396290831"/>
      <trkpt lat="68.122874255" lon="18.396786852"/>
      <trkpt lat="68.122994148" lon="18.39699182"/>
      <trkpt lat="68.123203551" lon="18.397285837"/>
      <trkpt lat="68.123305086" lon="18.397565153"/>
      <trkpt lat="68.123373212" lon="18.397682731"/>
      <trkpt lat="68.123441653" lon="18.397852753"/>
      <trkpt lat="68.123501891" lon="18.39804261"/>
      <trkpt lat="68.123609244" lon="18.398221417"/>
      <trkpt lat="68.123970908" lon="18.399486417"/>
      <trkpt lat="68.124168694" lon="18.400117731"/>
      <trkpt lat="68.124322237" lon="18.400540406"/>
      <trkpt lat="68.124463044" lon="18.400741276"/>
      <trkpt lat="68.124540437" lon="18.400919527"/>
      <trkpt lat="68.124679747" lon="18.401542895"/>
      <trkpt lat="68.124950144" lon="18.402261036"/>
      <trkpt lat="68.125032354" lon="18.402391027"/>
      <trkpt lat="68.125131686" lon="18.402649137"/>
      <trkpt lat="68.125279183" lon="18.403252696"/>
      <trkpt lat="68.125553599" lon="18.404170556"/>
      <trkpt lat="68.125767847" lon="18.40468892"/>
      <trkpt lat="68.126190952" lon="18.405871685"/>
      <trkpt lat="68.126976689" lon="18.407991504"/>
      <trkpt lat="68.127481287" lon="18.409272891"/>
      <trkpt lat="68.127541429" lon="18.409330047"/>
      <trkpt lat="68.127642951" lon="18.40960947"/>
      <trkpt lat="68.127780454" lon="18.4099148"/>
      <trkpt lat="68.12796475" lon="18.410226518"/>
      <trkpt lat="68.127991714" lon="18.410383935"/>
      <trkpt lat="68.128257484" lon="18.410864055"/>
      <trkpt lat="68.128336808" lon="18.411077556"/>
      <trkpt lat="68.128462644" lon="18.411311423"/>
      <trkpt lat="68.128541239" lon="18.411563259"/>
      <trkpt lat="68.128577674" lon="18.411770907"/>
      <trkpt lat="68.128884821" lon="18.412267216"/>
      <trkpt lat="68.128939745" lon="18.412393531"/>
      <trkpt lat="68.129062199" lon="18.412805143"/>
      <trkpt lat="68.129154838" lon="18.413003028"/>
      <trkpt lat="68.1292079" lon="18.41322693"/>
      <trkpt lat="68.129260781" lon="18.413597561"/>
      <trkpt lat="68.129287821" lon="18.413887812"/>
      <trkpt lat="68.129342513" lon="18.414094472"/>
      <trkpt lat="68.129891738" lon="18.414809164"/>
      <trkpt lat="68.130645318" lon="18.415670736"/>
      <trkpt lat="68.130743055" lon="18.41580644"/>
      <trkpt lat="68.130891629" lon="18.415872233"/>
      <trkpt lat="68.130983896" lon="18.415884881"/>
      <trkpt lat="68.131220963" lon="18.415819537"/>
      <trkpt lat="68.131617339" lon="18.415940264"/>
      <trkpt lat="68.131796086" lon="18.415790037"/>
      <trkpt lat="68.131909805" lon="18.415770679"/>
      <trkpt lat="68.132054546" lon="18.415832461"/>
      <trkpt lat="68.132187897" lon="18.416006589"/>
      <trkpt lat="68.131968489" lon="18.415948007"/>
      <trkpt lat="68.132555369" lon="18.416063191"/>
      <trkpt lat="68.132638471" lon="18.416061279"/>
      <trkpt lat="68.132756342" lon="18.416008694"/>
      <trkpt lat="68.132884456" lon="18.416027201"/>
      <trkpt lat="68.133405087" lon="18.415437435"/>
      <trkpt lat="68.133776136" lon="18.415121978"/>
      <trkpt lat="68.13395947" lon="18.415040542"/>
      <trkpt lat="68.134138687" lon="18.414906263"/>
      <trkpt lat="68.13430755" lon="18.414899331"/>
      <trkpt lat="68.134401917" lon="18.414853773"/>
      <trkpt lat="68.134483023" lon="18.414757555"/>
      <trkpt lat="68.134554092" lon="18.414708631"/>
      <trkpt lat="68.134634884" lon="18.414692446"/>
      <trkpt lat="68.134696729" lon="18.414715317"/>
      <trkpt lat="68.134861488" lon="18.415042071"/>
      <trkpt lat="68.134961464" lon="18.415362963"/>
      <trkpt lat="68.134995514" lon="18.41554199"/>
      <trkpt lat="68.136794344" lon="18.413779339"/>
      <trkpt lat="68.13679" lon="18.41330045"/>
      <trkpt lat="68.136812564" lon="18.413000024"/>
      <trkpt lat="68.136864041" lon="18.412750715"/>
      <trkpt lat="68.13690758" lon="18.412628075"/>
      <trkpt lat="68.136915017" lon="18.41253324"/>
      <trkpt lat="68.137020897" lon="18.412226307"/>
      <trkpt lat="68.137045462" lon="18.411798529"/>
      <trkpt lat="68.13704429" lon="18.41149541"/>
      <trkpt lat="68.137060165" lon="18.411242062"/>
      <trkpt lat="68.137109636" lon="18.411120091"/>
      <trkpt lat="68.137270704" lon="18.411627928"/>
      <trkpt lat="68.137412305" lon="18.411700548"/>
      <trkpt lat="68.137601742" lon="18.411636089"/>
      <trkpt lat="68.137740778" lon="18.411414639"/>
      <trkpt lat="68.137909844" lon="18.411300569"/>
      <trkpt lat="68.138094167" lon="18.411400502"/>
      <trkpt lat="68.138307007" lon="18.4113165"/>
      <trkpt lat="68.138435954" lon="18.411132046"/>
      <trkpt lat="68.138612509" lon="18.411289362"/>
      <trkpt lat="68.138740461" lon="18.411570572"/>
      <trkpt lat="68.138914846" lon="18.411751896"/>
      <trkpt lat="68.139178435" lon="18.411764134"/>
      <trkpt lat="68.139248714" lon="18.411915685"/>
      <trkpt lat="68.13935678" lon="18.412230189"/>
      <trkpt lat="68.139527292" lon="18.412612801"/>
      <trkpt lat="68.139950514" lon="18.412829312"/>
      <trkpt lat="68.140138282" lon="18.412894791"/>
      <trkpt lat="68.140499352" lon="18.413559018"/>
      <trkpt lat="68.140634666" lon="18.41403154"/>
      <trkpt lat="68.140859112" lon="18.414444275"/>
      <trkpt lat="68.141020036" lon="18.414843959"/>
      <trkpt lat="68.141204781" lon="18.414932982"/>
      <trkpt lat="68.141386203" lon="18.414809402"/>
      <trkpt lat="68.141841301" lon="18.414767646"/>
      <trkpt lat="68.14199666" lon="18.414821313"/>
      <trkpt lat="68.142154766" lon="18.41482332"/>
      <trkpt lat="68.142505059" lon="18.414931792"/>
      <trkpt lat="68.142716119" lon="18.41495745"/>
      <trkpt lat="68.143149592" lon="18.414807685"/>
      <trkpt lat="68.143567118" lon="18.414487825"/>
      <trkpt lat="68.143760311" lon="18.414391516"/>
      <trkpt lat="68.143957943" lon="18.414384119"/>
      <trkpt lat="68.1441806" lon="18.4143293"/>
      <trkpt lat="68.144465268" lon="18.414384785"/>
      <trkpt lat="68.144924802" lon="18.414313495"/>
      <trkpt lat="68.145391504" lon="18.414364887"/>
      <trkpt lat="68.14569008" lon="18.414437758"/>
      <trkpt lat="68.145875752" lon="18.414370707"/>
      <trkpt lat="68.146058157" lon="18.414462633"/>
      <trkpt lat="68.146307803" lon="18.414692486"/>
      <trkpt lat="68.146473246" lon="18.414882292"/>
      <trkpt lat="68.146689655" lon="18.414939833"/>
      <trkpt lat="68.146877966" lon="18.414942011"/>
      <trkpt lat="68.147272896" lon="18.415495272"/>
      <trkpt lat="68.147530434" lon="18.415923166"/>
      <trkpt lat="68.147664081" lon="18.416067128"/>
      <trkpt lat="68.147903688" lon="18.416251722"/>
      <trkpt lat="68.148162359" lon="18.416350916"/>
      <trkpt lat="68.148434963" lon="18.416285169"/>
      <trkpt lat="68.148671806" lon="18.41635872"/>
      <trkpt lat="68.148965135" lon="18.416188778"/>
      <trkpt lat="68.149127116" lon="18.416126195"/>
      <trkpt lat="68.149312791" lon="18.416175385"/>
      <trkpt lat="68.149548298" lon="18.416702098"/>
      <trkpt lat="68.149768841" lon="18.416753327"/>
      <trkpt lat="68.149921957" lon="18.416891488"/>
      <trkpt lat="68.150149127" lon="18.417188166"/>
      <trkpt lat="68.150520369" lon="18.417812241"/>
      <trkpt lat="68.150839887" lon="18.418178814"/>
      <trkpt lat="68.15122449" lon="18.418718592"/>
      <trkpt lat="68.151581989" lon="18.419168804"/>
      <trkpt lat="68.15221078" lon="18.419757646"/>
      <trkpt lat="68.152399434" lon="18.420034878"/>
      <trkpt lat="68.152620964" lon="18.420309679"/>
      <trkpt lat="68.152776725" lon="18.420717077"/>
      <trkpt lat="68.153200455" lon="18.421279647"/>
      <trkpt lat="68.153439297" lon="18.421289208"/>
      <trkpt lat="68.153636738" lon="18.421141563"/>
      <trkpt lat="68.153898904" lon="18.420256493"/>
      <trkpt lat="68.154204173" lon="18.419127548"/>
      <trkpt lat="68.154567062" lon="18.417971889"/>
      <trkpt lat="68.154726153" lon="18.418203371"/>
      <trkpt lat="68.155132569" lon="18.418882104"/>
      <trkpt lat="68.155401113" lon="18.419389018"/>
      <trkpt lat="68.155631491" lon="18.419883099"/>
      <trkpt lat="68.155991136" lon="18.420507611"/>
      <trkpt lat="68.156264159" lon="18.421104816"/>
      <trkpt lat="68.156366591" lon="18.421289602"/>
      <trkpt lat="68.15654229" lon="18.421702845"/>
      <trkpt lat="68.156780593" lon="18.422008782"/>
      <trkpt lat="68.15683069" lon="18.422123391"/>
      <trkpt lat="68.156879144" lon="18.422313524"/>
      <trkpt lat="68.157126966" lon="18.422889607"/>
      <trkpt lat="68.157219124" lon="18.423193357"/>
      <trkpt lat="68.157308861" lon="18.423431275"/>
      <trkpt lat="68.157540113" lon="18.423825706"/>
      <trkpt lat="68.157614568" lon="18.423999229"/>
      <trkpt lat="68.157662274" lon="18.424223699"/>
      <trkpt lat="68.157838418" lon="18.424616388"/>
      <trkpt lat="68.158033174" lon="18.424860458"/>
      <trkpt lat="68.158114259" lon="18.425083258"/>
      <trkpt lat="68.158162841" lon="18.425149422"/>
      <trkpt lat="68.158256638" lon="18.425382006"/>
      <trkpt lat="68.158465817" lon="18.425683732"/>
      <trkpt lat="68.158643383" lon="18.42587521"/>
      <trkpt lat="68.158951438" lon="18.426498135"/>
      <trkpt lat="68.15928131" lon="18.426880432"/>
      <trkpt lat="68.159345243" lon="18.42707052"/>
      <trkpt lat="68.159508463" lon="18.427788779"/>
      <trkpt lat="68.159575892" lon="18.42793533"/>
      <trkpt lat="68.159672785" lon="18.428232485"/>
      <trkpt lat="68.15990442" lon="18.428771895"/>
      <trkpt lat="68.159967317" lon="18.428951661"/>
      <trkpt lat="68.159984221" lon="18.429042579"/>
      <trkpt lat="68.160018704" lon="18.429475494"/>
      <trkpt lat="68.160040262" lon="18.429584112"/>
      <trkpt lat="68.160337892" lon="18.430164759"/>
      <trkpt lat="68.16045229" lon="18.430525812"/>
      <trkpt lat="68.160646804" lon="18.430974455"/>
      <trkpt lat="68.160781771" lon="18.431206587"/>
      <trkpt lat="68.16080302" lon="18.431328743"/>
      <trkpt lat="68.160839747" lon="18.43143645"/>
      <trkpt lat="68.160975933" lon="18.4316145"/>
      <trkpt lat="68.161125628" lon="18.431977905"/>
      <trkpt lat="68.161187332" lon="18.432042171"/>
      <trkpt lat="68.161315199" lon="18.432252824"/>
      <trkpt lat="68.161572358" lon="18.432779489"/>
      <trkpt lat="68.161710886" lon="18.433134318"/>
      <trkpt lat="68.162209161" lon="18.433890012"/>
      <trkpt lat="68.162363126" lon="18.434288053"/>
      <trkpt lat="68.162490157" lon="18.434535896"/>
      <trkpt lat="68.162645005" lon="18.43495106"/>
      <trkpt lat="68.162795605" lon="18.435273981"/>
      <trkpt lat="68.162958872" lon="18.43570747"/>
      <trkpt lat="68.163051314" lon="18.435864927"/>
      <trkpt lat="68.163182643" lon="18.435977793"/>
      <trkpt lat="68.163390428" lon="18.436228577"/>
      <trkpt lat="68.163491112" lon="18.436468782"/>
      <trkpt lat="68.163554337" lon="18.436577391"/>
      <trkpt lat="68.163880757" lon="18.437000068"/>
      <trkpt lat="68.163961339" lon="18.437179353"/>
      <trkpt lat="68.164127788" lon="18.437358979"/>
      <trkpt lat="68.164187384" lon="18.437460247"/>
      <trkpt lat="68.164293981" lon="18.437718383"/>
      <trkpt lat="68.164485293" lon="18.438027567"/>
      <trkpt lat="68.164947749" lon="18.438859079"/>
      <trkpt lat="68.165034532" lon="18.438930824"/>
      <trkpt lat="68.165126285" lon="18.439118723"/>
      <trkpt lat="68.165137319" lon="18.439246014"/>
      <trkpt lat="68.165171675" lon="18.439346573"/>
      <trkpt lat="68.16526629" lon="18.439575649"/>
      <trkpt lat="68.165322653" lon="18.439652657"/>
      <trkpt lat="68.165368837" lon="18.439789053"/>
      <trkpt lat="68.16546058" lon="18.439976957"/>
      <trkpt lat="68.16549418" lon="18.440111323"/>
      <trkpt lat="68.165903112" lon="18.441188636"/>
      <trkpt lat="68.16636305" lon="18.442467654"/>
      <trkpt lat="68.166427004" lon="18.442712132"/>
      <trkpt lat="68.16660711" lon="18.443182409"/>
      <trkpt lat="68.166645626" lon="18.44337866"/>
      <trkpt lat="68.166722999" lon="18.443588003"/>
      <trkpt lat="68.16678021" lon="18.443851742"/>
      <trkpt lat="68.16717282" lon="18.444811171"/>
      <trkpt lat="68.167719623" lon="18.445765195"/>
      <trkpt lat="68.167840918" lon="18.446042773"/>
      <trkpt lat="68.168181081" lon="18.446695205"/>
      <trkpt lat="68.168241593" lon="18.446867901"/>
      <trkpt lat="68.168456425" lon="18.447198026"/>
      <trkpt lat="68.168629342" lon="18.447426314"/>
      <trkpt lat="68.168840391" lon="18.44764388"/>
      <trkpt lat="68.168961451" lon="18.447819625"/>
      <trkpt lat="68.169220925" lon="18.448129889"/>
      <trkpt lat="68.170064647" lon="18.4494492"/>
      <trkpt lat="68.170188789" lon="18.449579076"/>
      <trkpt lat="68.170385256" lon="18.449936101"/>
      <trkpt lat="68.170633561" lon="18.450305126"/>
      <trkpt lat="68.170787338" lon="18.450583354"/>
      <trkpt lat="68.170925886" lon="18.450749793"/>
      <trkpt lat="68.171361613" lon="18.451426582"/>
      <trkpt lat="68.172091508" lon="18.452633765"/>
      <trkpt lat="68.172439377" lon="18.45298528"/>
      <trkpt lat="68.17262968" lon="18.453112526"/>
      <trkpt lat="68.172704023" lon="18.453196595"/>
      <trkpt lat="68.172876786" lon="18.45347804"/>
      <trkpt lat="68.173312692" lon="18.453926164"/>
      <trkpt lat="68.17338306" lon="18.453961761"/>
      <trkpt lat="68.173664222" lon="18.454394422"/>
      <trkpt lat="68.173824428" lon="18.454779654"/>
      <trkpt lat="68.174771462" lon="18.455941258"/>
      <trkpt lat="68.174932729" lon="18.456114947"/>
      <trkpt lat="68.175281683" lon="18.456418912"/>
      <trkpt lat="68.175901526" lon="18.45727005"/>
      <trkpt lat="68.176378825" lon="18.457796932"/>
      <trkpt lat="68.176501573" lon="18.458097444"/>
      <trkpt lat="68.176587635" lon="18.458224487"/>
      <trkpt lat="68.177085114" lon="18.458758166"/>
      <trkpt lat="68.177251914" lon="18.458912332"/>
      <trkpt lat="68.177368672" lon="18.458976186"/>
      <trkpt lat="68.177647093" lon="18.459251391"/>
      <trkpt lat="68.177850871" lon="18.459510782"/>
      <trkpt lat="68.177872661" lon="18.459613467"/>
      <trkpt lat="68.177915096" lon="18.459702492"/>
      <trkpt lat="68.177969564" lon="18.459766225"/>
      <trkpt lat="68.178173526" lon="18.460128118"/>
      <trkpt lat="68.178246978" lon="18.460140358"/>
      <trkpt lat="68.178345845" lon="18.460208064"/>
      <trkpt lat="68.178723771" lon="18.46057845"/>
      <trkpt lat="68.178927804" lon="18.460882295"/>
      <trkpt lat="68.179061619" lon="18.46119836"/>
      <trkpt lat="68.179448084" lon="18.461915208"/>
      <trkpt lat="68.179535021" lon="18.462114158"/>
      <trkpt lat="68.179785823" lon="18.462429265"/>
      <trkpt lat="68.179906566" lon="18.462650921"/>
      <trkpt lat="68.180031639" lon="18.462740102"/>
      <trkpt lat="68.180179921" lon="18.462980043"/>
      <trkpt lat="68.180310091" lon="18.46323403"/>
      <trkpt lat="68.180429337" lon="18.463520359"/>
      <trkpt lat="68.180483884" lon="18.463580717"/>
      <trkpt lat="68.180638996" lon="18.46391061"/>
      <trkpt lat="68.180738312" lon="18.464289269"/>
      <trkpt lat="68.180954562" lon="18.465329682"/>
      <trkpt lat="68.181014353" lon="18.465548045"/>
      <trkpt lat="68.18124131" lon="18.466289662"/>
      <trkpt lat="68.181323025" lon="18.46649459"/>
      <trkpt lat="68.181459463" lon="18.466917076"/>
      <trkpt lat="68.181527875" lon="18.467092476"/>
      <trkpt lat="68.181607282" lon="18.46723212"/>
      <trkpt lat="68.181913481" lon="18.468065572"/>
      <trkpt lat="68.181980233" lon="18.468312454"/>
      <trkpt lat="68.182077419" lon="18.468783033"/>
      <trkpt lat="68.182323003" lon="18.46949096"/>
      <trkpt lat="68.182398714" lon="18.469658209"/>
      <trkpt lat="68.182485585" lon="18.469727389"/>
      <trkpt lat="68.18262325" lon="18.469932213"/>
      <trkpt lat="68.182725206" lon="18.470186392"/>
      <trkpt lat="68.182788476" lon="18.470451498"/>
      <trkpt lat="68.182860078" lon="18.47091048"/>
      <trkpt lat="68.182967394" lon="18.471268859"/>
      <trkpt lat="68.18306415" lon="18.471697856"/>
      <trkpt lat="68.183173055" lon="18.472728156"/>
      <trkpt lat="68.183225511" lon="18.47296054"/>
      <trkpt lat="68.183293177" lon="18.473429615"/>
      <trkpt lat="68.183378458" lon="18.47379822"/>
      <trkpt lat="68.183616067" lon="18.475603735"/>
      <trkpt lat="68.18380585" lon="18.476226959"/>
      <trkpt lat="68.184289145" lon="18.477362822"/>
      <trkpt lat="68.184957636" lon="18.478811266"/>
      <trkpt lat="68.185458753" lon="18.480008671"/>
      <trkpt lat="68.185558403" lon="18.480193641"/>
      <trkpt lat="68.185909074" lon="18.480956782"/>
      <trkpt lat="68.185955559" lon="18.481112463"/>
      <trkpt lat="68.18609395" lon="18.481455304"/>
      <trkpt lat="68.186132314" lon="18.481630327"/>
      <trkpt lat="68.186143347" lon="18.481766476"/>
      <trkpt lat="68.186184063" lon="18.48189366"/>
      <trkpt lat="68.186238471" lon="18.481981729"/>
      <trkpt lat="68.186325057" lon="18.482805351"/>
      <trkpt lat="68.186468407" lon="18.483896584"/>
      <trkpt lat="68.186525001" lon="18.484229603"/>
      <trkpt lat="68.186666808" lon="18.484762501"/>
      <trkpt lat="68.18678337" lon="18.485050165"/>
      <trkpt lat="68.186927516" lon="18.485194169"/>
      <trkpt lat="68.186995029" lon="18.48521204"/>
      <trkpt lat="68.187171408" lon="18.485347496"/>
      <trkpt lat="68.187261183" lon="18.485458559"/>
      <trkpt lat="68.18742777" lon="18.485744036"/>
      <trkpt lat="68.187621247" lon="18.485916728"/>
      <trkpt lat="68.187756882" lon="18.486097266"/>
      <trkpt lat="68.187844791" lon="18.486177019"/>
      <trkpt lat="68.187933639" lon="18.486215597"/>
      <trkpt lat="68.188179239" lon="18.48652081"/>
      <trkpt lat="68.188436837" lon="18.486748741"/>
      <trkpt lat="68.18856097" lon="18.48692742"/>
      <trkpt lat="68.188761331" lon="18.487135736"/>
      <trkpt lat="68.188922506" lon="18.487434115"/>
      <trkpt lat="68.188972735" lon="18.487593901"/>
      <trkpt lat="68.189203516" lon="18.487817482"/>
      <trkpt lat="68.189323663" lon="18.488002425"/>
      <trkpt lat="68.189519026" lon="18.488034206"/>
      <trkpt lat="68.189603271" lon="18.488220186"/>
      <trkpt lat="68.189728414" lon="18.488354236"/>
      <trkpt lat="68.189800657" lon="18.48839013"/>
      <trkpt lat="68.190138701" lon="18.488858595"/>
      <trkpt lat="68.190339448" lon="18.489049758"/>
      <trkpt lat="68.190430337" lon="18.489167928"/>
      <trkpt lat="68.190719236" lon="18.489428573"/>
      <trkpt lat="68.190854781" lon="18.489498889"/>
      <trkpt lat="68.190981193" lon="18.489633171"/>
      <trkpt lat="68.191201178" lon="18.48993775"/>
      <trkpt lat="68.191446575" lon="18.490194784"/>
      <trkpt lat="68.191670893" lon="18.490534525"/>
      <trkpt lat="68.191755514" lon="18.490703368"/>
      <trkpt lat="68.191909374" lon="18.491155713"/>
      <trkpt lat="68.191978988" lon="18.491308313"/>
      <trkpt lat="68.192046319" lon="18.491505347"/>
      <trkpt lat="68.192159813" lon="18.492099298"/>
      <trkpt lat="68.192225831" lon="18.492240994"/>
      <trkpt lat="68.192246104" lon="18.492364898"/>
      <trkpt lat="68.192387494" lon="18.492801451"/>
      <trkpt lat="68.192449331" lon="18.492901113"/>
      <trkpt lat="68.192581202" lon="18.493191372"/>
      <trkpt lat="68.192809458" lon="18.493583499"/>
      <trkpt lat="68.192967786" lon="18.493950455"/>
      <trkpt lat="68.193439041" lon="18.494592428"/>
      <trkpt lat="68.193518167" lon="18.494663914"/>
      <trkpt lat="68.193801435" lon="18.495116734"/>
      <trkpt lat="68.193846862" lon="18.495148276"/>
      <trkpt lat="68.193944639" lon="18.494960888"/>
      <trkpt lat="68.194011237" lon="18.494906285"/>
      <trkpt lat="68.194087269" lon="18.494887662"/>
      <trkpt lat="68.194463598" lon="18.495037258"/>
      <trkpt lat="68.1946288" lon="18.495168813"/>
      <trkpt lat="68.195020224" lon="18.495620526"/>
      <trkpt lat="68.195219016" lon="18.495883697"/>
      <trkpt lat="68.195302348" lon="18.4959461"/>
      <trkpt lat="68.195483428" lon="18.49618539"/>
      <trkpt lat="68.195673151" lon="18.496327899"/>
      <trkpt lat="68.195788627" lon="18.496469083"/>
      <trkpt lat="68.195924123" lon="18.496588901"/>
      <trkpt lat="68.196001812" lon="18.496611844"/>
      <trkpt lat="68.196252314" lon="18.496893798"/>
      <trkpt lat="68.196344658" lon="18.496961158"/>
      <trkpt lat="68.196387488" lon="18.497087228"/>
      <trkpt lat="68.196659864" lon="18.497602276"/>
      <trkpt lat="68.196721712" lon="18.497752414"/>
      <trkpt lat="68.196784682" lon="18.497969378"/>
      <trkpt lat="68.196877257" lon="18.498144068"/>
      <trkpt lat="68.196928684" lon="18.498411768"/>
      <trkpt lat="68.196970307" lon="18.498769074"/>
      <trkpt lat="68.19720228" lon="18.499646238"/>
      <trkpt lat="68.197311758" lon="18.500142007"/>
      <trkpt lat="68.197341955" lon="18.500425656"/>
      <trkpt lat="68.19744234" lon="18.501126096"/>
      <trkpt lat="68.197520472" lon="18.501550747"/>
      <trkpt lat="68.197697416" lon="18.50223601"/>
      <trkpt lat="68.197733762" lon="18.502336392"/>
      <trkpt lat="68.197834748" lon="18.502525125"/>
      <trkpt lat="68.197903594" lon="18.502711121"/>
      <trkpt lat="68.198072927" lon="18.503013735"/>
      <trkpt lat="68.198179851" lon="18.50326784"/>
      <trkpt lat="68.198501135" lon="18.504214013"/>
      <trkpt lat="68.198576905" lon="18.50495568"/>
      <trkpt lat="68.198680381" lon="18.505389728"/>
      <trkpt lat="68.198727375" lon="18.505840627"/>
      <trkpt lat="68.19889002" lon="18.506715779"/>
      <trkpt lat="68.199029383" lon="18.507289839"/>
      <trkpt lat="68.199412874" lon="18.509102803"/>
      <trkpt lat="68.199578611" lon="18.509826892"/>
      <trkpt lat="68.199717775" lon="18.510530731"/>
      <trkpt lat="68.19986536" lon="18.511087492"/>
      <trkpt lat="68.199915709" lon="18.511365701"/>
      <trkpt lat="68.199936186" lon="18.511562063"/>
      <trkpt lat="68.199948921" lon="18.511847893"/>
      <trkpt lat="68.200040865" lon="18.51280728"/>
      <trkpt lat="68.200197377" lon="18.513973983"/>
      <trkpt lat="68.200275857" lon="18.514366312"/>
      <trkpt lat="68.200383455" lon="18.51478998"/>
      <trkpt lat="68.200418617" lon="18.514991212"/>
      <trkpt lat="68.200646404" lon="18.515677397"/>
      <trkpt lat="68.200841854" lon="18.516378857"/>
      <trkpt lat="68.200993723" lon="18.517026182"/>
      <trkpt lat="68.201039827" lon="18.517322059"/>
      <trkpt lat="68.201098702" lon="18.517557774"/>
      <trkpt lat="68.201141471" lon="18.517795705"/>
      <trkpt lat="68.201279797" lon="18.518225599"/>
      <trkpt lat="68.201485382" lon="18.519090193"/>
      <trkpt lat="68.201598636" lon="18.51937378"/>
      <trkpt lat="68.201775626" lon="18.52004852"/>
      <trkpt lat="68.201899288" lon="18.520374383"/>
      <trkpt lat="68.202257203" lon="18.521104184"/>
      <trkpt lat="68.202489494" lon="18.521747612"/>
      <trkpt lat="68.202520859" lon="18.521815167"/>
      <trkpt lat="68.202597691" lon="18.521890195"/>
      <trkpt lat="68.202633072" lon="18.521958102"/>
      <trkpt lat="68.202841635" lon="18.522909559"/>
      <trkpt lat="68.203072624" lon="18.523549294"/>
      <trkpt lat="68.203143156" lon="18.523818474"/>
      <trkpt lat="68.203302005" lon="18.52478013"/>
      <trkpt lat="68.203536032" lon="18.525503086"/>
      <trkpt lat="68.203733821" lon="18.526457283"/>
      <trkpt lat="68.203807536" lon="18.52691061"/>
      <trkpt lat="68.203869605" lon="18.527215142"/>
      <trkpt lat="68.203964049" lon="18.527500786"/>
      <trkpt lat="68.204021655" lon="18.527729235"/>
      <trkpt lat="68.204109067" lon="18.528270256"/>
      <trkpt lat="68.204145406" lon="18.528370708"/>
      <trkpt lat="68.204225784" lon="18.52871287"/>
      <trkpt lat="68.204333111" lon="18.529270019"/>
      <trkpt lat="68.204386778" lon="18.529718054"/>
      <trkpt lat="68.204557008" lon="18.531527994"/>
      <trkpt lat="68.204590216" lon="18.531779596"/>
      <trkpt lat="68.20471691" lon="18.532185165"/>
      <trkpt lat="68.204785661" lon="18.532362371"/>
      <trkpt lat="68.204958571" lon="18.532698046"/>
      <trkpt lat="68.205091678" lon="18.533113237"/>
      <trkpt lat="68.205150382" lon="18.533248062"/>
      <trkpt lat="68.205252005" lon="18.533606489"/>
      <trkpt lat="68.205311554" lon="18.533896413"/>
      <trkpt lat="68.205414338" lon="18.534269357"/>
      <trkpt lat="68.205553884" lon="18.534706779"/>
      <trkpt lat="68.205673215" lon="18.535153243"/>
      <trkpt lat="68.205751551" lon="18.535347082"/>
      <trkpt lat="68.205992918" lon="18.536090674"/>
      <trkpt lat="68.206180108" lon="18.53689905"/>
      <trkpt lat="68.206470461" lon="18.537923547"/>
      <trkpt lat="68.20681354" lon="18.538782125"/>
      <trkpt lat="68.207107688" lon="18.539605176"/>
      <trkpt lat="68.207211994" lon="18.539832279"/>
      <trkpt lat="68.20731795" lon="18.540113733"/>
      <trkpt lat="68.207500048" lon="18.540409184"/>
      <trkpt lat="68.207572921" lon="18.540668078"/>
      <trkpt lat="68.207777914" lon="18.541100185"/>
      <trkpt lat="68.20803546" lon="18.541517805"/>
      <trkpt lat="68.208277005" lon="18.541576094"/>
      <trkpt lat="68.208377725" lon="18.541708927"/>
      <trkpt lat="68.208684998" lon="18.541978252"/>
      <trkpt lat="68.208848987" lon="18.542238811"/>
      <trkpt lat="68.209089653" lon="18.542769636"/>
      <trkpt lat="68.209381803" lon="18.543697158"/>
      <trkpt lat="68.209450658" lon="18.543955534"/>
      <trkpt lat="68.209500788" lon="18.544211353"/>
      <trkpt lat="68.209559323" lon="18.544944579"/>
      <trkpt lat="68.209585595" lon="18.546178531"/>
      <trkpt lat="68.209796799" lon="18.548336145"/>
      <trkpt lat="68.209974995" lon="18.549829068"/>
      <trkpt lat="68.21006778" lon="18.550451557"/>
      <trkpt lat="68.210156568" lon="18.551001347"/>
      <trkpt lat="68.210232687" lon="18.551300455"/>
      <trkpt lat="68.210298871" lon="18.551486317"/>
      <trkpt lat="68.210392826" lon="18.551621904"/>
      <trkpt lat="68.21053634" lon="18.551901376"/>
      <trkpt lat="68.210879048" lon="18.552493239"/>
      <trkpt lat="68.211111391" lon="18.552824629"/>
      <trkpt lat="68.211778238" lon="18.553926522"/>
      <trkpt lat="68.21212426" lon="18.55455501"/>
      <trkpt lat="68.21233315" lon="18.554850717"/>
      <trkpt lat="68.212457075" lon="18.555102291"/>
      <trkpt lat="68.212564153" lon="18.555181969"/>
      <trkpt lat="68.212645728" lon="18.555333892"/>
      <trkpt lat="68.212771172" lon="18.555647043"/>
      <trkpt lat="68.212956163" lon="18.556000827"/>
      <trkpt lat="68.213307114" lon="18.556510978"/>
      <trkpt lat="68.213577552" lon="18.557024495"/>
      <trkpt lat="68.213800459" lon="18.557358278"/>
      <trkpt lat="68.213898049" lon="18.557584609"/>
      <trkpt lat="68.213960526" lon="18.557683413"/>
      <trkpt lat="68.214140803" lon="18.557791192"/>
      <trkpt lat="68.214208762" lon="18.557883548"/>
      <trkpt lat="68.214352205" lon="18.558307463"/>
      <trkpt lat="68.21495647" lon="18.559314452"/>
      <trkpt lat="68.214995222" lon="18.559532718"/>
      <trkpt lat="68.215050568" lon="18.559724382"/>
      <trkpt lat="68.215110753" lon="18.559873399"/>
      <trkpt lat="68.215189448" lon="18.560176558"/>
      <trkpt lat="68.215242927" lon="18.560537599"/>
      <trkpt lat="68.215319907" lon="18.560790009"/>
      <trkpt lat="68.215521996" lon="18.561160682"/>
      <trkpt lat="68.215546687" lon="18.561272339"/>
      <trkpt lat="68.215608547" lon="18.561403561"/>
      <trkpt lat="68.215733214" lon="18.56161562"/>
      <trkpt lat="68.215852944" lon="18.561805345"/>
      <trkpt lat="68.215964031" lon="18.561885595"/>
      <trkpt lat="68.216090946" lon="18.5618381"/>
      <trkpt lat="68.21622952" lon="18.561741689"/>
      <trkpt lat="68.216364195" lon="18.561709715"/>
      <trkpt lat="68.216846474" lon="18.562432998"/>
      <trkpt lat="68.217258631" lon="18.563175503"/>
      <trkpt lat="68.217598412" lon="18.563704703"/>
      <trkpt lat="68.218348038" lon="18.564955748"/>
      <trkpt lat="68.21925768" lon="18.566545323"/>
      <trkpt lat="68.219723068" lon="18.567183657"/>
      <trkpt lat="68.219882038" lon="18.567457144"/>
      <trkpt lat="68.220196972" lon="18.567909972"/>
      <trkpt lat="68.220810465" lon="18.569043137"/>
      <trkpt lat="68.220903419" lon="18.569283112"/>
      <trkpt lat="68.22127881" lon="18.570099736"/>
      <trkpt lat="68.221429588" lon="18.570486988"/>
      <trkpt lat="68.221587303" lon="18.57081068"/>
      <trkpt lat="68.221718399" lon="18.571129592"/>
      <trkpt lat="68.221813999" lon="18.571478087"/>
      <trkpt lat="68.221952359" lon="18.571827092"/>
      <trkpt lat="68.222308971" lon="18.57232356"/>
      <trkpt lat="68.222470012" lon="18.572943118"/>
      <trkpt lat="68.222647211" lon="18.573450416"/>
      <trkpt lat="68.222821941" lon="18.573842037"/>
      <trkpt lat="68.223192014" lon="18.574441787"/>
      <trkpt lat="68.22334066" lon="18.574807121"/>
      <trkpt lat="68.223505992" lon="18.575146671"/>
      <trkpt lat="68.223906576" lon="18.575809596"/>
      <trkpt lat="68.224602833" lon="18.577267783"/>
      <trkpt lat="68.224841435" lon="18.577671051"/>
      <trkpt lat="68.225587898" lon="18.579152838"/>
      <trkpt lat="68.225768473" lon="18.579524013"/>
      <trkpt lat="68.226010582" lon="18.580108"/>
      <trkpt lat="68.226287476" lon="18.580691081"/>
      <trkpt lat="68.226721185" lon="18.581525836"/>
      <trkpt lat="68.226883664" lon="18.581872176"/>
      <trkpt lat="68.227104653" lon="18.582445169"/>
      <trkpt lat="68.227590577" lon="18.583008575"/>
      <trkpt lat="68.22774952" lon="18.583282267"/>
      <trkpt lat="68.228080916" lon="18.583716839"/>
      <trkpt lat="68.228579925" lon="18.584505968"/>
      <trkpt lat="68.228752326" lon="18.584882946"/>
      <trkpt lat="68.229052525" lon="18.58546553"/>
      <trkpt lat="68.229466662" lon="18.586721639"/>
      <trkpt lat="68.229709326" lon="18.587511592"/>
      <trkpt lat="68.229863577" lon="18.587923969"/>
      <trkpt lat="68.230248241" lon="18.588699259"/>
      <trkpt lat="68.230504098" lon="18.589398348"/>
      <trkpt lat="68.230985538" lon="18.590538559"/>
      <trkpt lat="68.231189587" lon="18.590889017"/>
      <trkpt lat="68.231539976" lon="18.59174388"/>
      <trkpt lat="68.231724746" lon="18.592018496"/>
      <trkpt lat="68.231888143" lon="18.592389598"/>
      <trkpt lat="68.232182883" lon="18.592938235"/>
      <trkpt lat="68.23240667" lon="18.593443845"/>
      <trkpt lat="68.23289549" lon="18.594412988"/>
      <trkpt lat="68.233006333" lon="18.594751982"/>
      <trkpt lat="68.233127334" lon="18.595013835"/>
      <trkpt lat="68.233519858" lon="18.595697357"/>
      <trkpt lat="68.233673605" lon="18.596030578"/>
      <trkpt lat="68.233816252" lon="18.596282394"/>
      <trkpt lat="68.234373774" lon="18.597085518"/>
      <trkpt lat="68.234635787" lon="18.597368542"/>
      <trkpt lat="68.235474388" lon="18.598055473"/>
      <trkpt lat="68.235611956" lon="18.598104734"/>
      <trkpt lat="68.235748651" lon="18.598089045"/>
      <trkpt lat="68.235884628" lon="18.598195559"/>
      <trkpt lat="68.23607256" lon="18.598355749"/>
      <trkpt lat="68.236415616" lon="18.598799099"/>
      <trkpt lat="68.236648992" lon="18.599054814"/>
      <trkpt lat="68.236887006" lon="18.599239479"/>
      <trkpt lat="68.23734376" lon="18.599532959"/>
      <trkpt lat="68.23756734" lon="18.599563534"/>
      <trkpt lat="68.237771208" lon="18.599726934"/>
      <trkpt lat="68.238014853" lon="18.599804771"/>
      <trkpt lat="68.238301604" lon="18.59986967"/>
      <trkpt lat="68.238554136" lon="18.599819682"/>
      <trkpt lat="68.238738258" lon="18.59982793"/>
      <trkpt lat="68.239007872" lon="18.599932564"/>
      <trkpt lat="68.239525188" lon="18.600065459"/>
      <trkpt lat="68.240087097" lon="18.600516964"/>
      <trkpt lat="68.240315277" lon="18.600670883"/>
      <trkpt lat="68.240706922" lon="18.600807319"/>
      <trkpt lat="68.240980754" lon="18.60094728"/>
      <trkpt lat="68.241161911" lon="18.600924109"/>
      <trkpt lat="68.241437669" lon="18.600991828"/>
      <trkpt lat="68.241795192" lon="18.601126146"/>
      <trkpt lat="68.242218594" lon="18.601215071"/>
      <trkpt lat="68.242519197" lon="18.601156855"/>
      <trkpt lat="68.243778956" lon="18.601102265"/>
      <trkpt lat="68.243977588" lon="18.601014615"/>
      <trkpt lat="68.244180666" lon="18.601031793"/>
      <trkpt lat="68.244562494" lon="18.600821081"/>
      <trkpt lat="68.244949553" lon="18.600661545"/>
      <trkpt lat="68.245350409" lon="18.60044561"/>
      <trkpt lat="68.245591674" lon="18.600237553"/>
      <trkpt lat="68.245767155" lon="18.60023297"/>
      <trkpt lat="68.246283928" lon="18.599962496"/>
      <trkpt lat="68.246665149" lon="18.599894073"/>
      <trkpt lat="68.247240266" lon="18.599722265"/>
      <trkpt lat="68.247457076" lon="18.599753559"/>
      <trkpt lat="68.247705987" lon="18.599703224"/>
      <trkpt lat="68.24784822" lon="18.599588237"/>
      <trkpt lat="68.24803654" lon="18.599523368"/>
      <trkpt lat="68.248455133" lon="18.599490216"/>
      <trkpt lat="68.249617406" lon="18.599004648"/>
      <trkpt lat="68.24991095" lon="18.598901541"/>
      <trkpt lat="68.249999986" lon="18.598912828"/>
      <trkpt lat="68.250558069" lon="18.598712547"/>
      <trkpt lat="68.250893402" lon="18.598411448"/>
      <trkpt lat="68.251434129" lon="18.598035837"/>
      <trkpt lat="68.251581993" lon="18.597842031"/>
      <trkpt lat="68.251927311" lon="18.597606876"/>
      <trkpt lat="68.252073426" lon="18.597464349"/>
      <trkpt lat="68.252275768" lon="18.597360753"/>
      <trkpt lat="68.25246714" lon="18.597224549"/>
      <trkpt lat="68.252631349" lon="18.597173023"/>
      <trkpt lat="68.252851249" lon="18.596994442"/>
      <trkpt lat="68.25319313" lon="18.596813845"/>
      <trkpt lat="68.253325653" lon="18.596713658"/>
      <trkpt lat="68.253481985" lon="18.596486623"/>
      <trkpt lat="68.253633712" lon="18.596368602"/>
      <trkpt lat="68.253793513" lon="18.596091244"/>
      <trkpt lat="68.254245075" lon="18.595432404"/>
      <trkpt lat="68.254370313" lon="18.59528574"/>
      <trkpt lat="68.254468726" lon="18.595031792"/>
      <trkpt lat="68.254640195" lon="18.594858877"/>
      <trkpt lat="68.254720709" lon="18.594639699"/>
      <trkpt lat="68.25509027" lon="18.593795202"/>
      <trkpt lat="68.255242218" lon="18.593380278"/>
      <trkpt lat="68.255632399" lon="18.592488626"/>
      <trkpt lat="68.255754553" lon="18.592165017"/>
      <trkpt lat="68.255898692" lon="18.591626711"/>
      <trkpt lat="68.256011197" lon="18.59128525"/>
      <trkpt lat="68.256073006" lon="18.591008291"/>
      <trkpt lat="68.256170474" lon="18.590699632"/>
      <trkpt lat="68.256287781" lon="18.590394429"/>
      <trkpt lat="68.256386417" lon="18.590294364"/>
      <trkpt lat="68.256471548" lon="18.590106014"/>
      <trkpt lat="68.256739456" lon="18.589745769"/>
      <trkpt lat="68.256820171" lon="18.589542695"/>
      <trkpt lat="68.257136997" lon="18.589210497"/>
      <trkpt lat="68.257328981" lon="18.589065524"/>
      <trkpt lat="68.257687511" lon="18.588845436"/>
      <trkpt lat="68.257786114" lon="18.588816307"/>
      <trkpt lat="68.257944226" lon="18.588704256"/>
      <trkpt lat="68.258157354" lon="18.588613275"/>
      <trkpt lat="68.258283306" lon="18.588485582"/>
      <trkpt lat="68.258502569" lon="18.588349267"/>
      <trkpt lat="68.258659682" lon="18.588476376"/>
      <trkpt lat="68.258848325" lon="18.588559239"/>
      <trkpt lat="68.259190521" lon="18.588706179"/>
      <trkpt lat="68.259361195" lon="18.588723573"/>
      <trkpt lat="68.259454615" lon="18.588564307"/>
      <trkpt lat="68.259569708" lon="18.588600101"/>
      <trkpt lat="68.25969768" lon="18.588419249"/>
      <trkpt lat="68.259772994" lon="18.588380909"/>
      <trkpt lat="68.260114904" lon="18.58769716"/>
      <trkpt lat="68.260215926" lon="18.587535591"/>
      <trkpt lat="68.260331426" lon="18.587441441"/>
      <trkpt lat="68.260467451" lon="18.587262763"/>
      <trkpt lat="68.260709119" lon="18.586807837"/>
      <trkpt lat="68.260781523" lon="18.586764066"/>
      <trkpt lat="68.260934507" lon="18.586485027"/>
      <trkpt lat="68.261009936" lon="18.586257816"/>
      <trkpt lat="68.261060832" lon="18.586025345"/>
      <trkpt lat="68.261107448" lon="18.585632418"/>
      <trkpt lat="68.261137234" lon="18.585483683"/>
      <trkpt lat="68.261192054" lon="18.585302414"/>
      <trkpt lat="68.261243693" lon="18.585005465"/>
      <trkpt lat="68.261320172" lon="18.58470953"/>
      <trkpt lat="68.261356916" lon="18.584470131"/>
      <trkpt lat="68.261632466" lon="18.583602825"/>
      <trkpt lat="68.261682071" lon="18.583403794"/>
      <trkpt lat="68.261792392" lon="18.583114006"/>
      <trkpt lat="68.261935776" lon="18.582803285"/>
      <trkpt lat="68.262077254" lon="18.582226856"/>
      <trkpt lat="68.262141386" lon="18.582414224"/>
      <trkpt lat="68.262207827" lon="18.582692815"/>
      <trkpt lat="68.262251701" lon="18.582793732"/>
      <trkpt lat="68.262486914" lon="18.583621945"/>
      <trkpt lat="68.262708767" lon="18.58404119"/>
      <trkpt lat="68.262754022" lon="18.584269171"/>
      <trkpt lat="68.262826356" lon="18.584479306"/>
      <trkpt lat="68.262926705" lon="18.584534505"/>
      <trkpt lat="68.262974776" lon="18.584702284"/>
      <trkpt lat="68.263071021" lon="18.584799896"/>
      <trkpt lat="68.263231205" lon="18.584614918"/>
      <trkpt lat="68.263438351" lon="18.584455071"/>
      <trkpt lat="68.263545787" lon="18.584138329"/>
      <trkpt lat="68.263679777" lon="18.583573172"/>
      <trkpt lat="68.263806353" lon="18.582853971"/>
      <trkpt lat="68.26387498" lon="18.582627883"/>
      <trkpt lat="68.263988624" lon="18.582408443"/>
      <trkpt lat="68.264141374" lon="18.582219416"/>
      <trkpt lat="68.26452972" lon="18.581902281"/>
      <trkpt lat="68.264814751" lon="18.581391601"/>
      <trkpt lat="68.265082317" lon="18.5811549"/>
      <trkpt lat="68.265201349" lon="18.581125468"/>
      <trkpt lat="68.265372631" lon="18.58086244"/>
      <trkpt lat="68.265459452" lon="18.580786421"/>
      <trkpt lat="68.265540827" lon="18.580742236"/>
      <trkpt lat="68.265783502" lon="18.580708202"/>
      <trkpt lat="68.266076765" lon="18.580589846"/>
      <trkpt lat="68.266215997" lon="18.580371093"/>
      <trkpt lat="68.266340547" lon="18.580236839"/>
      <trkpt lat="68.2673564" lon="18.580150239"/>
      <trkpt lat="68.267734115" lon="18.580253435"/>
      <trkpt lat="68.267872938" lon="18.580233788"/>
      <trkpt lat="68.268036195" lon="18.580144371"/>
      <trkpt lat="68.268191064" lon="18.580152469"/>
      <trkpt lat="68.268523126" lon="18.580105469"/>
      <trkpt lat="68.26875755" lon="18.579954913"/>
      <trkpt lat="68.268948022" lon="18.57991302"/>
      <trkpt lat="68.269166176" lon="18.57995489"/>
      <trkpt lat="68.269369234" lon="18.579836104"/>
      <trkpt lat="68.269541404" lon="18.579681861"/>
      <trkpt lat="68.269949257" lon="18.579564646"/>
      <trkpt lat="68.270150044" lon="18.579566732"/>
      <trkpt lat="68.270452942" lon="18.579265716"/>
      <trkpt lat="68.270566346" lon="18.579246535"/>
      <trkpt lat="68.270813812" lon="18.579294477"/>
      <trkpt lat="68.270999653" lon="18.579432983"/>
      <trkpt lat="68.27238524" lon="18.580270142"/>
      <trkpt lat="68.272745563" lon="18.580814257"/>
      <trkpt lat="68.27299733" lon="18.581011564"/>
      <trkpt lat="68.274161469" lon="18.581655986"/>
      <trkpt lat="68.274401959" lon="18.58187472"/>
      <trkpt lat="68.274545441" lon="18.581945264"/>
      <trkpt lat="68.274726923" lon="18.581871227"/>
      <trkpt lat="68.275010026" lon="18.581901358"/>
      <trkpt lat="68.275312533" lon="18.582070588"/>
      <trkpt lat="68.275529844" lon="18.582237891"/>
      <trkpt lat="68.27569989" lon="18.582434895"/>
      <trkpt lat="68.275871177" lon="18.582717288"/>
      <trkpt lat="68.276112931" lon="18.583575367"/>
      <trkpt lat="68.276250436" lon="18.583867766"/>
      <trkpt lat="68.276425245" lon="18.584444596"/>
      <trkpt lat="68.276540967" lon="18.584675372"/>
      <trkpt lat="68.276828678" lon="18.585528985"/>
      <trkpt lat="68.277011728" lon="18.585790475"/>
      <trkpt lat="68.277113149" lon="18.585840962"/>
      <trkpt lat="68.277206914" lon="18.585767032"/>
      <trkpt lat="68.277379638" lon="18.585814759"/>
      <trkpt lat="68.277569585" lon="18.586047544"/>
      <trkpt lat="68.277791441" lon="18.586380852"/>
      <trkpt lat="68.278065172" lon="18.586915828"/>
      <trkpt lat="68.278181626" lon="18.587314461"/>
      <trkpt lat="68.278234693" lon="18.587710235"/>
      <trkpt lat="68.2782829" lon="18.587973637"/>
      <trkpt lat="68.278331064" lon="18.588142498"/>
      <trkpt lat="68.278390972" lon="18.588237412"/>
      <trkpt lat="68.278469735" lon="18.588303528"/>
      <trkpt lat="68.278869425" lon="18.588879961"/>
      <trkpt lat="68.279064791" lon="18.589116598"/>
      <trkpt lat="68.279209704" lon="18.589514815"/>
      <trkpt lat="68.279271387" lon="18.589750481"/>
      <trkpt lat="68.279431047" lon="18.589941067"/>
      <trkpt lat="68.27948375" lon="18.590102604"/>
      <trkpt lat="68.279549586" lon="18.590234081"/>
      <trkpt lat="68.279668412" lon="18.590253385"/>
      <trkpt lat="68.280139448" lon="18.590993684"/>
      <trkpt lat="68.280318323" lon="18.591165365"/>
      <trkpt lat="68.28042102" lon="18.591060239"/>
      <trkpt lat="68.280705524" lon="18.59064451"/>
      <trkpt lat="68.280892414" lon="18.590779868"/>
      <trkpt lat="68.28123161" lon="18.591385975"/>
      <trkpt lat="68.281362365" lon="18.591401927"/>
      <trkpt lat="68.28166835" lon="18.590731838"/>
      <trkpt lat="68.28196837" lon="18.5897662"/>
      <trkpt lat="68.28239477" lon="18.589729773"/>
      <trkpt lat="68.282824683" lon="18.590135947"/>
      <trkpt lat="68.283125935" lon="18.59052693"/>
      <trkpt lat="68.283236491" lon="18.5907017"/>
      <trkpt lat="68.28330704" lon="18.590872842"/>
      <trkpt lat="68.283487866" lon="18.590673801"/>
      <trkpt lat="68.283567531" lon="18.59053171"/>
      <trkpt lat="68.283695532" lon="18.590393977"/>
      <trkpt lat="68.283942991" lon="18.590418846"/>
      <trkpt lat="68.284190407" lon="18.590748691"/>
      <trkpt lat="68.284374776" lon="18.590576101"/>
      <trkpt lat="68.284426918" lon="18.590469035"/>
      <trkpt lat="68.284542832" lon="18.590080703"/>
      <trkpt lat="68.284616981" lon="18.589887459"/>
      <trkpt lat="68.284686847" lon="18.589812308"/>
      <trkpt lat="68.284785785" lon="18.589827976"/>
      <trkpt lat="68.284885516" lon="18.589891378"/>
      <trkpt lat="68.285154582" lon="18.589723374"/>
      <trkpt lat="68.285311768" lon="18.589743117"/>
      <trkpt lat="68.285434701" lon="18.589820989"/>
      <trkpt lat="68.285548951" lon="18.589982409"/>
      <trkpt lat="68.285641073" lon="18.590242288"/>
      <trkpt lat="68.286000202" lon="18.590492322"/>
      <trkpt lat="68.286000203" lon="18.590492322"/>
      <trkpt lat="68.285641073" lon="18.590242288"/>
      <trkpt lat="68.285548951" lon="18.589982409"/>
      <trkpt lat="68.285434702" lon="18.589820989"/>
      <trkpt lat="68.285311769" lon="18.589743117"/>
      <trkpt lat="68.285154582" lon="18.589723375"/>
      <trkpt lat="68.284885516" lon="18.589891378"/>
      <trkpt lat="68.284686847" lon="18.589812308"/>
      <trkpt lat="68.284616981" lon="18.589887459"/>
      <trkpt lat="68.284426919" lon="18.590469035"/>
      <trkpt lat="68.28431749" lon="18.590642655"/>
      <trkpt lat="68.284190407" lon="18.590748691"/>
      <trkpt lat="68.28396198" lon="18.590390976"/>
      <trkpt lat="68.283815033" lon="18.590606659"/>
      <trkpt lat="68.283548269" lon="18.591435022"/>
      <trkpt lat="68.283529856" lon="18.592240999"/>
      <trkpt lat="68.283649581" lon="18.592594992"/>
      <trkpt lat="68.283704584" lon="18.592991666"/>
      <trkpt lat="68.283792163" lon="18.593277449"/>
      <trkpt lat="68.283909196" lon="18.593589218"/>
      <trkpt lat="68.28400196" lon="18.593735547"/>
      <trkpt lat="68.284262281" lon="18.594435024"/>
      <trkpt lat="68.284365024" lon="18.594848549"/>
      <trkpt lat="68.284383443" lon="18.595028571"/>
      <trkpt lat="68.284562111" lon="18.595539198"/>
      <trkpt lat="68.284746438" lon="18.596327578"/>
      <trkpt lat="68.284875963" lon="18.597011745"/>
      <trkpt lat="68.284994815" lon="18.597455047"/>
      <trkpt lat="68.285282277" lon="18.598713592"/>
      <trkpt lat="68.285763713" lon="18.600111107"/>
      <trkpt lat="68.286009977" lon="18.60067587"/>
      <trkpt lat="68.286101784" lon="18.600974849"/>
      <trkpt lat="68.286362931" lon="18.602081609"/>
      <trkpt lat="68.286491959" lon="18.602472123"/>
      <trkpt lat="68.286822578" lon="18.603260166"/>
      <trkpt lat="68.286994061" lon="18.604103808"/>
      <trkpt lat="68.287201301" lon="18.604647974"/>
      <trkpt lat="68.287306639" lon="18.605054615"/>
      <trkpt lat="68.287316586" lon="18.606094451"/>
      <trkpt lat="68.287364794" lon="18.606351186"/>
      <trkpt lat="68.287427836" lon="18.606579535"/>
      <trkpt lat="68.287567732" lon="18.606923227"/>
      <trkpt lat="68.287924636" lon="18.608296191"/>
      <trkpt lat="68.288076958" lon="18.608812157"/>
      <trkpt lat="68.288264383" lon="18.609601604"/>
      <trkpt lat="68.288382683" lon="18.60991661"/>
      <trkpt lat="68.28848265" lon="18.610258989"/>
      <trkpt lat="68.288590726" lon="18.610973338"/>
      <trkpt lat="68.288680972" lon="18.612145526"/>
      <trkpt lat="68.288793517" lon="18.612542917"/>
      <trkpt lat="68.289480158" lon="18.614118957"/>
      <trkpt lat="68.289641384" lon="18.614407912"/>
      <trkpt lat="68.289799674" lon="18.614622877"/>
      <trkpt lat="68.290007881" lon="18.614707408"/>
      <trkpt lat="68.290300621" lon="18.615173262"/>
      <trkpt lat="68.290576304" lon="18.615724632"/>
      <trkpt lat="68.290814348" lon="18.616614905"/>
      <trkpt lat="68.290888057" lon="18.616972111"/>
      <trkpt lat="68.291155132" lon="18.617789359"/>
      <trkpt lat="68.291395184" lon="18.619451394"/>
      <trkpt lat="68.29180107" lon="18.620308854"/>
      <trkpt lat="68.292252025" lon="18.621555383"/>
      <trkpt lat="68.292390589" lon="18.622400334"/>
      <trkpt lat="68.292589355" lon="18.623144324"/>
      <trkpt lat="68.292919881" lon="18.624236039"/>
      <trkpt lat="68.293039145" lon="18.62481236"/>
      <trkpt lat="68.293198559" lon="18.625376656"/>
      <trkpt lat="68.293500154" lon="18.626943201"/>
      <trkpt lat="68.293595342" lon="18.627269279"/>
      <trkpt lat="68.293762864" lon="18.62802197"/>
      <trkpt lat="68.293990704" lon="18.629291167"/>
      <trkpt lat="68.294132621" lon="18.629746944"/>
      <trkpt lat="68.294485508" lon="18.631888433"/>
      <trkpt lat="68.294675923" lon="18.632708629"/>
      <trkpt lat="68.295024227" lon="18.633495721"/>
      <trkpt lat="68.295299026" lon="18.634523356"/>
      <trkpt lat="68.295474043" lon="18.635507563"/>
      <trkpt lat="68.295542607" lon="18.63577086"/>
      <trkpt lat="68.295890936" lon="18.63663389"/>
      <trkpt lat="68.296009898" lon="18.636855247"/>
      <trkpt lat="68.296274273" lon="18.637895819"/>
      <trkpt lat="68.296310283" lon="18.638652806"/>
      <trkpt lat="68.296325461" lon="18.640404988"/>
      <trkpt lat="68.296349514" lon="18.640973124"/>
      <trkpt lat="68.296387692" lon="18.641365764"/>
      <trkpt lat="68.296625522" lon="18.642605815"/>
      <trkpt lat="68.296680333" lon="18.643118137"/>
      <trkpt lat="68.296678359" lon="18.643439649"/>
      <trkpt lat="68.296795474" lon="18.643650661"/>
      <trkpt lat="68.296989984" lon="18.644433942"/>
      <trkpt lat="68.297150907" lon="18.644900683"/>
      <trkpt lat="68.297224817" lon="18.645192404"/>
      <trkpt lat="68.297343149" lon="18.645510936"/>
      <trkpt lat="68.297505309" lon="18.645835851"/>
      <trkpt lat="68.297686552" lon="18.646463801"/>
      <trkpt lat="68.297806021" lon="18.647037685"/>
      <trkpt lat="68.298158999" lon="18.648519871"/>
      <trkpt lat="68.298289352" lon="18.648707367"/>
      <trkpt lat="68.298700956" lon="18.64904068"/>
      <trkpt lat="68.298932764" lon="18.649175283"/>
      <trkpt lat="68.29920399" lon="18.649223296"/>
      <trkpt lat="68.299416334" lon="18.649189121"/>
      <trkpt lat="68.299618147" lon="18.649303782"/>
      <trkpt lat="68.299770129" lon="18.649505582"/>
      <trkpt lat="68.299932704" lon="18.649835822"/>
      <trkpt lat="68.300078531" lon="18.649945142"/>
      <trkpt lat="68.300150018" lon="18.650083697"/>
      <trkpt lat="68.300396462" lon="18.650271318"/>
      <trkpt lat="68.300444801" lon="18.650390634"/>
      <trkpt lat="68.300837154" lon="18.650982283"/>
      <trkpt lat="68.300933798" lon="18.651265821"/>
      <trkpt lat="68.301014439" lon="18.651614638"/>
      <trkpt lat="68.301098881" lon="18.651851638"/>
      <trkpt lat="68.301248373" lon="18.652400038"/>
      <trkpt lat="68.301439495" lon="18.653243933"/>
      <trkpt lat="68.301556431" lon="18.653572637"/>
      <trkpt lat="68.301691582" lon="18.653806907"/>
      <trkpt lat="68.301818525" lon="18.653952677"/>
      <trkpt lat="68.301967447" lon="18.654053913"/>
      <trkpt lat="68.30223318" lon="18.654527539"/>
      <trkpt lat="68.302383886" lon="18.654678414"/>
      <trkpt lat="68.302725561" lon="18.655326289"/>
      <trkpt lat="68.302865068" lon="18.655356022"/>
      <trkpt lat="68.303293133" lon="18.655788828"/>
      <trkpt lat="68.30349281" lon="18.655914319"/>
      <trkpt lat="68.303652467" lon="18.655886628"/>
      <trkpt lat="68.303773049" lon="18.656097866"/>
      <trkpt lat="68.303882567" lon="18.656213315"/>
      <trkpt lat="68.303950279" lon="18.656422482"/>
      <trkpt lat="68.304092464" lon="18.656719485"/>
      <trkpt lat="68.304282514" lon="18.657205001"/>
      <trkpt lat="68.304404798" lon="18.657625998"/>
      <trkpt lat="68.304551616" lon="18.658013749"/>
      <trkpt lat="68.304736517" lon="18.658416674"/>
      <trkpt lat="68.305044037" lon="18.659706805"/>
      <trkpt lat="68.305252606" lon="18.660356246"/>
      <trkpt lat="68.305385416" lon="18.660726776"/>
      <trkpt lat="68.305541427" lon="18.660923333"/>
      <trkpt lat="68.306093435" lon="18.662360903"/>
      <trkpt lat="68.306225758" lon="18.662790934"/>
      <trkpt lat="68.306426001" lon="18.663610841"/>
      <trkpt lat="68.306469062" lon="18.663878144"/>
      <trkpt lat="68.306550041" lon="18.664081991"/>
      <trkpt lat="68.306600003" lon="18.664293669"/>
      <trkpt lat="68.306637419" lon="18.664577815"/>
      <trkpt lat="68.30673194" lon="18.665063261"/>
      <trkpt lat="68.306923455" lon="18.665741062"/>
      <trkpt lat="68.306984476" lon="18.666054506"/>
      <trkpt lat="68.307007755" lon="18.666355978"/>
      <trkpt lat="68.307363546" lon="18.667056113"/>
      <trkpt lat="68.307529361" lon="18.667797188"/>
      <trkpt lat="68.307841891" lon="18.6695448"/>
      <trkpt lat="68.30813465" lon="18.670558118"/>
      <trkpt lat="68.30873361" lon="18.672336258"/>
      <trkpt lat="68.30881955" lon="18.672752876"/>
      <trkpt lat="68.308911825" lon="18.674752811"/>
      <trkpt lat="68.308999938" lon="18.675576058"/>
      <trkpt lat="68.309128429" lon="18.675867788"/>
      <trkpt lat="68.309201618" lon="18.676126074"/>
      <trkpt lat="68.309276348" lon="18.676563027"/>
      <trkpt lat="68.309285914" lon="18.677025401"/>
      <trkpt lat="68.309408536" lon="18.677995754"/>
      <trkpt lat="68.309518627" lon="18.678591157"/>
      <trkpt lat="68.309652115" lon="18.678872841"/>
      <trkpt lat="68.309748312" lon="18.678911687"/>
      <trkpt lat="68.309901244" lon="18.678834185"/>
      <trkpt lat="68.310217564" lon="18.679060443"/>
      <trkpt lat="68.31039408" lon="18.679279399"/>
      <trkpt lat="68.310532167" lon="18.679648796"/>
      <trkpt lat="68.310654931" lon="18.68018961"/>
      <trkpt lat="68.310881957" lon="18.680781759"/>
      <trkpt lat="68.3116014" lon="18.683193988"/>
      <trkpt lat="68.311721126" lon="18.684731594"/>
      <trkpt lat="68.311747406" lon="18.685223925"/>
      <trkpt lat="68.31174529" lon="18.685745515"/>
      <trkpt lat="68.31183253" lon="18.687058434"/>
      <trkpt lat="68.311888931" lon="18.687615606"/>
      <trkpt lat="68.311959054" lon="18.687924755"/>
      <trkpt lat="68.311982241" lon="18.688247749"/>
      <trkpt lat="68.311960787" lon="18.688666721"/>
      <trkpt lat="68.311810141" lon="18.689850232"/>
      <trkpt lat="68.311886474" lon="18.69051278"/>
      <trkpt lat="68.311827267" lon="18.691375833"/>
      <trkpt lat="68.311817861" lon="18.691777277"/>
      <trkpt lat="68.311884837" lon="18.692233625"/>
      <trkpt lat="68.31229749" lon="18.693568102"/>
      <trkpt lat="68.312485765" lon="18.694934565"/>
      <trkpt lat="68.312502699" lon="18.695270379"/>
      <trkpt lat="68.312652882" lon="18.696089593"/>
      <trkpt lat="68.312848999" lon="18.697756059"/>
      <trkpt lat="68.312943457" lon="18.699018885"/>
      <trkpt lat="68.312954992" lon="18.699668012"/>
      <trkpt lat="68.312941623" lon="18.70022064"/>
      <trkpt lat="68.312921127" lon="18.700709478"/>
      <trkpt lat="68.312816319" lon="18.702005091"/>
      <trkpt lat="68.312796069" lon="18.702527478"/>
      <trkpt lat="68.312791132" lon="18.703314393"/>
      <trkpt lat="68.312854365" lon="18.705239334"/>
      <trkpt lat="68.312902097" lon="18.705909704"/>
      <trkpt lat="68.312918839" lon="18.707016835"/>
      <trkpt lat="68.313086859" lon="18.709200997"/>
      <trkpt lat="68.313101923" lon="18.70983709"/>
      <trkpt lat="68.313052009" lon="18.710737366"/>
      <trkpt lat="68.313033602" lon="18.711509469"/>
      <trkpt lat="68.313046445" lon="18.712047403"/>
      <trkpt lat="68.313088134" lon="18.712474366"/>
      <trkpt lat="68.313107217" lon="18.713395286"/>
      <trkpt lat="68.313203932" lon="18.71431459"/>
      <trkpt lat="68.313288394" lon="18.714770031"/>
      <trkpt lat="68.313350563" lon="18.716207686"/>
      <trkpt lat="68.313435593" lon="18.717217977"/>
      <trkpt lat="68.313583542" lon="18.718153036"/>
      <trkpt lat="68.31373197" lon="18.719060403"/>
      <trkpt lat="68.313799333" lon="18.719318861"/>
      <trkpt lat="68.31418186" lon="18.719756425"/>
      <trkpt lat="68.314471782" lon="18.720792983"/>
      <trkpt lat="68.314553813" lon="18.721386518"/>
      <trkpt lat="68.314561276" lon="18.722720104"/>
      <trkpt lat="68.314695488" lon="18.723264788"/>
      <trkpt lat="68.31485559" lon="18.724090425"/>
      <trkpt lat="68.314965917" lon="18.724826398"/>
      <trkpt lat="68.314999644" lon="18.725538722"/>
      <trkpt lat="68.314949529" lon="18.727225878"/>
      <trkpt lat="68.314975496" lon="18.728672939"/>
      <trkpt lat="68.315037527" lon="18.729819225"/>
      <trkpt lat="68.315133652" lon="18.730192494"/>
      <trkpt lat="68.31544299" lon="18.730704189"/>
      <trkpt lat="68.315629382" lon="18.731200101"/>
      <trkpt lat="68.315880675" lon="18.732093098"/>
      <trkpt lat="68.315994371" lon="18.732635239"/>
      <trkpt lat="68.316115393" lon="18.733344897"/>
      <trkpt lat="68.31600369" lon="18.733858106"/>
      <trkpt lat="68.315911019" lon="18.734457015"/>
      <trkpt lat="68.315973026" lon="18.736769497"/>
      <trkpt lat="68.316071115" lon="18.738198173"/>
      <trkpt lat="68.316320906" lon="18.738591261"/>
      <trkpt lat="68.317271754" lon="18.738241601"/>
      <trkpt lat="68.317747899" lon="18.73802522"/>
      <trkpt lat="68.318081507" lon="18.738607677"/>
      <trkpt lat="68.318293128" lon="18.739490407"/>
      <trkpt lat="68.318491961" lon="18.739557316"/>
      <trkpt lat="68.318813064" lon="18.74024477"/>
      <trkpt lat="68.31918668" lon="18.740696681"/>
      <trkpt lat="68.319787305" lon="18.741865206"/>
      <trkpt lat="68.320101463" lon="18.742073124"/>
      <trkpt lat="68.320274802" lon="18.742307557"/>
      <trkpt lat="68.320386771" lon="18.742746155"/>
      <trkpt lat="68.320553059" lon="18.743147116"/>
      <trkpt lat="68.320703672" lon="18.7430326"/>
      <trkpt lat="68.320971934" lon="18.742916483"/>
      <trkpt lat="68.321223337" lon="18.742937727"/>
      <trkpt lat="68.321594742" lon="18.743409824"/>
      <trkpt lat="68.321741616" lon="18.743741341"/>
      <trkpt lat="68.321978294" lon="18.744129081"/>
      <trkpt lat="68.322240461" lon="18.744709926"/>
      <trkpt lat="68.322641864" lon="18.745353394"/>
      <trkpt lat="68.322963231" lon="18.745568527"/>
      <trkpt lat="68.323089032" lon="18.745863906"/>
      <trkpt lat="68.3233434" lon="18.746104502"/>
      <trkpt lat="68.323606104" lon="18.746464669"/>
      <trkpt lat="68.323842572" lon="18.747150573"/>
      <trkpt lat="68.324199938" lon="18.748410424"/>
      <trkpt lat="68.324868628" lon="18.749393437"/>
      <trkpt lat="68.325130897" lon="18.749710458"/>
      <trkpt lat="68.325490342" lon="18.750851746"/>
      <trkpt lat="68.325680327" lon="18.751322984"/>
      <trkpt lat="68.325974317" lon="18.751809255"/>
      <trkpt lat="68.326151297" lon="18.752003278"/>
      <trkpt lat="68.326443471" lon="18.752440383"/>
      <trkpt lat="68.326916322" lon="18.752729745"/>
      <trkpt lat="68.327203818" lon="18.753166269"/>
      <trkpt lat="68.327489781" lon="18.753292018"/>
      <trkpt lat="68.32774456" lon="18.753591215"/>
      <trkpt lat="68.327816456" lon="18.753765326"/>
      <trkpt lat="68.327844161" lon="18.75392104"/>
      <trkpt lat="68.327839775" lon="18.754433901"/>
      <trkpt lat="68.32785267" lon="18.754632069"/>
      <trkpt lat="68.327909396" lon="18.75513383"/>
      <trkpt lat="68.328000301" lon="18.755557617"/>
      <trkpt lat="68.328214553" lon="18.755895968"/>
      <trkpt lat="68.32849489" lon="18.756604201"/>
      <trkpt lat="68.328855107" lon="18.7566382"/>
      <trkpt lat="68.328928008" lon="18.756755409"/>
      <trkpt lat="68.328931326" lon="18.756965024"/>
      <trkpt lat="68.32885424" lon="18.757481166"/>
      <trkpt lat="68.328826705" lon="18.757845254"/>
      <trkpt lat="68.328834921" lon="18.758042826"/>
      <trkpt lat="68.328989194" lon="18.759121436"/>
      <trkpt lat="68.329007832" lon="18.759656327"/>
      <trkpt lat="68.329005878" lon="18.760163193"/>
      <trkpt lat="68.329025235" lon="18.760260789"/>
      <trkpt lat="68.329430533" lon="18.761188171"/>
      <trkpt lat="68.329512763" lon="18.761439731"/>
      <trkpt lat="68.32968616" lon="18.761703126"/>
      <trkpt lat="68.329745219" lon="18.762072127"/>
      <trkpt lat="68.329770372" lon="18.762107089"/>
      <trkpt lat="68.330036299" lon="18.762173311"/>
      <trkpt lat="68.330147495" lon="18.762244802"/>
      <trkpt lat="68.330299757" lon="18.76237868"/>
      <trkpt lat="68.330599589" lon="18.76277896"/>
      <trkpt lat="68.33070667" lon="18.762818224"/>
      <trkpt lat="68.3309665" lon="18.762699818"/>
      <trkpt lat="68.331259935" lon="18.76266819"/>
      <trkpt lat="68.331364024" lon="18.762611971"/>
      <trkpt lat="68.33155062" lon="18.762395294"/>
      <trkpt lat="68.331680535" lon="18.762336087"/>
      <trkpt lat="68.331814227" lon="18.762328089"/>
      <trkpt lat="68.332227405" lon="18.762546579"/>
      <trkpt lat="68.332288743" lon="18.762522845"/>
      <trkpt lat="68.332483587" lon="18.76223749"/>
      <trkpt lat="68.332505316" lon="18.762069133"/>
      <trkpt lat="68.332522967" lon="18.761602267"/>
      <trkpt lat="68.332602834" lon="18.761194196"/>
      <trkpt lat="68.332858487" lon="18.760650437"/>
      <trkpt lat="68.333034115" lon="18.75999484"/>
      <trkpt lat="68.333099136" lon="18.759895494"/>
      <trkpt lat="68.333368202" lon="18.759784583"/>
      <trkpt lat="68.333548887" lon="18.75963684"/>
      <trkpt lat="68.333826454" lon="18.759178309"/>
      <trkpt lat="68.333985571" lon="18.758793167"/>
      <trkpt lat="68.334148995" lon="18.758693897"/>
      <trkpt lat="68.334423056" lon="18.758697743"/>
      <trkpt lat="68.334622568" lon="18.758412936"/>
      <trkpt lat="68.334798016" lon="18.758296198"/>
      <trkpt lat="68.334984465" lon="18.758352083"/>
      <trkpt lat="68.335079202" lon="18.758294623"/>
      <trkpt lat="68.335191632" lon="18.758296524"/>
      <trkpt lat="68.335306526" lon="18.758159248"/>
      <trkpt lat="68.335534634" lon="18.757979585"/>
      <trkpt lat="68.335701194" lon="18.757703167"/>
      <trkpt lat="68.33583679" lon="18.757587592"/>
      <trkpt lat="68.336087042" lon="18.757480542"/>
      <trkpt lat="68.336410305" lon="18.757484413"/>
      <trkpt lat="68.336577605" lon="18.757563176"/>
      <trkpt lat="68.336823922" lon="18.757810717"/>
      <trkpt lat="68.337200122" lon="18.758265347"/>
      <trkpt lat="68.337360506" lon="18.758470048"/>
      <trkpt lat="68.337613915" lon="18.758978524"/>
      <trkpt lat="68.337915756" lon="18.759398174"/>
      <trkpt lat="68.33850677" lon="18.76002659"/>
      <trkpt lat="68.338998852" lon="18.760420234"/>
      <trkpt lat="68.339076537" lon="18.760531787"/>
      <trkpt lat="68.339148986" lon="18.760674371"/>
      <trkpt lat="68.339232993" lon="18.760957976"/>
      <trkpt lat="68.339351581" lon="18.761537801"/>
      <trkpt lat="68.339585794" lon="18.762335592"/>
      <trkpt lat="68.339591311" lon="18.762685116"/>
      <trkpt lat="68.339623907" lon="18.762828874"/>
      <trkpt lat="68.339671089" lon="18.762942817"/>
      <trkpt lat="68.339917715" lon="18.763304648"/>
      <trkpt lat="68.340091069" lon="18.763834543"/>
      <trkpt lat="68.340174306" lon="18.764029282"/>
      <trkpt lat="68.340235605" lon="18.764271909"/>
      <trkpt lat="68.34030115" lon="18.764407273"/>
      <trkpt lat="68.340384181" lon="18.764481488"/>
      <trkpt lat="68.340578743" lon="18.764608258"/>
      <trkpt lat="68.340776653" lon="18.764678385"/>
      <trkpt lat="68.341044742" lon="18.765150864"/>
      <trkpt lat="68.341185314" lon="18.765283307"/>
      <trkpt lat="68.341359848" lon="18.765350401"/>
      <trkpt lat="68.3414832" lon="18.765264964"/>
      <trkpt lat="68.341558249" lon="18.765128846"/>
      <trkpt lat="68.341646894" lon="18.764886672"/>
      <trkpt lat="68.341773766" lon="18.764338682"/>
      <trkpt lat="68.341920177" lon="18.764142068"/>
      <trkpt lat="68.342981844" lon="18.76386146"/>
      <trkpt lat="68.343190207" lon="18.764002719"/>
      <trkpt lat="68.343394589" lon="18.763972202"/>
      <trkpt lat="68.343609025" lon="18.764030019"/>
      <trkpt lat="68.343896519" lon="18.763942308"/>
      <trkpt lat="68.34403702" lon="18.763814681"/>
      <trkpt lat="68.344204897" lon="18.76372867"/>
      <trkpt lat="68.344466167" lon="18.763661141"/>
      <trkpt lat="68.344822961" lon="18.763491848"/>
      <trkpt lat="68.345024444" lon="18.763492665"/>
      <trkpt lat="68.34534879" lon="18.76369976"/>
      <trkpt lat="68.345541483" lon="18.763667719"/>
      <trkpt lat="68.345772008" lon="18.763748437"/>
      <trkpt lat="68.346022877" lon="18.764003083"/>
      <trkpt lat="68.346105347" lon="18.764108963"/>
      <trkpt lat="68.34624689" lon="18.764450901"/>
      <trkpt lat="68.346389157" lon="18.765148194"/>
      <trkpt lat="68.346556279" lon="18.765633036"/>
      <trkpt lat="68.346676352" lon="18.765864351"/>
      <trkpt lat="68.3468207" lon="18.766048075"/>
      <trkpt lat="68.346911396" lon="18.766218476"/>
      <trkpt lat="68.347078894" lon="18.766417905"/>
      <trkpt lat="68.347175479" lon="18.766652517"/>
      <trkpt lat="68.347278311" lon="18.766799126"/>
      <trkpt lat="68.347555788" lon="18.767006534"/>
      <trkpt lat="68.348087501" lon="18.767278763"/>
      <trkpt lat="68.348574305" lon="18.76717718"/>
      <trkpt lat="68.34869042" lon="18.767103473"/>
      <trkpt lat="68.348793521" lon="18.76697097"/>
      <trkpt lat="68.348963738" lon="18.766885269"/>
      <trkpt lat="68.349139866" lon="18.766730546"/>
      <trkpt lat="68.349574702" lon="18.766520667"/>
      <trkpt lat="68.349806686" lon="18.766519137"/>
      <trkpt lat="68.350229946" lon="18.766301396"/>
      <trkpt lat="68.350404817" lon="18.766349535"/>
      <trkpt lat="68.350685824" lon="18.766754123"/>
      <trkpt lat="68.35079423" lon="18.766850721"/>
      <trkpt lat="68.351026753" lon="18.766950787"/>
      <trkpt lat="68.351203421" lon="18.766897644"/>
      <trkpt lat="68.35129171" lon="18.766807614"/>
      <trkpt lat="68.351426077" lon="18.766761653"/>
      <trkpt lat="68.351808003" lon="18.76676061"/>
      <trkpt lat="68.352169993" lon="18.766826771"/>
      <trkpt lat="68.352947781" lon="18.766699587"/>
      <trkpt lat="68.353183563" lon="18.766616059"/>
      <trkpt lat="68.353340878" lon="18.766465202"/>
      <trkpt lat="68.353548496" lon="18.76638435"/>
      <trkpt lat="68.35452997" lon="18.766397889"/>
      <trkpt lat="68.354849905" lon="18.766325308"/>
      <trkpt lat="68.355192588" lon="18.766687235"/>
      <trkpt lat="68.355442149" lon="18.76675146"/>
      <trkpt lat="68.355568806" lon="18.766875841"/>
      <trkpt lat="68.355636799" lon="18.767005276"/>
      <trkpt lat="68.355707421" lon="18.767382567"/>
      <trkpt lat="68.355839629" lon="18.76759018"/>
      <trkpt lat="68.355848057" lon="18.767775326"/>
      <trkpt lat="68.355820387" lon="18.768146165"/>
      <trkpt lat="68.355814967" lon="18.768583367"/>
      <trkpt lat="68.355773738" lon="18.769112754"/>
      <trkpt lat="68.355791786" lon="18.769792198"/>
      <trkpt lat="68.355900309" lon="18.770972906"/>
      <trkpt lat="68.356039695" lon="18.771602918"/>
      <trkpt lat="68.356108013" lon="18.771995248"/>
      <trkpt lat="68.356214638" lon="18.773281789"/>
      <trkpt lat="68.356247655" lon="18.773457414"/>
      <trkpt lat="68.356301125" lon="18.773668341"/>
      <trkpt lat="68.356612059" lon="18.774304461"/>
      <trkpt lat="68.356646233" lon="18.774414977"/>
      <trkpt lat="68.356751648" lon="18.775260866"/>
      <trkpt lat="68.356897714" lon="18.776022334"/>
      <trkpt lat="68.356972359" lon="18.776227881"/>
      <trkpt lat="68.3571875" lon="18.776492575"/>
      <trkpt lat="68.357499409" lon="18.776565959"/>
      <trkpt lat="68.357718886" lon="18.777263628"/>
      <trkpt lat="68.357751173" lon="18.777479968"/>
      <trkpt lat="68.357895272" lon="18.778021203"/>
      <trkpt lat="68.358346411" lon="18.777139738"/>
      <trkpt lat="68.358489038" lon="18.776783269"/>
      <trkpt lat="68.358603874" lon="18.776412677"/>
      <trkpt lat="68.358648742" lon="18.776098899"/>
      <trkpt lat="68.358546762" lon="18.775466101"/>
      <trkpt lat="68.358640492" lon="18.775377063"/>
      <trkpt lat="68.358803701" lon="18.775417259"/>
      <trkpt lat="68.359031581" lon="18.775585895"/>
      <trkpt lat="68.359148559" lon="18.775749181"/>
      <trkpt lat="68.359324809" lon="18.776066166"/>
      <trkpt lat="68.359356406" lon="18.776162957"/>
      <trkpt lat="68.359349413" lon="18.776684878"/>
      <trkpt lat="68.359217952" lon="18.777303799"/>
      <trkpt lat="68.359184488" lon="18.777572852"/>
      <trkpt lat="68.359046469" lon="18.778125289"/>
      <trkpt lat="68.358969907" lon="18.778308711"/>
      <trkpt lat="68.358915914" lon="18.778561269"/>
      <trkpt lat="68.358772112" lon="18.778942734"/>
      <trkpt lat="68.358896048" lon="18.779224884"/>
    </trkseg>
  </trk>
  <wpt lat="65.81443273514213" lon="15.07595123802787">
    <name>Firesite – Grillplats Björkforsleden</name>
    <desc>Firesite</desc>
    <sym>Picnic Area</sym>
  </wpt>
  <wpt lat="67.50356850020836" lon="18.28364729960862">
    <name>Quiet places – Stora sjöfallet tyst område</name>
    <desc>Quiet places</desc>
  </wpt>
  <wpt lat="65.79966484069806" lon="15.07075213620033">
    <name>Rest area – Rastplats</name>
    <desc>Rest area, Firesite, Bench table</desc>
    <sym>Picnic Area</sym>
  </wpt>
  <wpt lat="65.82924683515489" lon="15.06175628869829">
    <name>Rest area – Rastplats Björkforsleden</name>
    <desc>Rest area, Firesite, Bench table</desc>
    <sym>Picnic Area</sym>
  </wpt>
  <wpt lat="65.9411719034546" lon="16.09389329318117">
    <name>Sauna – Bastu Aigertstugan</name>
    <desc>Sauna</desc>
    <sym>Lodging</sym>
  </wpt>
  <wpt lat="66.09508679812768" lon="16.11773162664227">
    <name>Sauna – Bastu Rävfallet</name>
    <desc>Sauna</desc>
    <sym>Lodging</sym>
  </wpt>
  <wpt lat="66.49190526360331" lon="17.24361088630772">
    <name>Accommodation – Vuonatjvikens Stugby</name>
    <desc>Accommodation</desc>
    <sym>Lodging</sym>
  </wpt>
  <wpt lat="66.48244544867609" lon="16.77527073611009">
    <name>Accommodation – Tjärnberg Värdshus och Stugby</name>
    <desc>Accommodation, Camping</desc>
    <sym>Lodging</sym>
  </wpt>
  <wpt lat="66.2553366383967" lon="16.74571641247988">
    <name>Accommodation – Gautosjö Stugby</name>
    <desc>Accommodation</desc>
    <sym>Lodging</sym>
  </wpt>
  <wpt lat="66.36778608223284" lon="16.99465608272746">
    <name>Accommodation – Jäckvik Fjällcenter</name>
    <desc>Accommodation, Camping, Ski lift</desc>
    <sym>Lodging</sym>
  </wpt>
  <wpt lat="66.27836650127736" lon="16.65416866526499">
    <name>Accommodation – Adolfström Fjällgård</name>
    <desc>Accommodation</desc>
    <sym>Lodging</sym>
  </wpt>
  <wpt lat="66.27812854568779" lon="16.65736506679164">
    <name>Accommodation – Adolfström Johanssons Fjällstugor</name>
    <desc>Accommodation</desc>
    <sym>Lodging</sym>
  </wpt>
  <wpt lat="66.38753328588126" lon="16.96606667339799">
    <name>Accommodation – Kyrkans Fjällgård Jäkkvik</name>
    <desc>Accommodation</desc>
    <sym>Lodging</sym>
  </wpt>
  <wpt lat="66.25470598498842" lon="16.7465021652977">
    <name>Camping – Camp Gauto</name>
    <desc>Camping</desc>
    <sym>Campground</sym>
  </wpt>
  <wpt lat="66.27738135351382" lon="16.66469908246864">
    <name>Camping – Adolfström Camping</name>
    <desc>Camping</desc>
    <sym>Campground</sym>
  </wpt>
  <wpt lat="67.40229303086409" lon="18.786857660614004">
    <name>Rest area – Lule älv</name>
    <desc>Rest area</desc>
    <sym>Picnic Area</sym>
  </wpt>
  <wpt lat="67.82120587859185" lon="18.383602826252655">
    <name>Fishing – Liddo- och Jerttasjörna - Liddu- och Jerttájavrit</name>
    <desc>Fishing</desc>
    <sym>Fishing Area</sym>
  </wpt>
  <wpt lat="67.38253394879985" lon="18.795749417120398">
    <name>Fishing – Langas</name>
    <desc>Fishing</desc>
    <sym>Fishing Area</sym>
  </wpt>
  <wpt lat="67.63159230104719" lon="18.33712948045262">
    <name>Fishing – Teusaätno - Dievssaetno</name>
    <desc>Fishing</desc>
    <sym>Fishing Area</sym>
  </wpt>
  <wpt lat="67.5796166592545" lon="18.056276982537625">
    <name>Fishing – Suorvamagasinet</name>
    <desc>Fishing</desc>
    <sym>Fishing Area</sym>
  </wpt>
  <wpt lat="67.68061775259555" lon="18.179191038203747">
    <name>Fishing – Teusajaure - Dievssajávri</name>
    <desc>Fishing</desc>
    <sym>Fishing Area</sym>
  </wpt>
  <wpt lat="65.95414368475582" lon="16.22450001754186">
    <name>Valuable nature – Ammarnäsdeltat Natura 2000</name>
    <desc>Valuable nature</desc>
    <sym>Park</sym>
  </wpt>
  <wpt lat="65.98842638448502" lon="15.4946494668244">
    <name>Sauna – Bastu Tärnasjöstugan</name>
    <desc>Sauna</desc>
    <sym>Lodging</sym>
  </wpt>
  <wpt lat="66.00917681496733" lon="16.06995724408873">
    <name>Restricted area – Fågelskyddsområde Màrsevàggie 15 maj–1 augusti</name>
    <desc>Restricted area</desc>
  </wpt>
  <wpt lat="68.35814118844101" lon="18.78504817441825">
    <name>Information – Naturum Abisko Visitor centre</name>
    <desc>Information, Nature Center</desc>
    <sym>Information</sym>
  </wpt>
  <wpt lat="65.8376848470082" lon="15.0939550889602">
    <name>Top – Lenny Lämmels sommartopp</name>
    <desc>Top</desc>
    <sym>Summit</sym>
  </wpt>
  <wpt lat="66.28652646867428" lon="16.54990172451892">
    <name>Bridge – Summer bridge, Bäverholmen</name>
    <desc>Bridge</desc>
    <sym>Bridge</sym>
  </wpt>
  <wpt lat="66.30123602453526" lon="16.50024994931886">
    <name>Bridge – Summer bridge below Kattugglekojan</name>
    <desc>Bridge</desc>
    <sym>Bridge</sym>
  </wpt>
  <wpt lat="68.29334394272664" lon="18.85717448530224">
    <name>Snowmobile Ban – Område med Tillfälligt förekommande snöskoterförbud Gabna område 1. EJ AKTIVT</name>
    <desc>Snowmobile Ban</desc>
  </wpt>
  <wpt lat="68.39724350624013" lon="18.66422911942988">
    <name>Snowmobile Ban – TILLFÄLLIGT SNÖSKOTERFÖRBUD 5,  vid fjällanläggningen Björkliden. AKTIVT.</name>
    <desc>Snowmobile Ban</desc>
  </wpt>
  <wpt lat="65.75073415305437" lon="15.17684087409134">
    <name>Attraction – Täljsten i Laisholm</name>
    <desc>To do, Attraction, Archaeological</desc>
    <sym>Scenic Area</sym>
  </wpt>
  <wpt lat="65.81958088066452" lon="15.08988622860383">
    <name>Attraction – Slipstensbäcken</name>
    <desc>To do, Culture, Attraction, Archaeological</desc>
    <sym>Scenic Area</sym>
  </wpt>
  <wpt lat="65.86640286560726" lon="15.01041808050408">
    <name>Attraction – Märkesforsen</name>
    <desc>Attraction</desc>
    <sym>Scenic Area</sym>
  </wpt>
  <wpt lat="65.82395964829385" lon="15.082292497267447">
    <name>Culture – Blå Vägen mot riksgränsen</name>
    <desc>Culture, Recreation area</desc>
    <sym>Museum</sym>
  </wpt>
  <wpt lat="65.73977671865887" lon="15.18967981718862">
    <name>Attraction – Gammställnäset</name>
    <desc>Culture, Attraction, Archaeological</desc>
    <sym>Scenic Area</sym>
  </wpt>
  <wpt lat="65.94839231888187" lon="15.10811876245984">
    <name>Top – Skraahpenjuenie</name>
    <desc>Hiking, Top</desc>
    <sym>Summit</sym>
  </wpt>
  <wpt lat="65.82286603842735" lon="15.12040293607572">
    <name>Cabin – Fjällfinakåtan</name>
    <desc>Hiking, Cabin</desc>
    <sym>Lodging</sym>
  </wpt>
  <wpt lat="66.22695989031976" lon="16.85966203098036">
    <name>Shelter – Windshelter Sikselet, Märkberget</name>
    <desc>Shelter</desc>
    <sym>Lodging</sym>
  </wpt>
  <wpt lat="68.35936396969251" lon="18.78261099434374">
    <name>Parking – Parking spot Special permit, Abisko National park</name>
    <desc>Parking</desc>
    <sym>Parking Area</sym>
  </wpt>
  <wpt lat="68.3621496986676" lon="18.79991099876625">
    <name>Parking – Parking spot for special permit, Abisko National park</name>
    <desc>Parking</desc>
    <sym>Parking Area</sym>
  </wpt>
  <wpt lat="67.47668828382314" lon="18.35311105107235">
    <name>Nature Center – Naturum Laponia</name>
    <desc>Nature Center</desc>
    <sym>Information</sym>
  </wpt>
  <wpt lat="67.9154530672893" lon="18.1974778912377">
    <name>Hiking – Nikkaluokta - Ritsem</name>
    <desc>Hiking</desc>
    <sym>Trail Head</sym>
  </wpt>
  <wpt lat="67.9049946409745" lon="18.5242905810547">
    <name>Hiking – Kebnekaise runt</name>
    <desc>Hiking</desc>
    <sym>Trail Head</sym>
  </wpt>
  <wpt lat="68.2983708908411" lon="18.6485203870912">
    <name>Hiking – Signaturled Kungsleden, Abisko–Nikkaluokta</name>
    <desc>Hiking</desc>
    <sym>Trail Head</sym>
  </wpt>
  <wpt lat="65.81545296583587" lon="15.1190061399928">
    <name>Viewpoint – Hemavan - Vacker utsikt</name>
    <desc>Hiking, Near parking, Viewpoint</desc>
    <sym>Scenic Area</sym>
  </wpt>
  <wpt lat="67.11890353659368" lon="18.41143414241883">
    <name>Toilet – Latrine Lájtávrre</name>
    <desc>Toilet</desc>
    <sym>Restroom</sym>
  </wpt>
  <wpt lat="65.76007521793282" lon="15.337940618220669">
    <name>Parking – Entré Solberg, Vindelfjällen</name>
    <desc>Entrance, Parking</desc>
    <sym>Parking Area</sym>
  </wpt>
  <wpt lat="65.8329775454656" lon="15.6129957882799">
    <name>Accommodation – Grundträskstugan, Vindelfjällen</name>
    <desc>Accommodation</desc>
    <sym>Lodging</sym>
  </wpt>
  <wpt lat="65.76887655007043" lon="15.1668224338746">
    <name>Parking – Entré Laisaliden, Vindelfjällen</name>
    <desc>Entrance, Parking</desc>
    <sym>Parking Area</sym>
  </wpt>
  <wpt lat="65.81520716173485" lon="15.103935821206708">
    <name>Parking – Parkering Hemavan, Vindelfjällen</name>
    <desc>Parking</desc>
    <sym>Parking Area</sym>
  </wpt>
  <wpt lat="65.87410031353376" lon="15.289135142985684">
    <name>Toilet – Dass Syterskalet</name>
    <desc>Toilet</desc>
    <sym>Restroom</sym>
  </wpt>
  <wpt lat="65.96425200084006" lon="16.0459090340848">
    <name>Parking – Entré Tjulträsk Vindelfjällen</name>
    <desc>Entrance, Parking</desc>
    <sym>Parking Area</sym>
  </wpt>
  <wpt lat="65.93781621573966" lon="16.23807260788581">
    <name>Shelter – Vindskydd Långflytje Vindelfjällen</name>
    <desc>Shelter</desc>
    <sym>Lodging</sym>
  </wpt>
  <wpt lat="65.9519326470467" lon="16.20248702583457">
    <name>Parking – Parkering Ledstart Kungsleden i Ammarnäs</name>
    <desc>Parking</desc>
    <sym>Parking Area</sym>
  </wpt>
  <wpt lat="65.9642473928587" lon="16.04592222241943">
    <name>Parking – Parkering Tjulträsk Vindelfjällen</name>
    <desc>Parking</desc>
    <sym>Parking Area</sym>
  </wpt>
  <wpt lat="65.95849438591661" lon="16.170742469134098">
    <name>Accommodation – Fjällhästen AB</name>
    <desc>Accommodation, Guide</desc>
    <sym>Lodging</sym>
  </wpt>
  <wpt lat="66.03774795735195" lon="16.194801034203703">
    <name>Parking – Parkering Höbäcken Vindelfjällen</name>
    <desc>Parking</desc>
    <sym>Parking Area</sym>
  </wpt>
  <wpt lat="65.960426" lon="16.211898">
    <name>Accommodation – STF Ammarnäs Wärdshus </name>
    <desc>Accommodation</desc>
    <sym>Lodging</sym>
  </wpt>
  <wpt lat="65.817627" lon="15.090988">
    <name>Accommodation – STF Hemavan Mountain station</name>
    <desc>Accommodation</desc>
    <sym>Lodging</sym>
  </wpt>
  <wpt lat="67.746527" lon="18.295671">
    <name>Accommodation – STF Kaitumjaure Mountain cabin</name>
    <desc>Accommodation</desc>
    <sym>Lodging</sym>
  </wpt>
  <wpt lat="68.136673" lon="18.414793">
    <name>Accommodation – STF Alesjaure Mountain cabin</name>
    <desc>Accommodation</desc>
    <sym>Lodging</sym>
  </wpt>
  <wpt lat="68.204375" lon="18.185522">
    <name>Accommodation – STF Unna Allakas Mountain cabin</name>
    <desc>Accommodation</desc>
    <sym>Lodging</sym>
  </wpt>
  <wpt lat="68.336512" lon="18.489134">
    <name>Accommodation – STF Kårsavagge Mountain cabin</name>
    <desc>Accommodation</desc>
    <sym>Lodging</sym>
  </wpt>
  <wpt lat="67.851109" lon="18.31606">
    <name>Accommodation – STF Singi Mountain cabin</name>
    <desc>Accommodation</desc>
    <sym>Lodging</sym>
  </wpt>
  <wpt lat="67.694756" lon="18.155433">
    <name>Accommodation – STF Teusajaure Mountain cabin</name>
    <desc>Accommodation</desc>
    <sym>Lodging</sym>
  </wpt>
  <wpt lat="68.017092" lon="18.394042">
    <name>Accommodation – STF Nallo Mountain cabin</name>
    <desc>Accommodation</desc>
    <sym>Lodging</sym>
  </wpt>
  <wpt lat="65.885314" lon="15.15853">
    <name>Accommodation – STF Viterskalet Mountain cabin</name>
    <desc>Accommodation</desc>
    <sym>Lodging</sym>
  </wpt>
  <wpt lat="67.232681" lon="18.440723">
    <name>Accommodation – STF Sitojaure Mountain cabin</name>
    <desc>Accommodation</desc>
    <sym>Lodging</sym>
  </wpt>
  <wpt lat="67.58169" lon="18.100371">
    <name>Accommodation – STF Vakkotavare Mountain cabin</name>
    <desc>Accommodation</desc>
    <sym>Lodging</sym>
  </wpt>
  <wpt lat="67.148672" lon="18.305904">
    <name>Accommodation – STF Aktse Mountain cabin</name>
    <desc>Accommodation</desc>
    <sym>Lodging</sym>
  </wpt>
  <wpt lat="68.286147" lon="18.591137">
    <name>Accommodation – STF Abiskojaure Mountain cabin</name>
    <desc>Accommodation</desc>
    <sym>Lodging</sym>
  </wpt>
  <wpt lat="68.051648" lon="18.241082">
    <name>Accommodation – STF Tjäktja Mountain cabin</name>
    <desc>Accommodation</desc>
    <sym>Lodging</sym>
  </wpt>
  <wpt lat="67.946376" lon="18.281701">
    <name>Accommodation – STF Sälka Mountain cabin</name>
    <desc>Accommodation</desc>
    <sym>Lodging</sym>
  </wpt>
  <wpt lat="65.988814" lon="15.4973">
    <name>Accommodation – STF Tärnasjö Mountain cabin</name>
    <desc>Accommodation</desc>
    <sym>Lodging</sym>
  </wpt>
  <wpt lat="67.042306" lon="17.942996">
    <name>Accommodation – STF Pårte Mountain cabin</name>
    <desc>Accommodation</desc>
    <sym>Lodging</sym>
  </wpt>
  <wpt lat="65.972338" lon="15.764218">
    <name>Accommodation – STF Serve Mountain cabin</name>
    <desc>Accommodation</desc>
    <sym>Lodging</sym>
  </wpt>
  <wpt lat="65.941376" lon="16.094567">
    <name>Accommodation – STF Aigert Mountain cabin</name>
    <desc>Accommodation</desc>
    <sym>Lodging</sym>
  </wpt>
  <wpt lat="65.892751" lon="15.396695">
    <name>Accommodation – STF Syter Mountain cabin</name>
    <desc>Accommodation</desc>
    <sym>Lodging</sym>
  </wpt>
  <wpt lat="65.812379" lon="15.087447">
    <name>Accommodation – STF Hemavans Fjällcenter</name>
    <desc>Accommodation</desc>
    <sym>Lodging</sym>
  </wpt>
  <wpt lat="67.919086" lon="18.599489">
    <name>Accommodation – STF Tarfala Mountain cabin</name>
    <desc>Accommodation</desc>
    <sym>Lodging</sym>
  </wpt>
  <wpt lat="66.953702" lon="17.71952">
    <name>Accommodation – STF Kvikkjokk Mountain station</name>
    <desc>Accommodation</desc>
    <sym>Lodging</sym>
  </wpt>
  <wpt lat="68.3583920263142" lon="18.7836344404755">
    <name>Accommodation – STF Abisko Turiststation</name>
    <desc>Accommodation</desc>
    <sym>Lodging</sym>
  </wpt>
  <wpt lat="67.3940893" lon="18.5207608">
    <name>Accommodation – STF Saltoluokta Mountain station</name>
    <desc>Accommodation</desc>
    <sym>Lodging</sym>
  </wpt>
  <wpt lat="66.3160608416262" lon="16.4748505691457">
    <name>Toilet – Latrine Kattugglekojan, Laisdalen</name>
    <desc>Toilet</desc>
    <sym>Restroom</sym>
  </wpt>
  <wpt lat="66.2664417277272" lon="16.767668819058713">
    <name>Toilet – Latrine Gautoberget, Laisdalen</name>
    <desc>Toilet</desc>
    <sym>Restroom</sym>
  </wpt>
  <wpt lat="66.2808717169018" lon="16.48948064459512">
    <name>Toilet – Latrine Bárasjuhka, Laisdalen</name>
    <desc>Toilet</desc>
    <sym>Restroom</sym>
  </wpt>
  <wpt lat="66.2548263687945" lon="16.746507055044276">
    <name>Information – Information sign Gautosjö, Laisdalen</name>
    <desc>Information</desc>
    <sym>Information</sym>
  </wpt>
  <wpt lat="66.8449219122965" lon="17.5892590374792">
    <name>Cabin – Stopover cabin Tsielekjåkk</name>
    <desc>Cabin, Emergency telephone</desc>
    <sym>Lodging</sym>
  </wpt>
  <wpt lat="65.86535395974938" lon="15.10667025114708">
    <name>Toilet – Utedass Syterbäcken</name>
    <desc>Toilet</desc>
    <sym>Restroom</sym>
  </wpt>
  <wpt lat="65.76711370801924" lon="15.167187345146885">
    <name>Toilet – Utedass Laisaliden</name>
    <desc>Toilet</desc>
    <sym>Restroom</sym>
  </wpt>
  <wpt lat="65.95499487654153" lon="15.892248839732815">
    <name>Toilet – Dass Vuomatjåhkka</name>
    <desc>Toilet</desc>
    <sym>Restroom</sym>
  </wpt>
  <wpt lat="65.9518360776006" lon="16.202576087838">
    <name>Parking – Ledstart Kungsleden i Ammarnäs</name>
    <desc>Hiking, Entrance, Parking</desc>
    <sym>Parking Area</sym>
  </wpt>
  <wpt lat="66.94011508912261" lon="17.67490455566406">
    <name>Nature reserve – Pärlälvens fjällurskog</name>
    <desc>Nature reserve</desc>
    <sym>Park</sym>
  </wpt>
  <wpt lat="68.34897601624513" lon="19.04740291003418">
    <name>Nature reserve – Stordalen</name>
    <desc>Nature reserve</desc>
    <sym>Park</sym>
  </wpt>
  <wpt lat="66.95996544906261" lon="17.70258685742192">
    <name>Nature reserve – Kamajokk</name>
    <desc>Nature reserve</desc>
    <sym>Park</sym>
  </wpt>
  <wpt lat="66.29384621247928" lon="16.608993392089815">
    <name>Nature reserve – Yrafdeltat</name>
    <desc>Nature reserve</desc>
    <sym>Park</sym>
  </wpt>
  <wpt lat="66.23912123951087" lon="16.859378135674376">
    <name>Nature reserve – Märkberget</name>
    <desc>Nature reserve</desc>
    <sym>Park</sym>
  </wpt>
  <wpt lat="68.35538" lon="18.80511899999999">
    <name>Nature reserve – Abisko naturvetenskapliga station</name>
    <desc>Nature reserve</desc>
    <sym>Park</sym>
  </wpt>
  <wpt lat="66.0379281747488" lon="16.1103118938865">
    <name>Cabin – Stabburet rastskydd</name>
    <desc>Cabin</desc>
    <sym>Lodging</sym>
  </wpt>
  <wpt lat="67.8924559856434" lon="18.514016567604585">
    <name>Shelter – The old summit cabin, Kebnekaise</name>
    <desc>Shelter</desc>
    <sym>Lodging</sym>
  </wpt>
  <wpt lat="67.8986577109477" lon="18.513808738518378">
    <name>Cabin – Safety Cabin, Kebnekaise summit</name>
    <desc>Cabin</desc>
    <sym>Lodging</sym>
  </wpt>
  <wpt lat="67.87895043014073" lon="18.52764446708591">
    <name>Bridge – Kitteldal Bridge</name>
    <desc>Bridge</desc>
    <sym>Bridge</sym>
  </wpt>
  <wpt lat="65.81603311254003" lon="15.10496218606909">
    <name>Culture – Fjällbotaniska trädgården naturum Hemavan - Sevärt</name>
    <desc>Culture</desc>
    <sym>Museum</sym>
  </wpt>
  <wpt lat="68.35783576667211" lon="18.79205930764147">
    <name>Camping – Tent pitch Abisko Turiststation</name>
    <desc>Camping</desc>
    <sym>Campground</sym>
  </wpt>
  <wpt lat="68.32805968642094" lon="18.75615247044971">
    <name>Camping – Tent pitch Nissonjohka</name>
    <desc>Camping</desc>
    <sym>Campground</sym>
  </wpt>
  <wpt lat="68.28606117993279" lon="18.59055088353773">
    <name>Camping – Tent pitch Abiskojaure Cabins</name>
    <desc>Camping</desc>
    <sym>Campground</sym>
  </wpt>
  <wpt lat="68.26226135862318" lon="18.58285327359488">
    <name>Bridge – Suspension bridge Šiellajohka</name>
    <desc>Bridge</desc>
    <sym>Bridge</sym>
  </wpt>
  <wpt lat="65.96584098146288" lon="15.95261102127688">
    <name>Culture – Ammarnäs Rödingvik - Sevärt</name>
    <desc>Culture</desc>
    <sym>Museum</sym>
  </wpt>
  <wpt lat="65.94741951043736" lon="16.32227736883328">
    <name>Culture – Ammarnäs Örnbo - Sevärt</name>
    <desc>Culture</desc>
    <sym>Museum</sym>
  </wpt>
  <wpt lat="65.96233634826687" lon="16.222026882286514">
    <name>Culture – Ammarnäs Potatisbacken - Sevärt</name>
    <desc>Culture</desc>
    <sym>Museum</sym>
  </wpt>
  <wpt lat="65.95646020260993" lon="16.21797172023855">
    <name>Culture – Ammarnäsdeltat - Sevärt</name>
    <desc>Culture</desc>
    <sym>Museum</sym>
  </wpt>
  <wpt lat="67.1571922302246" lon="17.853899002075195">
    <name>Bridge – Suspension bridge Gådokjåhkå</name>
    <desc>Bridge</desc>
    <sym>Bridge</sym>
  </wpt>
  <wpt lat="67.08369657753823" lon="18.064168095588684">
    <name>Bridge – Suspension bridge Jåkkejågåsj</name>
    <desc>Bridge</desc>
    <sym>Bridge</sym>
  </wpt>
  <wpt lat="67.06523517425777" lon="17.979059759527445">
    <name>Bridge – Suspension bridge Gállakjåhkå, south west</name>
    <desc>Bridge</desc>
    <sym>Bridge</sym>
  </wpt>
  <wpt lat="67.738144788891" lon="18.273111758753657">
    <name>Bridge – Suspension bridge Gáidumjohka</name>
    <desc>Bridge</desc>
    <sym>Bridge</sym>
  </wpt>
  <wpt lat="67.77329930920787" lon="18.287094375171478">
    <name>Bridge – Suspension bridge Tjäktjajåkka</name>
    <desc>Bridge</desc>
    <sym>Bridge</sym>
  </wpt>
  <wpt lat="68.28402090288711" lon="18.590524536510657">
    <name>Bridge – Suspension bridge Gámaeatnu</name>
    <desc>Bridge</desc>
    <sym>Bridge</sym>
  </wpt>
  <wpt lat="66.84531989837068" lon="17.588751719717607">
    <name>Bridge – Suspension bridge Tsielekjåhkå</name>
    <desc>Bridge</desc>
    <sym>Bridge</sym>
  </wpt>
  <wpt lat="67.9599844023749" lon="17.9786138683844">
    <name>Bridge – Suspension bridge Gearbiljohka</name>
    <desc>Bridge</desc>
    <sym>Bridge</sym>
  </wpt>
  <wpt lat="67.660955088213" lon="18.098743865266442">
    <name>Bridge – Suspension bridge Guolbbanjåhkå</name>
    <desc>Bridge</desc>
    <sym>Bridge</sym>
  </wpt>
  <wpt lat="68.1357646238219" lon="18.415367043277">
    <name>Bridge – Suspension bridge Aliseatnu</name>
    <desc>Bridge</desc>
    <sym>Bridge</sym>
  </wpt>
  <wpt lat="67.91063724211331" lon="18.281084272624526">
    <name>Bridge – Suspension bridge Čeakčajohka</name>
    <desc>Bridge</desc>
    <sym>Bridge</sym>
  </wpt>
  <wpt lat="66.7185335831275" lon="17.347358786925838">
    <name>Bridge – Suspension bridge the Pite River, west</name>
    <desc>Bridge</desc>
    <sym>Bridge</sym>
  </wpt>
  <wpt lat="67.9220438624657" lon="18.287366445357293">
    <name>Bridge – Suspension bridge Gaskkasjohka, north</name>
    <desc>Bridge</desc>
    <sym>Bridge</sym>
  </wpt>
  <wpt lat="66.71860282525" lon="17.348314006577993">
    <name>Bridge – Suspension bridge the Pite River, east</name>
    <desc>Bridge</desc>
    <sym>Bridge</sym>
  </wpt>
  <wpt lat="67.92034569799951" lon="18.29186884377964">
    <name>Bridge – Suspension bridge Gaskkasjohka, south</name>
    <desc>Bridge</desc>
    <sym>Bridge</sym>
  </wpt>
  <wpt lat="67.8652688420974" lon="18.575846282693306">
    <name>Bridge – Suspension bridge Giebmejohka</name>
    <desc>Bridge</desc>
    <sym>Bridge</sym>
  </wpt>
  <wpt lat="67.897472509953" lon="18.32847879136148">
    <name>Bridge – Suspension bridge Guobirjohka</name>
    <desc>Bridge, Attention</desc>
    <sym>Bridge</sym>
  </wpt>
  <wpt lat="68.31822948298431" lon="18.73933837982895">
    <name>Bridge – Suspension bridge Ballinjohka</name>
    <desc>Bridge</desc>
    <sym>Bridge</sym>
  </wpt>
  <wpt lat="68.10489273821918" lon="18.33928995395229">
    <name>Bridge – Suspension bridge Bossosjohka</name>
    <desc>Bridge</desc>
    <sym>Bridge</sym>
  </wpt>
  <wpt lat="68.04961706808619" lon="18.24148444669345">
    <name>Bridge – Suspension bridge Čeavččanjira</name>
    <desc>Bridge</desc>
    <sym>Bridge</sym>
  </wpt>
  <wpt lat="66.9492148569956" lon="17.61667982398103">
    <name>Bridge – Suspension bridge Vallebäcken, east</name>
    <desc>Bridge</desc>
    <sym>Bridge</sym>
  </wpt>
  <wpt lat="68.1176672978169" lon="18.52173438171394">
    <name>Bridge – Suspension bridge Moarhmmájohka</name>
    <desc>Bridge</desc>
    <sym>Bridge</sym>
  </wpt>
  <wpt lat="66.9484155127955" lon="17.61615891621409">
    <name>Bridge – Suspension bridge  Vallebäcken, west</name>
    <desc>Bridge</desc>
    <sym>Bridge</sym>
  </wpt>
  <wpt lat="66.52736590132092" lon="17.23827685898391">
    <name>Bridge – Suspension bridge Gåbdåk</name>
    <desc>Bridge</desc>
    <sym>Bridge</sym>
  </wpt>
  <wpt lat="68.32840152456824" lon="18.756478388559117">
    <name>Bridge – Suspension bridge Nissonjohka</name>
    <desc>Bridge</desc>
    <sym>Bridge</sym>
  </wpt>
  <wpt lat="66.287489595951" lon="16.5252718461943">
    <name>Bridge – Suspension bridge Lájsso (Laisälven)</name>
    <desc>Bridge</desc>
    <sym>Bridge</sym>
  </wpt>
  <wpt lat="66.2802979366257" lon="16.487462975398785">
    <name>Bridge – Suspension bridge Bárasjuhka, north</name>
    <desc>Bridge</desc>
    <sym>Bridge</sym>
  </wpt>
  <wpt lat="66.2448056482189" lon="16.3800980483702">
    <name>Bridge – Suspension bridge Bárasjuhka, Svájpavallie</name>
    <desc>Bridge</desc>
    <sym>Bridge</sym>
  </wpt>
  <wpt lat="66.17111581549433" lon="16.35822377409886">
    <name>Bridge – Suspension bridge Vuoruojuhka</name>
    <desc>Bridge</desc>
    <sym>Bridge</sym>
  </wpt>
  <wpt lat="68.2296588612775" lon="18.34169760228417">
    <name>Bridge – Suspension bridge Válffojohka</name>
    <desc>Bridge</desc>
    <sym>Bridge</sym>
  </wpt>
  <wpt lat="67.1170272224627" lon="18.2886064286572">
    <name>Cabin – Stopover cabin Laitaure</name>
    <desc>Cabin</desc>
    <sym>Lodging</sym>
  </wpt>
  <wpt lat="66.37863255210297" lon="16.929374747059455">
    <name>Shelter – Wind shelter Jäckvik</name>
    <desc>Shelter</desc>
    <sym>Lodging</sym>
  </wpt>
  <wpt lat="68.0196817393539" lon="18.2469372273053">
    <name>Cabin – Stopover cabin Tjäktja Pass, The King's Trail</name>
    <desc>Cabin</desc>
    <sym>Lodging</sym>
  </wpt>
  <wpt lat="67.08195668348067" lon="18.105361461639404">
    <name>Cabin – Stopover cabin Jågge</name>
    <desc>Cabin</desc>
    <sym>Lodging</sym>
  </wpt>
  <wpt lat="66.2936682107106" lon="16.60003037979243">
    <name>Shelter – Wind shelter Yraf</name>
    <desc>Shelter</desc>
    <sym>Lodging</sym>
  </wpt>
  <wpt lat="66.2099821510769" lon="16.3770011055576">
    <name>Cabin – Stopover cabin Sjnulttjie</name>
    <desc>Cabin</desc>
    <sym>Lodging</sym>
  </wpt>
  <wpt lat="67.2039119986676" lon="18.421970300085">
    <name>Cabin – Stopover cabin Svijnne</name>
    <desc>Cabin</desc>
    <sym>Lodging</sym>
  </wpt>
  <wpt lat="67.688999693802" lon="18.140816995874">
    <name>Cabin – Stopover cabin Dievssajávri</name>
    <desc>Cabin</desc>
    <sym>Lodging</sym>
  </wpt>
  <wpt lat="68.32751877579078" lon="18.75376465316333">
    <name>Shelter – Wind shelter Nissonjohka</name>
    <desc>Shelter</desc>
    <sym>Lodging</sym>
  </wpt>
  <wpt lat="66.2833980647954" lon="16.65777703649553">
    <name>Shelter – Wind shelter Lomtjärn</name>
    <desc>Shelter</desc>
    <sym>Lodging</sym>
  </wpt>
  <wpt lat="66.9259312065881" lon="17.7184849795685">
    <name>Cabin – Stopover cabin Mallenjarka</name>
    <desc>Cabin</desc>
    <sym>Lodging</sym>
  </wpt>
  <wpt lat="66.99818690610678" lon="17.79078519023642">
    <name>Toilet – Latrine Njahkájåhkå</name>
    <desc>Toilet</desc>
    <sym>Restroom</sym>
  </wpt>
  <wpt lat="66.31350997198413" lon="16.760352985677855">
    <name>Toilet – Latrine Luvtávrre</name>
    <desc>Toilet</desc>
    <sym>Restroom</sym>
  </wpt>
  <wpt lat="68.3102143133751" lon="18.679191805228697">
    <name>Toilet – Latrine Abiskojåkka</name>
    <desc>Toilet</desc>
    <sym>Restroom</sym>
  </wpt>
  <wpt lat="66.2837970541744" lon="16.538926062735072">
    <name>Shelter – Wind shelter Bäverholmen</name>
    <desc>Shelter</desc>
    <sym>Lodging</sym>
  </wpt>
  <wpt lat="68.26211496460188" lon="18.58366345238278">
    <name>Toilet – Latrine Šiellajohka</name>
    <desc>Toilet</desc>
    <sym>Restroom</sym>
  </wpt>
  <wpt lat="66.9450346312797" lon="17.6516571330487">
    <name>Cabin – Stopover cabin Bobäcken</name>
    <desc>Cabin</desc>
    <sym>Lodging</sym>
  </wpt>
  <wpt lat="66.9499921523315" lon="17.806121271478332">
    <name>Cabin – Stopover cabin Sjnjierák</name>
    <desc>Cabin</desc>
    <sym>Lodging</sym>
  </wpt>
  <wpt lat="66.3510280074763" lon="16.8339611040278">
    <name>Cabin – Pieljekaise Cabin, in the national park</name>
    <desc>Toilet, Cabin</desc>
    <sym>Lodging</sym>
  </wpt>
  <wpt lat="68.1943661041673" lon="18.5055982273745">
    <name>Cabin – Stopover cabin Rádunjárga / The King's wind shelter</name>
    <desc>Cabin</desc>
    <sym>Lodging</sym>
  </wpt>
  <wpt lat="66.3670375295286" lon="16.9178353309724">
    <name>Cabin – Stopover cabin Pieljekaise, outside the national park</name>
    <desc>Cabin</desc>
    <sym>Lodging</sym>
  </wpt>
  <wpt lat="66.3156348923071" lon="16.4752941892309">
    <name>Cabin – Stopover cabin Kattugglekojan</name>
    <desc>Cabin</desc>
    <sym>Lodging</sym>
  </wpt>
  <wpt lat="67.8917438033594" lon="18.3228796487002">
    <name>Cabin – Stopover cabin Kuoperjåkka, The King's Trail</name>
    <desc>Cabin</desc>
    <sym>Lodging</sym>
  </wpt>
  <wpt lat="67.3235523256301" lon="18.4995794723679">
    <name>Cabin – Stopover cabin Autsutjvagge</name>
    <desc>Cabin</desc>
    <sym>Lodging</sym>
  </wpt>
  <wpt lat="66.2805319754584" lon="16.4874773713314">
    <name>Cabin – Stopover cabin Bárasjuhka</name>
    <desc>Cabin</desc>
    <sym>Lodging</sym>
  </wpt>
  <wpt lat="65.76828993300603" lon="15.164008140563965">
    <name>Hiking – Ledstart Drottningleden</name>
    <desc>Hiking</desc>
    <sym>Trail Head</sym>
  </wpt>
  <wpt lat="65.81484036864502" lon="15.10517120361328">
    <name>Entrance – Ledstart Kungsleden, Drottningleden, Lapplandsleden i Hemavan</name>
    <desc>Hiking, Near parking, Entrance</desc>
    <sym>Trail Head</sym>
  </wpt>
  <wpt lat="68.40694899697512" lon="18.673528399371207">
    <name>Accommodation – Björkliden</name>
    <desc>Accommodation</desc>
    <sym>Lodging</sym>
  </wpt>
  <wpt lat="66.34110763139947" lon="16.789345890028926">
    <name>National Park – Pieljekaise National Park</name>
    <desc>National Park</desc>
    <sym>Park</sym>
  </wpt>
  <wpt lat="67.43587166110225" lon="18.37210425631156">
    <name>National Park – Stora Sjöfallet/Stuor Muorkke National Park</name>
    <desc>National Park</desc>
    <sym>Park</sym>
  </wpt>
  <wpt lat="68.34168507776451" lon="18.747142197878134">
    <name>National Park – Abisko National Park</name>
    <desc>National Park, Wheelchair accessible, Stroller accessible, Near parking, Near Public Transport, Near toilet</desc>
    <sym>Park</sym>
  </wpt>
  <wpt lat="67.17849470454635" lon="18.140479098576776">
    <name>National Park – Sarek National Park</name>
    <desc>National Park</desc>
    <sym>Park</sym>
  </wpt>
  <wpt lat="65.76676630732129" lon="15.167579501867294">
    <name>Parking – Parkering Laisaliden Vindelfjällen</name>
    <desc>Near parking, Parking</desc>
    <sym>Parking Area</sym>
  </wpt>
  <wpt lat="66.150312" lon="16.007948">
    <name>Toilet – Dass Västra Vitnjul</name>
    <desc>Near toilet, Toilet</desc>
    <sym>Restroom</sym>
  </wpt>
  <wpt lat="65.96472639702948" lon="16.045775626983637">
    <name>Shelter – Vindskydd Tjulträsket</name>
    <desc>Shelter</desc>
    <sym>Lodging</sym>
  </wpt>
  <wpt lat="66.147942" lon="16.016219">
    <name>Toilet – Dass Östra Vitnjul</name>
    <desc>Near toilet, Toilet</desc>
    <sym>Restroom</sym>
  </wpt>
  <wpt lat="66.09636249616477" lon="16.119053777771">
    <name>Toilet – Dass Rävfallsstugan</name>
    <desc>Near toilet, Toilet</desc>
    <sym>Restroom</sym>
  </wpt>
  <wpt lat="65.89261686609387" lon="15.255826949293208">
    <name>Shelter – Vindskydd Norra Sytertoppen</name>
    <desc>Shelter</desc>
    <sym>Lodging</sym>
  </wpt>
  <wpt lat="65.94177024473143" lon="16.09417709296557">
    <name>Toilet – Dass Aigertstugan</name>
    <desc>Near toilet, Toilet</desc>
    <sym>Restroom</sym>
  </wpt>
  <wpt lat="65.822882" lon="15.120454999999993">
    <name>Cabin – Fjällfinakåtan</name>
    <desc>Cabin</desc>
    <sym>Lodging</sym>
  </wpt>
  <wpt lat="66.020916" lon="15.283723">
    <name>Toilet – Dass Glimmerstugan</name>
    <desc>Near toilet, Toilet</desc>
    <sym>Restroom</sym>
  </wpt>
  <wpt lat="65.98863155500896" lon="15.497761516725575">
    <name>Toilet – Dass Tärnasjöstugan</name>
    <desc>Near toilet, Toilet</desc>
    <sym>Restroom</sym>
  </wpt>
  <wpt lat="65.814929" lon="15.271624">
    <name>Toilet – Dass Vallentjåkke</name>
    <desc>Near toilet, Toilet</desc>
    <sym>Restroom</sym>
  </wpt>
  <wpt lat="65.867404" lon="15.495072">
    <name>Toilet – Dass Forsavan Vindelfjällen</name>
    <desc>Near toilet, Toilet</desc>
    <sym>Restroom</sym>
  </wpt>
  <wpt lat="65.818022" lon="15.352961">
    <name>Toilet – Dass Stabre Vindelfjällen</name>
    <desc>Near toilet, Toilet</desc>
    <sym>Restroom</sym>
  </wpt>
  <wpt lat="65.923168" lon="15.953707000000009">
    <name>Toilet – Dass Juovatvaretje</name>
    <desc>Near toilet, Toilet</desc>
    <sym>Restroom</sym>
  </wpt>
  <wpt lat="65.8154234636647" lon="15.1046079397202">
    <name>Information – Naturum Vindelfjällen Hemavan</name>
    <desc>Wheelchair accessible, Stroller accessible, Near parking, Near Public Transport, Near toilet, Information, Nature Center</desc>
    <sym>Information</sym>
  </wpt>
  <wpt lat="65.9573536841992" lon="16.2055742740631">
    <name>Information – Naturum Vindelfjällen Ammarnäs</name>
    <desc>Wheelchair accessible, Stroller accessible, Near parking, Near Public Transport, Near toilet, Information, Nature Center</desc>
    <sym>Information</sym>
  </wpt>
  <wpt lat="65.947547" lon="16.321334">
    <name>Rest area – Rastplats med eldstad Örnbo Vindelfjällen</name>
    <desc>Rest area, Firesite</desc>
    <sym>Picnic Area</sym>
  </wpt>
  <wpt lat="65.947305" lon="16.32244">
    <name>Rest area – Rastplats med eldstad Örnbo Vindelfjällen</name>
    <desc>Rest area, Firesite</desc>
    <sym>Picnic Area</sym>
  </wpt>
  <wpt lat="65.964824" lon="16.046467">
    <name>Rest area – Rastplats med eldstad Tjulträsket Vindelfjällen</name>
    <desc>Rest area, Firesite</desc>
    <sym>Picnic Area</sym>
  </wpt>
  <wpt lat="65.98894" lon="15.495402">
    <name>Accommodation – Lilla Tärnasjöstugan Vindelfjällen</name>
    <desc>Accommodation, Emergency telephone</desc>
    <sym>Lodging</sym>
  </wpt>
  <wpt lat="65.891585" lon="15.39759800000002">
    <name>Accommodation – Lilla Syterstugan Vindelfjällen</name>
    <desc>Accommodation, Emergency telephone</desc>
    <sym>Lodging</sym>
  </wpt>
  <wpt lat="65.954918" lon="15.891157">
    <name>Cabin – Vuomatjåhkka rastskydd</name>
    <desc>Cabin</desc>
    <sym>Lodging</sym>
  </wpt>
  <wpt lat="65.817952" lon="15.35355800000002">
    <name>Cabin – Stabre rastskydd</name>
    <desc>Cabin</desc>
    <sym>Lodging</sym>
  </wpt>
  <wpt lat="65.81487872981958" lon="15.27155594840995">
    <name>Cabin – Vallentjåkke/Marinstugan rastskydd Vindelfjällen</name>
    <desc>Cabin</desc>
    <sym>Lodging</sym>
  </wpt>
  <wpt lat="66.0954158302642" lon="16.1191107460327">
    <name>Accommodation – Rävfallsstugan Vindelfjällen</name>
    <desc>Accommodation</desc>
    <sym>Lodging</sym>
  </wpt>
  <wpt lat="66.020813" lon="15.283892">
    <name>Accommodation – Glimmerstugan Vindelfjällen</name>
    <desc>Accommodation</desc>
    <sym>Lodging</sym>
  </wpt>
  <wpt lat="65.8737802458812" lon="15.2891911594278">
    <name>Cabin – Syterskalet rastskydd</name>
    <desc>Cabin, Emergency telephone</desc>
    <sym>Lodging</sym>
  </wpt>
  <wpt lat="66.0836252582558" lon="15.5368355343628">
    <name>Accommodation – Skidbäcksstugan Vindelfjällen</name>
    <desc>Accommodation</desc>
    <sym>Lodging</sym>
  </wpt>
  <wpt lat="65.867215" lon="15.493977">
    <name>Accommodation – Stuga Forsavan Vindelfjällen</name>
    <desc>Accommodation</desc>
    <sym>Lodging</sym>
  </wpt>
  <wpt lat="65.9721" lon="15.763427">
    <name>Cabin – Lilla Servestugan Vindelfjällen</name>
    <desc>Accommodation, Cabin, Emergency telephone</desc>
    <sym>Lodging</sym>
  </wpt>
  <wpt lat="65.926434" lon="15.938270999999986">
    <name>Cabin – Juovatvaretje rastskydd</name>
    <desc>Cabin</desc>
    <sym>Lodging</sym>
  </wpt>
  <wpt lat="66.150191" lon="16.007954">
    <name>Accommodation – Västra Vitnjulstugan Vindelfjällen</name>
    <desc>Accommodation, Emergency telephone</desc>
    <sym>Lodging</sym>
  </wpt>
  <wpt lat="66.147765" lon="16.015841">
    <name>Accommodation – Östra Vitnjulstugan Vindelfjällen</name>
    <desc>Accommodation</desc>
    <sym>Lodging</sym>
  </wpt>
  <wpt lat="65.953375" lon="16.228168">
    <name>Bird watching – Fågeltorn Ammarnäsdeltat Vindelfjällen</name>
    <desc>Bird watching</desc>
    <sym>Scenic Area</sym>
  </wpt>
  <wpt lat="65.967269" lon="16.243103">
    <name>Parking – Parkering Norra Ammarnäs Vindelfjällen</name>
    <desc>Near parking, Parking</desc>
    <sym>Parking Area</sym>
  </wpt>
  <wpt lat="65.96441929323888" lon="16.178077673291597">
    <name>Nature reserve – Fårkammaren</name>
    <desc>Nature reserve</desc>
    <sym>Park</sym>
  </wpt>
  <wpt lat="65.96202124427418" lon="15.601561938132761">
    <name>Nature reserve – Vindelfjällen</name>
    <desc>Nature reserve, Near parking, Near Public Transport, Near toilet</desc>
    <sym>Park</sym>
  </wpt>
  <wpt lat="65.885067" lon="15.158082">
    <name>Lilla Viterskalsstugan,  Vindelfjällen</name>
  </wpt>
</gpx>